bundesland;schulart;schulfach;lehrplan;jahrgangsstufe;schulstufe;niveaustufe;bildungsgangniveau;niveau;stufen_quelle;rollen;klasse;eltern;knoten;knoten_uri;lehrplan_uri
Bayern;Berufsoberschule;Physik;Aspekte der Physik 12 (erweiterndes Wahlplichtfach S,W, GH, IW);Jahrgangsstufe 12;;;;;lehrplan;inhalt;http://purl.obolibrary.org/obo/BFO_0000001 | http://purl.obolibrary.org/obo/BFO_0000002 | http://purl.obolibrary.org/obo/BFO_0000031 | http://purl.obolibrary.org/obo/IAO_0000030 | http://www.w3.org/2002/07/owl#NamedIndividual | Curriculares Element | CE-Lerninhalt | Element (BY) | Inhalt zu den Kompetenzen (BY);Grundlagen der Optik;"Abbildungen mit Sammellinsen, z.&nbsp;B. Auge";https://lp-bavaria.org/ad47b4e4-df23-4dfa-9abb-982d9abc03ed;https://lp-bavaria.org/lis_live_isb.c.107113.de
Bayern;Berufsoberschule;Physik;Aspekte der Physik 12 (erweiterndes Wahlplichtfach S,W, GH, IW);Jahrgangsstufe 12;;;;;lehrplan;inhalt;http://purl.obolibrary.org/obo/BFO_0000001 | http://purl.obolibrary.org/obo/BFO_0000002 | http://purl.obolibrary.org/obo/BFO_0000031 | http://purl.obolibrary.org/obo/IAO_0000030 | http://www.w3.org/2002/07/owl#NamedIndividual | Curriculares Element | CE-Lerninhalt | Element (BY) | Inhalt zu den Kompetenzen (BY);Grundlagen der Optik;Ausbreitung von Licht, Lichtstrahl als Modell ;https://lp-bavaria.org/b1e29277-2e45-4cb3-8b01-d8aa9244d4e1;https://lp-bavaria.org/lis_live_isb.c.107113.de
Bayern;Berufsoberschule;Physik;Aspekte der Physik 12 (erweiterndes Wahlplichtfach S,W, GH, IW);Jahrgangsstufe 12;;;;;lehrplan;inhalt;http://purl.obolibrary.org/obo/BFO_0000001 | http://purl.obolibrary.org/obo/BFO_0000002 | http://purl.obolibrary.org/obo/BFO_0000031 | http://purl.obolibrary.org/obo/IAO_0000030 | http://www.w3.org/2002/07/owl#NamedIndividual | Curriculares Element | CE-Lerninhalt | Element (BY) | Inhalt zu den Kompetenzen (BY);Grundlagen der Optik;Brechungsgesetz, Totalreflexion ;https://lp-bavaria.org/ec3db87f-0094-4804-82ab-f00b3d6f72ac;https://lp-bavaria.org/lis_live_isb.c.107113.de
Bayern;Berufsoberschule;Physik;Aspekte der Physik 12 (erweiterndes Wahlplichtfach S,W, GH, IW);Jahrgangsstufe 12;;;;;lehrplan;themenbereich;http://purl.obolibrary.org/obo/BFO_0000001 | http://purl.obolibrary.org/obo/BFO_0000002 | http://purl.obolibrary.org/obo/BFO_0000031 | http://purl.obolibrary.org/obo/IAO_0000030 | http://www.w3.org/2002/07/owl#NamedIndividual | Curriculares Element | CE-Bereich | Element (BY) | Lernbereich (BY);Aspekte der Physik 12 (erweiterndes Wahlplichtfach S,W, GH, IW);Grundlagen der Optik;https://lp-bavaria.org/lis_live_isb.c.107111.de;https://lp-bavaria.org/lis_live_isb.c.107113.de
Bayern;Berufsoberschule;Physik;Aspekte der Physik 12 (erweiterndes Wahlplichtfach S,W, GH, IW);Jahrgangsstufe 12;;;;;lehrplan;inhalt;http://purl.obolibrary.org/obo/BFO_0000001 | http://purl.obolibrary.org/obo/BFO_0000002 | http://purl.obolibrary.org/obo/BFO_0000031 | http://purl.obolibrary.org/obo/IAO_0000030 | http://www.w3.org/2002/07/owl#NamedIndividual | Curriculares Element | CE-Lerninhalt | Element (BY) | Inhalt zu den Kompetenzen (BY);Grundlagen der Optik;"Kern&#x2011; und Halbschatten";https://lp-bavaria.org/3ba323cd-5db9-44f2-af81-1371e81a6c33;https://lp-bavaria.org/lis_live_isb.c.107113.de
Bayern;Berufsoberschule;Physik;Aspekte der Physik 12 (erweiterndes Wahlplichtfach S,W, GH, IW);Jahrgangsstufe 12;;;;;lehrplan;inhalt;http://purl.obolibrary.org/obo/BFO_0000001 | http://purl.obolibrary.org/obo/BFO_0000002 | http://purl.obolibrary.org/obo/BFO_0000031 | http://purl.obolibrary.org/obo/IAO_0000030 | http://www.w3.org/2002/07/owl#NamedIndividual | Curriculares Element | CE-Lerninhalt | Element (BY) | Inhalt zu den Kompetenzen (BY);Grundlagen der Optik;Reflexionsgesetz ;https://lp-bavaria.org/51e1ce95-579d-4fd9-addb-51b2c2a198ef;https://lp-bavaria.org/lis_live_isb.c.107113.de
Bayern;Berufsoberschule;Physik;Aspekte der Physik 12 (erweiterndes Wahlplichtfach S,W, GH, IW);Jahrgangsstufe 12;;;;;lehrplan;inhalt;http://purl.obolibrary.org/obo/BFO_0000001 | http://purl.obolibrary.org/obo/BFO_0000002 | http://purl.obolibrary.org/obo/BFO_0000031 | http://purl.obolibrary.org/obo/IAO_0000030 | http://www.w3.org/2002/07/owl#NamedIndividual | Curriculares Element | CE-Lerninhalt | Element (BY) | Inhalt zu den Kompetenzen (BY);Grundlagen der Elektrizitätslehre;Wärmewirkung, magnetische Wirkung, Lichtwirkung, physiologische Wirkung des elektrischen Stroms ;https://lp-bavaria.org/88ad7540-8153-4072-87f3-65f2408b1f3a;https://lp-bavaria.org/lis_live_isb.c.107113.de
Bayern;Berufsoberschule;Physik;Aspekte der Physik 12 (erweiterndes Wahlplichtfach S,W, GH, IW);Jahrgangsstufe 12;;;;;lehrplan;kompetenz;http://purl.obolibrary.org/obo/BFO_0000001 | http://purl.obolibrary.org/obo/BFO_0000002 | http://purl.obolibrary.org/obo/BFO_0000031 | http://purl.obolibrary.org/obo/IAO_0000030 | http://www.w3.org/2002/07/owl#NamedIndividual | Curriculares Element | CE-Kompetenzspezifikation | Element (BY) | Kompetenzerwartung (BY);Grundlagen der Optik;"erklären auf Grundlage des Strahlenmodells der Lichtausbreitung die Entstehung verschiedener Schattenbereiche. Sie konstruieren hierzu Strahlengänge und erläutern damit unter anderem die Entstehung von Sonnen&#x2011; und Mondfinsternissen sowie der Mondphasen.";https://lp-bavaria.org/cd2cbe28-442a-4150-b4fb-7fd4f1b2f592;https://lp-bavaria.org/lis_live_isb.c.107113.de
Bayern;Berufsoberschule;Physik;Aspekte der Physik 12 (erweiterndes Wahlplichtfach S,W, GH, IW);Jahrgangsstufe 12;;;;;lehrplan;kompetenz;http://purl.obolibrary.org/obo/BFO_0000001 | http://purl.obolibrary.org/obo/BFO_0000002 | http://purl.obolibrary.org/obo/BFO_0000031 | http://purl.obolibrary.org/obo/IAO_0000030 | http://www.w3.org/2002/07/owl#NamedIndividual | Curriculares Element | CE-Kompetenzspezifikation | Element (BY) | Kompetenzerwartung (BY);Grundlagen der Optik;"konstruieren Strahlengänge durch Sammellinsen, überprüfen ihre Ergebnisse bezüglich der Bildgröße und &#x2011;weite experimentell und erklären damit unter anderem die Bildentstehung im Auge samt auftretender Kurz&#x2011; und Weitsichtigkeit als Sehfehler.";https://lp-bavaria.org/1b7135b3-ba4c-447a-a14b-33b09e31fcc2;https://lp-bavaria.org/lis_live_isb.c.107113.de
Bayern;Berufsoberschule;Physik;Aspekte der Physik 12 (erweiterndes Wahlplichtfach S,W, GH, IW);Jahrgangsstufe 12;;;;;lehrplan;inhalt;http://purl.obolibrary.org/obo/BFO_0000001 | http://purl.obolibrary.org/obo/BFO_0000002 | http://purl.obolibrary.org/obo/BFO_0000031 | http://purl.obolibrary.org/obo/IAO_0000030 | http://www.w3.org/2002/07/owl#NamedIndividual | Curriculares Element | CE-Lerninhalt | Element (BY) | Inhalt zu den Kompetenzen (BY);Grundlagen der Optik;"optische Geräte, z.&nbsp;B. Mikroskop, [lang=en]Newton[/lang]fernrohr, Lichtleiter ";https://lp-bavaria.org/a34a1581-5d51-4616-b54b-e1bb7d765397;https://lp-bavaria.org/lis_live_isb.c.107113.de
Bayern;Berufsoberschule;Physik;Aspekte der Physik 12 (erweiterndes Wahlplichtfach S,W, GH, IW);Jahrgangsstufe 12;;;;;lehrplan;kompetenz;http://purl.obolibrary.org/obo/BFO_0000001 | http://purl.obolibrary.org/obo/BFO_0000002 | http://purl.obolibrary.org/obo/BFO_0000031 | http://purl.obolibrary.org/obo/IAO_0000030 | http://www.w3.org/2002/07/owl#NamedIndividual | Curriculares Element | CE-Kompetenzspezifikation | Element (BY) | Kompetenzerwartung (BY);Grundlagen der Optik;"planen unter Anleitung Experimente zur Reflexion und Brechung und führen diese durch. Sie bestimmen mit den Messergebnissen den Brechungsindex und den Grenzwinkel für Totalreflexion bei unterschiedlichen optischen Medien, um damit z.&nbsp;B. die Funktionsweise von Lichtleitern zu erklären.";https://lp-bavaria.org/d3365da8-1f54-4591-b119-dff0ac62cf73;https://lp-bavaria.org/lis_live_isb.c.107113.de
Bayern;Berufsoberschule;Physik;Aspekte der Physik 12 (erweiterndes Wahlplichtfach S,W, GH, IW);Jahrgangsstufe 12;;;;;lehrplan;inhalt;http://purl.obolibrary.org/obo/BFO_0000001 | http://purl.obolibrary.org/obo/BFO_0000002 | http://purl.obolibrary.org/obo/BFO_0000031 | http://purl.obolibrary.org/obo/IAO_0000030 | http://www.w3.org/2002/07/owl#NamedIndividual | Curriculares Element | CE-Lerninhalt | Element (BY) | Inhalt zu den Kompetenzen (BY);Grundlagen der Optik;primäre und sekundäre Lichtquellen, Streuung ;https://lp-bavaria.org/560e3b42-a899-4d07-86ec-a642856c1ae5;https://lp-bavaria.org/lis_live_isb.c.107113.de
Bayern;Berufsoberschule;Physik;Aspekte der Physik 12 (erweiterndes Wahlplichtfach S,W, GH, IW);Jahrgangsstufe 12;;;;;lehrplan;kompetenz;http://purl.obolibrary.org/obo/BFO_0000001 | http://purl.obolibrary.org/obo/BFO_0000002 | http://purl.obolibrary.org/obo/BFO_0000031 | http://purl.obolibrary.org/obo/IAO_0000030 | http://www.w3.org/2002/07/owl#NamedIndividual | Curriculares Element | CE-Kompetenzspezifikation | Element (BY) | Kompetenzerwartung (BY);Grundlagen der Optik;unterscheiden zwischen primären und sekundären Lichtquellen und erklären damit den Sehvorgang als direkten oder gestreuten Lichteinfall ins Auge.;https://lp-bavaria.org/7429b9ec-cca9-498c-aba2-37652e1b6d7c;https://lp-bavaria.org/lis_live_isb.c.107113.de
Bayern;Fachoberschule;Physik;Aspekte der Physik 12 (erweiterndes Wahlplichtfach G,S,W, GH, IW);Jahrgangsstufe 12;;;;;lehrplan;inhalt;http://purl.obolibrary.org/obo/BFO_0000001 | http://purl.obolibrary.org/obo/BFO_0000002 | http://purl.obolibrary.org/obo/BFO_0000031 | http://purl.obolibrary.org/obo/IAO_0000030 | http://www.w3.org/2002/07/owl#NamedIndividual | Curriculares Element | CE-Lerninhalt | Element (BY) | Inhalt zu den Kompetenzen (BY);Grundlagen der Optik;"Abbildungen mit Sammellinsen, z.&nbsp;B. Auge";https://lp-bavaria.org/2c1af9c9-a802-4ce6-90b6-c7ac9654f97d;https://lp-bavaria.org/lis_live_isb.c.107031.de
Bayern;Fachoberschule;Physik;Aspekte der Physik 12 (erweiterndes Wahlplichtfach G,S,W, GH, IW);Jahrgangsstufe 12;;;;;lehrplan;inhalt;http://purl.obolibrary.org/obo/BFO_0000001 | http://purl.obolibrary.org/obo/BFO_0000002 | http://purl.obolibrary.org/obo/BFO_0000031 | http://purl.obolibrary.org/obo/IAO_0000030 | http://www.w3.org/2002/07/owl#NamedIndividual | Curriculares Element | CE-Lerninhalt | Element (BY) | Inhalt zu den Kompetenzen (BY);Grundlagen der Optik;Ausbreitung von Licht, Lichtstrahl als Modell ;https://lp-bavaria.org/81169e42-1978-488e-aece-e67ac017276a;https://lp-bavaria.org/lis_live_isb.c.107031.de
Bayern;Fachoberschule;Physik;Aspekte der Physik 12 (erweiterndes Wahlplichtfach G,S,W, GH, IW);Jahrgangsstufe 12;;;;;lehrplan;inhalt;http://purl.obolibrary.org/obo/BFO_0000001 | http://purl.obolibrary.org/obo/BFO_0000002 | http://purl.obolibrary.org/obo/BFO_0000031 | http://purl.obolibrary.org/obo/IAO_0000030 | http://www.w3.org/2002/07/owl#NamedIndividual | Curriculares Element | CE-Lerninhalt | Element (BY) | Inhalt zu den Kompetenzen (BY);Grundlagen der Optik;Brechungsgesetz, Totalreflexion ;https://lp-bavaria.org/229cd143-1ba9-487a-9ce5-95faba55567b;https://lp-bavaria.org/lis_live_isb.c.107031.de
Bayern;Fachoberschule;Physik;Aspekte der Physik 12 (erweiterndes Wahlplichtfach G,S,W, GH, IW);Jahrgangsstufe 12;;;;;lehrplan;themenbereich;http://purl.obolibrary.org/obo/BFO_0000001 | http://purl.obolibrary.org/obo/BFO_0000002 | http://purl.obolibrary.org/obo/BFO_0000031 | http://purl.obolibrary.org/obo/IAO_0000030 | http://www.w3.org/2002/07/owl#NamedIndividual | Curriculares Element | CE-Bereich | Element (BY) | Lernbereich (BY);Aspekte der Physik 12 (erweiterndes Wahlplichtfach G,S,W, GH, IW);Grundlagen der Optik;https://lp-bavaria.org/lis_live_isb.c.107029.de;https://lp-bavaria.org/lis_live_isb.c.107031.de
Bayern;Fachoberschule;Physik;Aspekte der Physik 12 (erweiterndes Wahlplichtfach G,S,W, GH, IW);Jahrgangsstufe 12;;;;;lehrplan;inhalt;http://purl.obolibrary.org/obo/BFO_0000001 | http://purl.obolibrary.org/obo/BFO_0000002 | http://purl.obolibrary.org/obo/BFO_0000031 | http://purl.obolibrary.org/obo/IAO_0000030 | http://www.w3.org/2002/07/owl#NamedIndividual | Curriculares Element | CE-Lerninhalt | Element (BY) | Inhalt zu den Kompetenzen (BY);Grundlagen der Optik;"Kern&#x2011; und Halbschatten";https://lp-bavaria.org/e76d1636-a454-4fc9-92d4-f6d718972fa0;https://lp-bavaria.org/lis_live_isb.c.107031.de
Bayern;Fachoberschule;Physik;Aspekte der Physik 12 (erweiterndes Wahlplichtfach G,S,W, GH, IW);Jahrgangsstufe 12;;;;;lehrplan;inhalt;http://purl.obolibrary.org/obo/BFO_0000001 | http://purl.obolibrary.org/obo/BFO_0000002 | http://purl.obolibrary.org/obo/BFO_0000031 | http://purl.obolibrary.org/obo/IAO_0000030 | http://www.w3.org/2002/07/owl#NamedIndividual | Curriculares Element | CE-Lerninhalt | Element (BY) | Inhalt zu den Kompetenzen (BY);Grundlagen der Optik;Reflexionsgesetz ;https://lp-bavaria.org/4f9bed6e-c483-46d5-9814-983d431135c5;https://lp-bavaria.org/lis_live_isb.c.107031.de
Bayern;Fachoberschule;Physik;Aspekte der Physik 12 (erweiterndes Wahlplichtfach G,S,W, GH, IW);Jahrgangsstufe 12;;;;;lehrplan;inhalt;http://purl.obolibrary.org/obo/BFO_0000001 | http://purl.obolibrary.org/obo/BFO_0000002 | http://purl.obolibrary.org/obo/BFO_0000031 | http://purl.obolibrary.org/obo/IAO_0000030 | http://www.w3.org/2002/07/owl#NamedIndividual | Curriculares Element | CE-Lerninhalt | Element (BY) | Inhalt zu den Kompetenzen (BY);Grundlagen der Elektrizitätslehre;Wärmewirkung, magnetische Wirkung, Lichtwirkung, physiologische Wirkung des elektrischen Stroms ;https://lp-bavaria.org/31cadb31-3412-40f9-8b0c-835bdd26d00c;https://lp-bavaria.org/lis_live_isb.c.107031.de
Bayern;Fachoberschule;Physik;Aspekte der Physik 12 (erweiterndes Wahlplichtfach G,S,W, GH, IW);Jahrgangsstufe 12;;;;;lehrplan;kompetenz;http://purl.obolibrary.org/obo/BFO_0000001 | http://purl.obolibrary.org/obo/BFO_0000002 | http://purl.obolibrary.org/obo/BFO_0000031 | http://purl.obolibrary.org/obo/IAO_0000030 | http://www.w3.org/2002/07/owl#NamedIndividual | Curriculares Element | CE-Kompetenzspezifikation | Element (BY) | Kompetenzerwartung (BY);Grundlagen der Optik;"erklären auf Grundlage des Strahlenmodells der Lichtausbreitung die Entstehung verschiedener Schattenbereiche. Sie konstruieren hierzu Strahlengänge und erläutern damit unter anderem die Entstehung von Sonnen&#x2011; und Mondfinsternissen sowie der Mondphasen.";https://lp-bavaria.org/dcf42ec9-2ca0-4874-97a9-3be0d1fe7546;https://lp-bavaria.org/lis_live_isb.c.107031.de
Bayern;Fachoberschule;Physik;Aspekte der Physik 12 (erweiterndes Wahlplichtfach G,S,W, GH, IW);Jahrgangsstufe 12;;;;;lehrplan;kompetenz;http://purl.obolibrary.org/obo/BFO_0000001 | http://purl.obolibrary.org/obo/BFO_0000002 | http://purl.obolibrary.org/obo/BFO_0000031 | http://purl.obolibrary.org/obo/IAO_0000030 | http://www.w3.org/2002/07/owl#NamedIndividual | Curriculares Element | CE-Kompetenzspezifikation | Element (BY) | Kompetenzerwartung (BY);Grundlagen der Optik;"konstruieren Strahlengänge durch Sammellinsen, überprüfen ihre Ergebnisse bezüglich der Bildgröße und &#x2011;weite experimentell und erklären damit unter anderem die Bildentstehung im Auge samt auftretender Kurz&#x2011; und Weitsichtigkeit als Sehfehler.";https://lp-bavaria.org/dd060f8e-0502-45a9-805d-d35d39c22ea4;https://lp-bavaria.org/lis_live_isb.c.107031.de
Bayern;Fachoberschule;Physik;Aspekte der Physik 12 (erweiterndes Wahlplichtfach G,S,W, GH, IW);Jahrgangsstufe 12;;;;;lehrplan;inhalt;http://purl.obolibrary.org/obo/BFO_0000001 | http://purl.obolibrary.org/obo/BFO_0000002 | http://purl.obolibrary.org/obo/BFO_0000031 | http://purl.obolibrary.org/obo/IAO_0000030 | http://www.w3.org/2002/07/owl#NamedIndividual | Curriculares Element | CE-Lerninhalt | Element (BY) | Inhalt zu den Kompetenzen (BY);Grundlagen der Optik;"optische Geräte, z.&nbsp;B. Mikroskop, [lang=en]Newton[/lang]fernrohr, Lichtleiter ";https://lp-bavaria.org/5daf1338-50f4-41f7-bb5a-e37451152847;https://lp-bavaria.org/lis_live_isb.c.107031.de
Bayern;Fachoberschule;Physik;Aspekte der Physik 12 (erweiterndes Wahlplichtfach G,S,W, GH, IW);Jahrgangsstufe 12;;;;;lehrplan;kompetenz;http://purl.obolibrary.org/obo/BFO_0000001 | http://purl.obolibrary.org/obo/BFO_0000002 | http://purl.obolibrary.org/obo/BFO_0000031 | http://purl.obolibrary.org/obo/IAO_0000030 | http://www.w3.org/2002/07/owl#NamedIndividual | Curriculares Element | CE-Kompetenzspezifikation | Element (BY) | Kompetenzerwartung (BY);Grundlagen der Optik;"planen unter Anleitung Experimente zur Reflexion und Brechung und führen diese durch. Sie bestimmen mit den Messergebnissen den Brechungsindex und den Grenzwinkel für Totalreflexion bei unterschiedlichen optischen Medien, um damit z.&nbsp;B. die Funktionsweise von Lichtleitern zu erklären.";https://lp-bavaria.org/ca98a878-38e6-4d8a-b7f0-33e979ad779f;https://lp-bavaria.org/lis_live_isb.c.107031.de
Bayern;Fachoberschule;Physik;Aspekte der Physik 12 (erweiterndes Wahlplichtfach G,S,W, GH, IW);Jahrgangsstufe 12;;;;;lehrplan;inhalt;http://purl.obolibrary.org/obo/BFO_0000001 | http://purl.obolibrary.org/obo/BFO_0000002 | http://purl.obolibrary.org/obo/BFO_0000031 | http://purl.obolibrary.org/obo/IAO_0000030 | http://www.w3.org/2002/07/owl#NamedIndividual | Curriculares Element | CE-Lerninhalt | Element (BY) | Inhalt zu den Kompetenzen (BY);Grundlagen der Optik;primäre und sekundäre Lichtquellen, Streuung ;https://lp-bavaria.org/2db0d8d0-07bc-445b-902e-67c9a263bd47;https://lp-bavaria.org/lis_live_isb.c.107031.de
Bayern;Fachoberschule;Physik;Aspekte der Physik 12 (erweiterndes Wahlplichtfach G,S,W, GH, IW);Jahrgangsstufe 12;;;;;lehrplan;kompetenz;http://purl.obolibrary.org/obo/BFO_0000001 | http://purl.obolibrary.org/obo/BFO_0000002 | http://purl.obolibrary.org/obo/BFO_0000031 | http://purl.obolibrary.org/obo/IAO_0000030 | http://www.w3.org/2002/07/owl#NamedIndividual | Curriculares Element | CE-Kompetenzspezifikation | Element (BY) | Kompetenzerwartung (BY);Grundlagen der Optik;unterscheiden zwischen primären und sekundären Lichtquellen und erklären damit den Sehvorgang als direkten oder gestreuten Lichteinfall ins Auge.;https://lp-bavaria.org/c7828ed1-2419-43d7-950b-1d9afe59d89f;https://lp-bavaria.org/lis_live_isb.c.107031.de
Bayern;Fachoberschule;Physik;Aspekte der Physik 13 (erweiterndes Wahlplichtfach G,S,W, GH, IW);Jahrgangsstufe 13;;;;;lehrplan;inhalt;http://purl.obolibrary.org/obo/BFO_0000001 | http://purl.obolibrary.org/obo/BFO_0000002 | http://purl.obolibrary.org/obo/BFO_0000031 | http://purl.obolibrary.org/obo/IAO_0000030 | http://www.w3.org/2002/07/owl#NamedIndividual | Curriculares Element | CE-Lerninhalt | Element (BY) | Inhalt zu den Kompetenzen (BY);Grundlagen der Wärmelehre;Energietransport durch Wärmeleitung und Wärmestrahlung, Konvektion ;https://lp-bavaria.org/3f1d7012-3fa0-4888-9a52-8fec7c424cae;https://lp-bavaria.org/lis_live_isb.c.107195.de
Bayern;Fachoberschule;Physik;Aspekte der Physik 13 (erweiterndes Wahlplichtfach G,S,W, GH, IW);Jahrgangsstufe 13;;;;;lehrplan;kompetenz;http://purl.obolibrary.org/obo/BFO_0000001 | http://purl.obolibrary.org/obo/BFO_0000002 | http://purl.obolibrary.org/obo/BFO_0000031 | http://purl.obolibrary.org/obo/IAO_0000030 | http://www.w3.org/2002/07/owl#NamedIndividual | Curriculares Element | CE-Kompetenzspezifikation | Element (BY) | Kompetenzerwartung (BY);Grundlagen der Wärmelehre;"beschreiben mit einfachen Modellvorstellungen Phänomene der Wärmeleitung und Wärmestrahlung und begründen die Konvektion in Flüssigkeiten mithilfe der infolge von Temperaturänderungen in ihnen entstehenden Dichteunterschiede, um u.&nbsp;a. die jahreszeitlich unterschiedlichen Temperaturschichtungen in Gewässern zu erklären. ";https://lp-bavaria.org/25233177-ac2c-49d0-a416-982a80671e58;https://lp-bavaria.org/lis_live_isb.c.107195.de
Bayern;Berufsoberschule;Physik;Aspekte der Physik 13 (erweiterndes Wahlplichtfach S,W, GH, IW);Jahrgangsstufe 13;;;;;lehrplan;inhalt;http://purl.obolibrary.org/obo/BFO_0000001 | http://purl.obolibrary.org/obo/BFO_0000002 | http://purl.obolibrary.org/obo/BFO_0000031 | http://purl.obolibrary.org/obo/IAO_0000030 | http://www.w3.org/2002/07/owl#NamedIndividual | Curriculares Element | CE-Lerninhalt | Element (BY) | Inhalt zu den Kompetenzen (BY);Grundlagen der Wärmelehre;Energietransport durch Wärmeleitung und Wärmestrahlung, Konvektion ;https://lp-bavaria.org/b0c9bc08-156b-4907-8a82-9e3e52ae49f7;https://lp-bavaria.org/lis_live_isb.c.107277.de
Bayern;Berufsoberschule;Physik;Aspekte der Physik 13 (erweiterndes Wahlplichtfach S,W, GH, IW);Jahrgangsstufe 13;;;;;lehrplan;kompetenz;http://purl.obolibrary.org/obo/BFO_0000001 | http://purl.obolibrary.org/obo/BFO_0000002 | http://purl.obolibrary.org/obo/BFO_0000031 | http://purl.obolibrary.org/obo/IAO_0000030 | http://www.w3.org/2002/07/owl#NamedIndividual | Curriculares Element | CE-Kompetenzspezifikation | Element (BY) | Kompetenzerwartung (BY);Grundlagen der Wärmelehre;"beschreiben mit einfachen Modellvorstellungen Phänomene der Wärmeleitung und Wärmestrahlung und begründen die Konvektion in Flüssigkeiten mithilfe der infolge von Temperaturänderungen in ihnen entstehenden Dichteunterschiede, um u.&nbsp;a. die jahreszeitlich unterschiedlichen Temperaturschichtungen in Gewässern zu erklären. ";https://lp-bavaria.org/62849488-4812-4bcd-b5d3-2980112e3141;https://lp-bavaria.org/lis_live_isb.c.107277.de
Bayern;Förderschule;Heimat- und Sachunterricht;Heimat- und Sachunterricht 1/1A/2;Jahrgangsstufe 1 | Jahrgangsstufe 2;Primarbereich;;;;lehrplan;kompetenz;http://purl.obolibrary.org/obo/BFO_0000001 | http://purl.obolibrary.org/obo/BFO_0000002 | http://purl.obolibrary.org/obo/BFO_0000031 | http://purl.obolibrary.org/obo/IAO_0000030 | http://www.w3.org/2002/07/owl#NamedIndividual | Curriculares Element | CE-Kompetenzspezifikation | Element (BY) | Kompetenzerwartung (BY);Denken und Lernstrategien;"benennen, ordnen und unterscheiden Gegenstände, indem sie visuelle und/oder taktile Merkmale wie Form, Größe, Aussehen und/oder Oberflächenbeschaffenheit berücksichtigen.
";https://lp-bavaria.org/e774e3e5-4c0d-4494-9224-8235a0f993ee;https://lp-bavaria.org/lis_live_isb.c.151622.de
Bayern;Förderschule;Heimat- und Sachunterricht;Heimat- und Sachunterricht 1/1A/2;Jahrgangsstufe 1 | Jahrgangsstufe 2;Primarbereich;;;;lehrplan;kompetenz;http://purl.obolibrary.org/obo/BFO_0000001 | http://purl.obolibrary.org/obo/BFO_0000002 | http://purl.obolibrary.org/obo/BFO_0000031 | http://purl.obolibrary.org/obo/IAO_0000030 | http://www.w3.org/2002/07/owl#NamedIndividual | Curriculares Element | CE-Kompetenzspezifikation | Element (BY) | Kompetenzerwartung (BY);Denken und Lernstrategien;erschließen sich den Aufbau des Auges, um ihre eigene Seheinschränkung einzuschätzen und deren Auswirkung zu verstehen. ;https://lp-bavaria.org/42a9dc84-ca82-486f-a324-3e8819686bbd;https://lp-bavaria.org/lis_live_isb.c.151622.de
Bayern;Förderschule;Heimat- und Sachunterricht;Heimat- und Sachunterricht 1/1A/2;Jahrgangsstufe 1 | Jahrgangsstufe 2;Primarbereich;;;;lehrplan;kompetenz;http://purl.obolibrary.org/obo/BFO_0000001 | http://purl.obolibrary.org/obo/BFO_0000002 | http://purl.obolibrary.org/obo/BFO_0000031 | http://purl.obolibrary.org/obo/IAO_0000030 | http://www.w3.org/2002/07/owl#NamedIndividual | Curriculares Element | CE-Kompetenzspezifikation | Element (BY) | Kompetenzerwartung (BY);Motorik und Wahrnehmung;"führen Untersuchungen und Dokumentationen zu ausgewählten Stoffen in Abhängigkeit von ihren visuellen und taktilen Wahrnehmungsfähigkeiten durch und nutzen hierfür zielgerichtet optische, akustische, taktile und technische Hilfsmittel (z.&nbsp;B. Bildschirmlesegeräte, Lupen, sprechendes Thermometer etc.).";https://lp-bavaria.org/4500f2ad-e7be-44be-b366-ced912d09aef;https://lp-bavaria.org/lis_live_isb.c.151622.de
Bayern;Förderschule;Heimat- und Sachunterricht;Heimat- und Sachunterricht 1/2;Jahrgangsstufe 1 | Jahrgangsstufe 2;Primarbereich;;;;lehrplan;kompetenz;http://purl.obolibrary.org/obo/BFO_0000001 | http://purl.obolibrary.org/obo/BFO_0000002 | http://purl.obolibrary.org/obo/BFO_0000031 | http://purl.obolibrary.org/obo/IAO_0000030 | http://www.w3.org/2002/07/owl#NamedIndividual | Curriculares Element | CE-Kompetenzspezifikation | Element (BY) | Kompetenzerwartung (BY);Motorik und Wahrnehmung;bestimmen die Wahrnehmung der Lage von Gegenständen im Raum durch Nachlegen, Nachzeichnen und Spiegeln von Figuren und prägen sich Raum-Lage-Begriffe multimodal ein.;https://lp-bavaria.org/b1cf00d3-df63-43b5-93d0-e0c1265a08b1;https://lp-bavaria.org/lis_live_isb.c.151626.de
Bayern;Förderschule;Heimat- und Sachunterricht;Heimat- und Sachunterricht 1/2;Jahrgangsstufe 1 | Jahrgangsstufe 2;Primarbereich;;;;lehrplan;kompetenz;http://purl.obolibrary.org/obo/BFO_0000001 | http://purl.obolibrary.org/obo/BFO_0000002 | http://purl.obolibrary.org/obo/BFO_0000031 | http://purl.obolibrary.org/obo/IAO_0000030 | http://www.w3.org/2002/07/owl#NamedIndividual | Curriculares Element | CE-Kompetenzspezifikation | Element (BY) | Kompetenzerwartung (BY);Kommunikation und Sprache;"erwerben neue Fachbegriffe durch eine vielseitige Vernetzung der Begriffe im mentalen Lexikon sowohl auf semantischer als auch auf phonologischer Ebene. Mithilfe des multimodalen Markenmix werden die Wortbedeutung (z.&nbsp;B. Funktion, Farbe, Oberbegriff) und die Wortform (z.&nbsp;B. Silbenanzahl, An- und Auslaut) der Fachbegriffe abgespeichert. ";https://lp-bavaria.org/9525f720-d594-4dc7-9737-c147da3a776b;https://lp-bavaria.org/lis_live_isb.c.151626.de
Bayern;Förderschule;Heimat- und Sachunterricht;Heimat- und Sachunterricht 1/2;Jahrgangsstufe 1 | Jahrgangsstufe 2;Primarbereich;;;;lehrplan;kompetenz;http://purl.obolibrary.org/obo/BFO_0000001 | http://purl.obolibrary.org/obo/BFO_0000002 | http://purl.obolibrary.org/obo/BFO_0000031 | http://purl.obolibrary.org/obo/IAO_0000030 | http://www.w3.org/2002/07/owl#NamedIndividual | Curriculares Element | CE-Kompetenzspezifikation | Element (BY) | Kompetenzerwartung (BY);Motorik und Wahrnehmung;"nehmen beim Vergleichen, Beschreiben, Untersuchen und Beobachten von Tieren, Pflanzen und Objekten Merkmale und Details wie Farbe, Form, Größe und räumliche Lage bewusst wahr durch gezielte Übungen zur visuellen Differenzierungsfähigkeit (z.&nbsp;B. Rate- und Tastspiele).";https://lp-bavaria.org/2cc9348f-7d0e-46eb-8dd0-2b3067040318;https://lp-bavaria.org/lis_live_isb.c.151626.de
Bayern;Förderschule;Heimat- und Sachunterricht;Heimat- und Sachunterricht 1/2;Jahrgangsstufe 1 | Jahrgangsstufe 2;Primarbereich;;;;lehrplan;kompetenz;http://purl.obolibrary.org/obo/BFO_0000001 | http://purl.obolibrary.org/obo/BFO_0000002 | http://purl.obolibrary.org/obo/BFO_0000031 | http://purl.obolibrary.org/obo/IAO_0000030 | http://www.w3.org/2002/07/owl#NamedIndividual | Curriculares Element | CE-Kompetenzspezifikation | Element (BY) | Kompetenzerwartung (BY);Motorik und Wahrnehmung;"erkennen den Wert der Sinne, indem sie Erfahrungen mit dem ganzen Körper machen (taktile, propriozeptive, auditive, visuelle und vestibuläre Wahrnehmungskanäle), und unterscheiden verschiedene Stoffe nach ihren Eigenschaften durch aktives Erkunden, z.&nbsp;B. Tasten, Sehen, Hören, Riechen. ";https://lp-bavaria.org/b2da5210-faef-4784-a97f-7e93f4541d59;https://lp-bavaria.org/lis_live_isb.c.151628.de
Bayern;Förderschule;Heimat- und Sachunterricht;Heimat- und Sachunterricht 1/2;Jahrgangsstufe 1 | Jahrgangsstufe 2;Primarbereich;;;;lehrplan;kompetenz;http://purl.obolibrary.org/obo/BFO_0000001 | http://purl.obolibrary.org/obo/BFO_0000002 | http://purl.obolibrary.org/obo/BFO_0000031 | http://purl.obolibrary.org/obo/IAO_0000030 | http://www.w3.org/2002/07/owl#NamedIndividual | Curriculares Element | CE-Kompetenzspezifikation | Element (BY) | Kompetenzerwartung (BY);Motorik und Wahrnehmung;nehmen beim Vergleichen, Beschreiben, Untersuchen und Beobachten von Tieren, Pflanzen und Objekten Merkmale und Details wie Farbe, Form, Größe und räumliche Lage bewusst wahr. Dabei verbessern sie ihre visuelle und auditive Differenzierungsfähigkeit.;https://lp-bavaria.org/bad70169-28c4-4cb7-8fc0-f6a7cbabae8c;https://lp-bavaria.org/lis_live_isb.c.151632.de
Bayern;Förderschule;Heimat- und Sachunterricht;Heimat- und Sachunterricht 1/2;Jahrgangsstufe 1 | Jahrgangsstufe 2;Primarbereich;;;;lehrplan;kompetenz;http://purl.obolibrary.org/obo/BFO_0000001 | http://purl.obolibrary.org/obo/BFO_0000002 | http://purl.obolibrary.org/obo/BFO_0000031 | http://purl.obolibrary.org/obo/IAO_0000030 | http://www.w3.org/2002/07/owl#NamedIndividual | Curriculares Element | CE-Kompetenzspezifikation | Element (BY) | Kompetenzerwartung (BY);Motorik und Wahrnehmung;nehmen die Lage von Gegenständen im Raum wahr und prägen sich Raum-Lage-Begriffe durch Nachlegen, Nachzeichnen und Spiegeln von Figuren ein.;https://lp-bavaria.org/054406dd-10de-4064-a7c5-17f202e3b32e;https://lp-bavaria.org/lis_live_isb.c.151632.de
Bayern;Grundschule;Heimat- und Sachunterricht;Heimat- und Sachunterricht 1/2;Jahrgangsstufe 1 | Jahrgangsstufe 2;Primarbereich;;;;lehrplan;inhalt;http://purl.obolibrary.org/obo/BFO_0000001 | http://purl.obolibrary.org/obo/BFO_0000002 | http://purl.obolibrary.org/obo/BFO_0000031 | http://purl.obolibrary.org/obo/IAO_0000030 | http://www.w3.org/2002/07/owl#NamedIndividual | Curriculares Element | CE-Lerninhalt | Element (BY) | Inhalt zu den Kompetenzen (BY);Räume wahrnehmen und sich orientieren;"Pläne als Abbildung von Realität (z.&nbsp;B. bei Grundrissen)";https://lp-bavaria.org/bef7df24-926a-4cd7-b81e-b2ae996af70d;https://lp-bavaria.org/lis_live_isb.c.496.de
Bayern;Grundschule;Heimat- und Sachunterricht;Heimat- und Sachunterricht 1/2;Jahrgangsstufe 1 | Jahrgangsstufe 2;Primarbereich;;;;lehrplan;kompetenz;http://purl.obolibrary.org/obo/BFO_0000001 | http://purl.obolibrary.org/obo/BFO_0000002 | http://purl.obolibrary.org/obo/BFO_0000031 | http://purl.obolibrary.org/obo/IAO_0000030 | http://www.w3.org/2002/07/owl#NamedIndividual | Curriculares Element | CE-Kompetenzspezifikation | Element (BY) | Kompetenzerwartung (BY);Tiere, Pflanzen, Lebensräume;bestimmen ausgewählte heimische Tier- und Pflanzenarten mithilfe einfacher, auf Abbildungen basierender Bestimmungshilfen. ;https://lp-bavaria.org/8174418f-0a77-4907-8468-85d69cd63c27;https://lp-bavaria.org/lis_live_isb.c.496.de
Bayern;Förderschule;Heimat- und Sachunterricht;Heimat- und Sachunterricht 1–4;Jahrgangsstufe 1 | Jahrgangsstufe 2 | Jahrgangsstufe 3 | Jahrgangsstufe 4;Primarbereich;;;;lehrplan;kompetenz;http://purl.obolibrary.org/obo/BFO_0000001 | http://purl.obolibrary.org/obo/BFO_0000002 | http://purl.obolibrary.org/obo/BFO_0000031 | http://purl.obolibrary.org/obo/IAO_0000030 | http://www.w3.org/2002/07/owl#NamedIndividual | Curriculares Element | CE-Kompetenzspezifikation | Element (BY) | Kompetenzerwartung (BY);Entwicklungsbezogene Kompetenzen;beobachten äußere Merkmale wie Farbe oder Lage im Raum. (Motorik und Wahrnehmung: visuelle Differenzierung);https://lp-bavaria.org/b13bccd1-a1a0-45e6-992d-a15f779c0f80;https://lp-bavaria.org/lis_live_isb.c.156948.de
Bayern;Förderschule;Heimat- und Sachunterricht;Heimat- und Sachunterricht 1–4;Jahrgangsstufe 1 | Jahrgangsstufe 2 | Jahrgangsstufe 3 | Jahrgangsstufe 4;Primarbereich;;;;lehrplan;kompetenz;http://purl.obolibrary.org/obo/BFO_0000001 | http://purl.obolibrary.org/obo/BFO_0000002 | http://purl.obolibrary.org/obo/BFO_0000031 | http://purl.obolibrary.org/obo/IAO_0000030 | http://www.w3.org/2002/07/owl#NamedIndividual | Curriculares Element | CE-Kompetenzspezifikation | Element (BY) | Kompetenzerwartung (BY);Motorik und Wahrnehmung;bestimmen in der Natur vorkommende Farben, Formen und Muster, nehmen sie differenziert wahr und prägen sie sich ein. (Visuelles Gedächtnis);https://lp-bavaria.org/323d9ba0-0047-47b5-bdd1-90c26dd56822;https://lp-bavaria.org/lis_live_isb.c.156948.de
Bayern;Förderschule;Heimat- und Sachunterricht;Heimat- und Sachunterricht 3/4;Jahrgangsstufe 3 | Jahrgangsstufe 4;Primarbereich;;;;lehrplan;kompetenz;http://purl.obolibrary.org/obo/BFO_0000001 | http://purl.obolibrary.org/obo/BFO_0000002 | http://purl.obolibrary.org/obo/BFO_0000031 | http://purl.obolibrary.org/obo/IAO_0000030 | http://www.w3.org/2002/07/owl#NamedIndividual | Curriculares Element | CE-Kompetenzspezifikation | Element (BY) | Kompetenzerwartung (BY);Denken und Lernstrategien;"benennen, ordnen und unterscheiden Gegenstände, indem sie visuelle und/oder taktile Merkmale wie Form, Größe, Aussehen und/oder Oberflächenbeschaffenheit berücksichtigen.
";https://lp-bavaria.org/42ad488a-895d-4149-9ff2-f037afbe7373;https://lp-bavaria.org/lis_live_isb.c.151624.de
Bayern;Förderschule;Heimat- und Sachunterricht;Heimat- und Sachunterricht 3/4;Jahrgangsstufe 3 | Jahrgangsstufe 4;Primarbereich;;;;lehrplan;kompetenz;http://purl.obolibrary.org/obo/BFO_0000001 | http://purl.obolibrary.org/obo/BFO_0000002 | http://purl.obolibrary.org/obo/BFO_0000031 | http://purl.obolibrary.org/obo/IAO_0000030 | http://www.w3.org/2002/07/owl#NamedIndividual | Curriculares Element | CE-Kompetenzspezifikation | Element (BY) | Kompetenzerwartung (BY);Denken und Lernstrategien;erschließen sich den Aufbau des Auges, um ihre eigene Seheinschränkung einzuschätzen und deren Auswirkung zu verstehen. ;https://lp-bavaria.org/a20012d5-80cd-4e93-8f03-deb5d8199845;https://lp-bavaria.org/lis_live_isb.c.151624.de
Bayern;Förderschule;Heimat- und Sachunterricht;Heimat- und Sachunterricht 3/4;Jahrgangsstufe 3 | Jahrgangsstufe 4;Primarbereich;;;;lehrplan;kompetenz;http://purl.obolibrary.org/obo/BFO_0000001 | http://purl.obolibrary.org/obo/BFO_0000002 | http://purl.obolibrary.org/obo/BFO_0000031 | http://purl.obolibrary.org/obo/IAO_0000030 | http://www.w3.org/2002/07/owl#NamedIndividual | Curriculares Element | CE-Kompetenzspezifikation | Element (BY) | Kompetenzerwartung (BY);Motorik und Wahrnehmung;"führen Untersuchungen und Dokumentationen zu ausgewählten Stoffen in Abhängigkeit von ihren visuellen und taktilen Wahrnehmungsfähigkeiten durch und nutzen hierfür zielgerichtet optische, akustische, taktile und technische Hilfsmittel (z.&nbsp;B. Bildschirmlesegeräte, Lupen, sprechendes Thermometer etc.).";https://lp-bavaria.org/cae3f85a-6b1f-4579-83c7-7465090a3160;https://lp-bavaria.org/lis_live_isb.c.151624.de
Bayern;Förderschule;Heimat- und Sachunterricht;Heimat- und Sachunterricht 3/4;Jahrgangsstufe 3 | Jahrgangsstufe 4;Primarbereich;;;;lehrplan;kompetenz;http://purl.obolibrary.org/obo/BFO_0000001 | http://purl.obolibrary.org/obo/BFO_0000002 | http://purl.obolibrary.org/obo/BFO_0000031 | http://purl.obolibrary.org/obo/IAO_0000030 | http://www.w3.org/2002/07/owl#NamedIndividual | Curriculares Element | CE-Kompetenzspezifikation | Element (BY) | Kompetenzerwartung (BY);Kommunikation und Sprache;"erwerben neue Fachbegriffe durch eine vielseitige Vernetzung der Begriffe im mentalen Lexikon sowohl auf semantischer als auch auf phonologischer Ebene. Mithilfe des multimodalen Markenmix werden die Wortbedeutung (z.&nbsp;B. Funktion, Farbe, Oberbegriff) und die Wortform (z.&nbsp;B. Silbenanzahl, An- und Auslaut) der Fachbegriffe abgespeichert. ";https://lp-bavaria.org/5cfdaad4-e658-4545-8a40-1ac60ddad38f;https://lp-bavaria.org/lis_live_isb.c.151634.de
Bayern;Förderschule;Heimat- und Sachunterricht;Heimat- und Sachunterricht 3/4;Jahrgangsstufe 3 | Jahrgangsstufe 4;Primarbereich;;;;lehrplan;kompetenz;http://purl.obolibrary.org/obo/BFO_0000001 | http://purl.obolibrary.org/obo/BFO_0000002 | http://purl.obolibrary.org/obo/BFO_0000031 | http://purl.obolibrary.org/obo/IAO_0000030 | http://www.w3.org/2002/07/owl#NamedIndividual | Curriculares Element | CE-Kompetenzspezifikation | Element (BY) | Kompetenzerwartung (BY);Motorik und Wahrnehmung;"nehmen beim Vergleichen, Beschreiben, Untersuchen und Beobachten von Tieren, Pflanzen und Objekten Merkmale und Details wie Farbe, Form, Größe und räumliche Lage bewusst wahr durch gezielte Übungen zur visuellen Differenzierungsfähigkeit (z.&nbsp;B. Rate- und Tastspiele).";https://lp-bavaria.org/62c5bf2e-ae2a-40a3-a4f9-063b89b3f730;https://lp-bavaria.org/lis_live_isb.c.151634.de
Bayern;Förderschule;Heimat- und Sachunterricht;Heimat- und Sachunterricht 3/4;Jahrgangsstufe 3 | Jahrgangsstufe 4;Primarbereich;;;;lehrplan;kompetenz;http://purl.obolibrary.org/obo/BFO_0000001 | http://purl.obolibrary.org/obo/BFO_0000002 | http://purl.obolibrary.org/obo/BFO_0000031 | http://purl.obolibrary.org/obo/IAO_0000030 | http://www.w3.org/2002/07/owl#NamedIndividual | Curriculares Element | CE-Kompetenzspezifikation | Element (BY) | Kompetenzerwartung (BY);Motorik und Wahrnehmung;"erkennen den Wert der Sinne, indem sie Erfahrungen mit dem ganzen Körper machen (taktile, propriozeptive, auditive, visuelle und vestibuläre Wahrnehmungskanäle), und unterscheiden verschiedene Stoffe nach ihren Eigenschaften durch aktives Erkunden, z.&nbsp;B. Tasten, Sehen, Hören, Riechen. ";https://lp-bavaria.org/72b1be7f-b230-474b-8fb4-a6cd219ce1de;https://lp-bavaria.org/lis_live_isb.c.151636.de
Bayern;Förderschule;Heimat- und Sachunterricht;Heimat- und Sachunterricht 3/4;Jahrgangsstufe 3 | Jahrgangsstufe 4;Primarbereich;;;;lehrplan;kompetenz;http://purl.obolibrary.org/obo/BFO_0000001 | http://purl.obolibrary.org/obo/BFO_0000002 | http://purl.obolibrary.org/obo/BFO_0000031 | http://purl.obolibrary.org/obo/IAO_0000030 | http://www.w3.org/2002/07/owl#NamedIndividual | Curriculares Element | CE-Kompetenzspezifikation | Element (BY) | Kompetenzerwartung (BY);Motorik und Wahrnehmung;nehmen beim Vergleichen, Beschreiben, Untersuchen und Beobachten von Tieren, Pflanzen und Objekten Merkmale und Details wie Farbe, Form, Größe und räumliche Lage bewusst wahr. Dabei verbessern sie ihre visuelle und auditive Differenzierungsfähigkeit.;https://lp-bavaria.org/79edab68-f24a-465e-994f-f7fb2e25aad4;https://lp-bavaria.org/lis_live_isb.c.151640.de
Bayern;Förderschule;Heimat- und Sachunterricht;Heimat- und Sachunterricht 3/4;Jahrgangsstufe 3 | Jahrgangsstufe 4;Primarbereich;;;;lehrplan;kompetenz;http://purl.obolibrary.org/obo/BFO_0000001 | http://purl.obolibrary.org/obo/BFO_0000002 | http://purl.obolibrary.org/obo/BFO_0000031 | http://purl.obolibrary.org/obo/IAO_0000030 | http://www.w3.org/2002/07/owl#NamedIndividual | Curriculares Element | CE-Kompetenzspezifikation | Element (BY) | Kompetenzerwartung (BY);Motorik und Wahrnehmung;nehmen die Lage von Gegenständen im Raum wahr und prägen sich Raum-Lage-Begriffe durch Nachlegen, Nachzeichnen und Spiegeln von Figuren ein.;https://lp-bavaria.org/fecc332c-43db-43b8-8013-5c162f9712c3;https://lp-bavaria.org/lis_live_isb.c.151640.de
Bayern;Grundschule;Heimat- und Sachunterricht;Heimat- und Sachunterricht 3/4;Jahrgangsstufe 3 | Jahrgangsstufe 4;Primarbereich;;;;lehrplan;kompetenz;http://purl.obolibrary.org/obo/BFO_0000001 | http://purl.obolibrary.org/obo/BFO_0000002 | http://purl.obolibrary.org/obo/BFO_0000031 | http://purl.obolibrary.org/obo/IAO_0000030 | http://www.w3.org/2002/07/owl#NamedIndividual | Curriculares Element | CE-Kompetenzspezifikation | Element (BY) | Kompetenzerwartung (BY);Körper und Entwicklung;beschreiben Aufbau, Funktionsweise und Schutz des Auges. ;https://lp-bavaria.org/0abffd4c-8dfd-4822-9b0d-c6cbf68db64d;https://lp-bavaria.org/lis_live_isb.c.498.de
Bayern;Grundschule;Heimat- und Sachunterricht;Heimat- und Sachunterricht 3/4;Jahrgangsstufe 3 | Jahrgangsstufe 4;Primarbereich;;;;lehrplan;inhalt;http://purl.obolibrary.org/obo/BFO_0000001 | http://purl.obolibrary.org/obo/BFO_0000002 | http://purl.obolibrary.org/obo/BFO_0000031 | http://purl.obolibrary.org/obo/IAO_0000030 | http://www.w3.org/2002/07/owl#NamedIndividual | Curriculares Element | CE-Lerninhalt | Element (BY) | Inhalt zu den Kompetenzen (BY);Körper und Entwicklung;das Auge;https://lp-bavaria.org/6a073d54-b6ae-4b00-8ee3-a1045e96ca0d;https://lp-bavaria.org/lis_live_isb.c.498.de
Bayern;Grundschule;Heimat- und Sachunterricht;Heimat- und Sachunterricht 3/4;Jahrgangsstufe 3 | Jahrgangsstufe 4;Primarbereich;;;;lehrplan;kompetenz;http://purl.obolibrary.org/obo/BFO_0000001 | http://purl.obolibrary.org/obo/BFO_0000002 | http://purl.obolibrary.org/obo/BFO_0000031 | http://purl.obolibrary.org/obo/IAO_0000030 | http://www.w3.org/2002/07/owl#NamedIndividual | Curriculares Element | CE-Kompetenzspezifikation | Element (BY) | Kompetenzerwartung (BY);Zusammenleben in Familie, Schule und Gemeinschaft;reflektieren ihre Rechte und Pflichten innerhalb der Gemeinschaft und übernehmen Verantwortung in der Klasse und der Schule. ;https://lp-bavaria.org/6efb6862-91cc-4e05-b3c4-39669b89424c;https://lp-bavaria.org/lis_live_isb.c.498.de
Bayern;Grundschule;Heimat- und Sachunterricht;Heimat- und Sachunterricht 3/4;Jahrgangsstufe 3 | Jahrgangsstufe 4;Primarbereich;;;;lehrplan;kompetenz;http://purl.obolibrary.org/obo/BFO_0000001 | http://purl.obolibrary.org/obo/BFO_0000002 | http://purl.obolibrary.org/obo/BFO_0000031 | http://purl.obolibrary.org/obo/IAO_0000030 | http://www.w3.org/2002/07/owl#NamedIndividual | Curriculares Element | CE-Kompetenzspezifikation | Element (BY) | Kompetenzerwartung (BY);Tiere, Pflanzen, Lebensräume;"untersuchen mit einfachen Hilfsmitteln Umweltfaktoren (z.&nbsp;B. Temperatur, Lichtverhältnisse, Boden) und deuten sie als Ursachen für unterschiedliche Lebensbedingungen von Tier- und Pflanzenarten. ";https://lp-bavaria.org/ff18e0f6-9919-47bd-85d4-4325e9ec104f;https://lp-bavaria.org/lis_live_isb.c.498.de
Bayern;Realschule;Physik;Physik 10 (I);Jahrgangsstufe 10;Sekundarbereich I;;;;lehrplan;inhalt;http://purl.obolibrary.org/obo/BFO_0000001 | http://purl.obolibrary.org/obo/BFO_0000002 | http://purl.obolibrary.org/obo/BFO_0000031 | http://purl.obolibrary.org/obo/IAO_0000030 | http://www.w3.org/2002/07/owl#NamedIndividual | Curriculares Element | CE-Lerninhalt | Element (BY) | Inhalt zu den Kompetenzen (BY);Atom- und Kernphysik;Arten, Eigenschaften und Nachweismethoden radioaktiver Strahlung;https://lp-bavaria.org/ca8241ac-82c5-4837-918f-93d9cb1d1e49;https://lp-bavaria.org/lis_live_isb.c.1628.de
Bayern;Realschule;Physik;Physik 10 (I);Jahrgangsstufe 10;Sekundarbereich I;;;;lehrplan;inhalt;http://purl.obolibrary.org/obo/BFO_0000001 | http://purl.obolibrary.org/obo/BFO_0000002 | http://purl.obolibrary.org/obo/BFO_0000031 | http://purl.obolibrary.org/obo/IAO_0000030 | http://www.w3.org/2002/07/owl#NamedIndividual | Curriculares Element | CE-Lerninhalt | Element (BY) | Inhalt zu den Kompetenzen (BY);Atom- und Kernphysik;Gefahren der radioaktiven Strahlung: Strahlenquellen, Strahlenbelastung, Energiedosis, Äquivalentdosis, Strahlenschäden, Strahlenschutz;https://lp-bavaria.org/6f7ddf7a-db98-4a92-b94c-e0cc685db26a;https://lp-bavaria.org/lis_live_isb.c.1628.de
Bayern;Realschule;Physik;Physik 10 (I);Jahrgangsstufe 10;Sekundarbereich I;;;;lehrplan;inhalt;http://purl.obolibrary.org/obo/BFO_0000001 | http://purl.obolibrary.org/obo/BFO_0000002 | http://purl.obolibrary.org/obo/BFO_0000031 | http://purl.obolibrary.org/obo/IAO_0000030 | http://www.w3.org/2002/07/owl#NamedIndividual | Curriculares Element | CE-Lerninhalt | Element (BY) | Inhalt zu den Kompetenzen (BY);Atom- und Kernphysik;Nutzen der radioaktiven Strahlung;https://lp-bavaria.org/963d8a6d-a5fa-4754-ab0a-9f678d5428c2;https://lp-bavaria.org/lis_live_isb.c.1628.de
Bayern;Realschule;Physik;Physik 10 (I);Jahrgangsstufe 10;Sekundarbereich I;;;;lehrplan;kompetenz;http://purl.obolibrary.org/obo/BFO_0000001 | http://purl.obolibrary.org/obo/BFO_0000002 | http://purl.obolibrary.org/obo/BFO_0000031 | http://purl.obolibrary.org/obo/IAO_0000030 | http://www.w3.org/2002/07/owl#NamedIndividual | Curriculares Element | CE-Kompetenzspezifikation | Element (BY) | Kompetenzerwartung (BY);Atom- und Kernphysik;beantworten weiterführende Fragestellungen auch zum Aufbau von Atomen, von Atomkernen und der Kernbausteine (Quarks), indem sie sich weitgehend selbständig anhand geeigneter Quellen über Themengebiete der Atom- und Kernphysik informieren. Sie nutzen das erweiterte Atommodell, um ihre Kenntnisse (Entdeckung der Radioaktivität, α-, β- und γ-Strahlung und ihre Eigenschaften, Möglichkeiten der Trennung und des Nachweises der Strahlungsarten, ...) in einen größeren Kontext zu stellen.;https://lp-bavaria.org/7328119f-3c0e-4d20-9820-a0c320bfa0dc;https://lp-bavaria.org/lis_live_isb.c.1628.de
Bayern;Realschule;Physik;Physik 10 (I);Jahrgangsstufe 10;Sekundarbereich I;;;;lehrplan;kompetenz;http://purl.obolibrary.org/obo/BFO_0000001 | http://purl.obolibrary.org/obo/BFO_0000002 | http://purl.obolibrary.org/obo/BFO_0000031 | http://purl.obolibrary.org/obo/IAO_0000030 | http://www.w3.org/2002/07/owl#NamedIndividual | Curriculares Element | CE-Kompetenzspezifikation | Element (BY) | Kompetenzerwartung (BY);Atom- und Kernphysik;beschreiben den α- und β-Zerfall (als Zerfall unter Aussendung von Teilchenstrahlung) und den γ-Zerfall (als Übergang eines Atomkerns vom metastabilen in den stabilen Zustand unter Abgabe von Energie). Mithilfe der Äquivalenz von Masse und Energie begründen sie den Massendefekt.;https://lp-bavaria.org/f0b68a05-1a39-41a5-afeb-a54ab448054b;https://lp-bavaria.org/lis_live_isb.c.1628.de
Bayern;Realschule;Physik;Physik 10 (II/III);Jahrgangsstufe 10;Sekundarbereich I;;;;lehrplan;inhalt;http://purl.obolibrary.org/obo/BFO_0000001 | http://purl.obolibrary.org/obo/BFO_0000002 | http://purl.obolibrary.org/obo/BFO_0000031 | http://purl.obolibrary.org/obo/IAO_0000030 | http://www.w3.org/2002/07/owl#NamedIndividual | Curriculares Element | CE-Lerninhalt | Element (BY) | Inhalt zu den Kompetenzen (BY);Atom- und Kernphysik;Arten, Eigenschaften und Nachweis radioaktiver Strahlung;https://lp-bavaria.org/2dd598a0-3388-43b5-afa5-b7146baf62d4;https://lp-bavaria.org/lis_live_isb.c.1631.de
Bayern;Realschule;Physik;Physik 10 (II/III);Jahrgangsstufe 10;Sekundarbereich I;;;;lehrplan;inhalt;http://purl.obolibrary.org/obo/BFO_0000001 | http://purl.obolibrary.org/obo/BFO_0000002 | http://purl.obolibrary.org/obo/BFO_0000031 | http://purl.obolibrary.org/obo/IAO_0000030 | http://www.w3.org/2002/07/owl#NamedIndividual | Curriculares Element | CE-Lerninhalt | Element (BY) | Inhalt zu den Kompetenzen (BY);Atom- und Kernphysik;Nutzen und Gefahren der radioaktiven Strahlung;https://lp-bavaria.org/c57eb312-a99d-4bda-9d0a-0df5c05d8233;https://lp-bavaria.org/lis_live_isb.c.1631.de
Bayern;Realschule;Physik;Physik 10 (II/III);Jahrgangsstufe 10;Sekundarbereich I;;;;lehrplan;inhalt;http://purl.obolibrary.org/obo/BFO_0000001 | http://purl.obolibrary.org/obo/BFO_0000002 | http://purl.obolibrary.org/obo/BFO_0000031 | http://purl.obolibrary.org/obo/IAO_0000030 | http://www.w3.org/2002/07/owl#NamedIndividual | Curriculares Element | CE-Lerninhalt | Element (BY) | Inhalt zu den Kompetenzen (BY);Energieversorgung;Wärmekraftmaschinen: Otto- und Dieselmotor, Dampfturbine oder Strahltriebwerk;https://lp-bavaria.org/9c15f8c9-db9d-4de1-963b-31a807df2890;https://lp-bavaria.org/lis_live_isb.c.1631.de
Bayern;Realschule;Physik;Physik 10 (II/III);Jahrgangsstufe 10;Sekundarbereich I;;;;lehrplan;kompetenz;http://purl.obolibrary.org/obo/BFO_0000001 | http://purl.obolibrary.org/obo/BFO_0000002 | http://purl.obolibrary.org/obo/BFO_0000031 | http://purl.obolibrary.org/obo/IAO_0000030 | http://www.w3.org/2002/07/owl#NamedIndividual | Curriculares Element | CE-Kompetenzspezifikation | Element (BY) | Kompetenzerwartung (BY);Atom- und Kernphysik;beantworten Fragestellungen zu Entdeckung der Radioaktivität, zur α-, β- und γ-Strahlung und ihren Eigenschaften und zu den radioaktiven Zerfällen, indem sie sich weitgehend selbständig anhand geeigneter Quellen über diese Themengebiete informieren. Diese Informationen bereiten sie adressatengerecht auf und präsentieren sie unter Verwendung der Fachsprache und geeigneter Darstellungsformen.;https://lp-bavaria.org/ee8b2cd4-cb36-4c44-a896-255960a5ad79;https://lp-bavaria.org/lis_live_isb.c.1631.de
Bayern;Gymnasium;Physik;Physik 10 – Physikalische Erkenntnisse und Arbeitsweisen für technische Entwicklungen nutzen;Jahrgangsstufe 10;Sekundarbereich I;;;;lehrplan;inhalt;http://purl.obolibrary.org/obo/BFO_0000001 | http://purl.obolibrary.org/obo/BFO_0000002 | http://purl.obolibrary.org/obo/BFO_0000031 | http://purl.obolibrary.org/obo/IAO_0000030 | http://www.w3.org/2002/07/owl#NamedIndividual | Curriculares Element | CE-Lerninhalt | Element (BY) | Inhalt zu den Kompetenzen (BY);Kernphysik;biologische Strahlenwirkung, Strahlenschutzmaßnahmen;https://lp-bavaria.org/0793ca20-6a4d-4530-9268-ea6c522cfb5f;https://lp-bavaria.org/lis_live_isb.c.219152.de
Bayern;Gymnasium;Physik;Physik 10 – Physikalische Erkenntnisse und Arbeitsweisen für technische Entwicklungen nutzen;Jahrgangsstufe 10;Sekundarbereich I;;;;lehrplan;kompetenz;http://purl.obolibrary.org/obo/BFO_0000001 | http://purl.obolibrary.org/obo/BFO_0000002 | http://purl.obolibrary.org/obo/BFO_0000031 | http://purl.obolibrary.org/obo/IAO_0000030 | http://www.w3.org/2002/07/owl#NamedIndividual | Curriculares Element | CE-Kompetenzspezifikation | Element (BY) | Kompetenzerwartung (BY);Kernphysik;"formulieren auf der Grundlage ihrer Kenntnisse eine eigene Bewertung zu einem Thema aus dem Bereich Radioaktivität (z.&nbsp;B. medizinische Anwendung und biologische Strahlenwirkung) und beziehen außerfachliche Aspekte mit ein. ";https://lp-bavaria.org/4a2f1c0c-4467-400d-85b0-6a6aed8f771d;https://lp-bavaria.org/lis_live_isb.c.219152.de
Bayern;Gymnasium;Physik;Physik 10 – Physikalische Erkenntnisse und Arbeitsweisen für technische Entwicklungen nutzen;Jahrgangsstufe 10;Sekundarbereich I;;;;lehrplan;inhalt;http://purl.obolibrary.org/obo/BFO_0000001 | http://purl.obolibrary.org/obo/BFO_0000002 | http://purl.obolibrary.org/obo/BFO_0000031 | http://purl.obolibrary.org/obo/IAO_0000030 | http://www.w3.org/2002/07/owl#NamedIndividual | Curriculares Element | CE-Lerninhalt | Element (BY) | Inhalt zu den Kompetenzen (BY);Kernphysik;"grundlegende Eigenschaften und Entstehung von α-, β<sup>-</sup>- und γ&#8209;Strahlung";https://lp-bavaria.org/a16a4798-4571-4648-a2c5-fd1f8b6fd334;https://lp-bavaria.org/lis_live_isb.c.219152.de
Bayern;Gymnasium;Physik;Physik 10 – Physikalische Erkenntnisse und Arbeitsweisen für technische Entwicklungen nutzen;Jahrgangsstufe 10;Sekundarbereich I;;;;lehrplan;kompetenz;http://purl.obolibrary.org/obo/BFO_0000001 | http://purl.obolibrary.org/obo/BFO_0000002 | http://purl.obolibrary.org/obo/BFO_0000031 | http://purl.obolibrary.org/obo/IAO_0000030 | http://www.w3.org/2002/07/owl#NamedIndividual | Curriculares Element | CE-Kompetenzspezifikation | Element (BY) | Kompetenzerwartung (BY);Kernphysik;"recherchieren selbständig in unterschiedlichen Quellen zu Themen der Kernphysik (z.&nbsp;B. Entdeckung und Nachweis der Radioaktivität, Eigenschaften der Strahlungsarten, Quarks) und ordnen die gesichteten Quellen in Bezug auf die vorgegebene Aufgabenstellung nach dem Grad ihrer Verwendbarkeit.";https://lp-bavaria.org/d3c2faa5-d397-4077-b5f8-b8ee62f84ef1;https://lp-bavaria.org/lis_live_isb.c.219152.de
Bayern;Gymnasium;Physik;Physik 10 – Physikalische Erkenntnisse und Arbeitsweisen für technische Entwicklungen nutzen;Jahrgangsstufe 10;Sekundarbereich I;;;;lehrplan;kompetenz;http://purl.obolibrary.org/obo/BFO_0000001 | http://purl.obolibrary.org/obo/BFO_0000002 | http://purl.obolibrary.org/obo/BFO_0000031 | http://purl.obolibrary.org/obo/IAO_0000030 | http://www.w3.org/2002/07/owl#NamedIndividual | Curriculares Element | CE-Kompetenzspezifikation | Element (BY) | Kompetenzerwartung (BY);Kernphysik;"stellen Zerfallsgleichungen zu α- und β<sup>-</sup>&#8209;Zerfällen auf, deuten die γ&#8209;Strahlung als eine vom Kern abgegebene Strahlung aus energiereichen Photonen und führen die Umwandlungen der Kerne auf den Aufbau der Nukleonen aus Quarks zurück.";https://lp-bavaria.org/56376122-cddc-467c-b531-1e9b2a49037e;https://lp-bavaria.org/lis_live_isb.c.219152.de
Bayern;Gymnasium;Physik;Physik 11 – Das physikalische Weltbild im Wandel;Jahrgangsstufe 11;;;;;lehrplan;inhalt;http://purl.obolibrary.org/obo/BFO_0000001 | http://purl.obolibrary.org/obo/BFO_0000002 | http://purl.obolibrary.org/obo/BFO_0000031 | http://purl.obolibrary.org/obo/IAO_0000030 | http://www.w3.org/2002/07/owl#NamedIndividual | Curriculares Element | CE-Lerninhalt | Element (BY) | Inhalt zu den Kompetenzen (BY);Photovoltaik in Anwendungen;"//Schülerexperiment: U&#8209;I&#8209;Kennlinie und elektrische Leistung einer Solarzelle in Abhängigkeit von der Bestrahlungsstärke\\";https://lp-bavaria.org/2fb8a8b8-e6a2-4986-a76e-80b9d13f722d;https://lp-bavaria.org/lis_live_isb.c.219217.de
Bayern;Gymnasium;Physik;Physik 11 – Das physikalische Weltbild im Wandel;Jahrgangsstufe 11;;;;;lehrplan;inhalt;http://purl.obolibrary.org/obo/BFO_0000001 | http://purl.obolibrary.org/obo/BFO_0000002 | http://purl.obolibrary.org/obo/BFO_0000031 | http://purl.obolibrary.org/obo/IAO_0000030 | http://www.w3.org/2002/07/owl#NamedIndividual | Curriculares Element | CE-Lerninhalt | Element (BY) | Inhalt zu den Kompetenzen (BY);Schwingungen und Wellen;Abgrenzung von Photonen- und Wellenmodell des Lichts;https://lp-bavaria.org/df9576a5-776e-483f-a174-1b2d49d8df1b;https://lp-bavaria.org/lis_live_isb.c.219217.de
Bayern;Gymnasium;Physik;Physik 11 – Das physikalische Weltbild im Wandel;Jahrgangsstufe 11;;;;;lehrplan;inhalt;http://purl.obolibrary.org/obo/BFO_0000001 | http://purl.obolibrary.org/obo/BFO_0000002 | http://purl.obolibrary.org/obo/BFO_0000031 | http://purl.obolibrary.org/obo/IAO_0000030 | http://www.w3.org/2002/07/owl#NamedIndividual | Curriculares Element | CE-Lerninhalt | Element (BY) | Inhalt zu den Kompetenzen (BY);Schwingungen und Wellen;Beugung, Superpositionsprinzip, Zweistrahlinterferenz und Gangunterschiede für konstruktive und destruktive Interferenz, stehende Wellen;https://lp-bavaria.org/cee1a382-36bc-4832-ab91-ceaa2c698bdb;https://lp-bavaria.org/lis_live_isb.c.219217.de
Bayern;Gymnasium;Physik;Physik 11 – Das physikalische Weltbild im Wandel;Jahrgangsstufe 11;;;;;lehrplan;inhalt;http://purl.obolibrary.org/obo/BFO_0000001 | http://purl.obolibrary.org/obo/BFO_0000002 | http://purl.obolibrary.org/obo/BFO_0000031 | http://purl.obolibrary.org/obo/IAO_0000030 | http://www.w3.org/2002/07/owl#NamedIndividual | Curriculares Element | CE-Lerninhalt | Element (BY) | Inhalt zu den Kompetenzen (BY);Vertiefung prozessbezogener Kompetenzen anhand ausgewählter weiterer Inhalte;"Vertiefende Betrachtungen zum Thema Licht, insbesondere im Hinblick auf technische Anwendungen, z.&nbsp;B. Grundlagen der Datenübertragung mithilfe von Licht";https://lp-bavaria.org/ef763f28-eaad-401b-9a27-e67c955dece7;https://lp-bavaria.org/lis_live_isb.c.219217.de
Bayern;Gymnasium;Physik;Physik 11 – Das physikalische Weltbild im Wandel;Jahrgangsstufe 11;;;;;lehrplan;inhalt;http://purl.obolibrary.org/obo/BFO_0000001 | http://purl.obolibrary.org/obo/BFO_0000002 | http://purl.obolibrary.org/obo/BFO_0000031 | http://purl.obolibrary.org/obo/IAO_0000030 | http://www.w3.org/2002/07/owl#NamedIndividual | Curriculares Element | CE-Lerninhalt | Element (BY) | Inhalt zu den Kompetenzen (BY);Schwingungen und Wellen;Wellenmodell des Lichts und Interferenz am Doppelspalt;https://lp-bavaria.org/a3ac67e7-8411-43b6-8657-2004ceb1f129;https://lp-bavaria.org/lis_live_isb.c.219217.de
Bayern;Gymnasium;Physik;Physik 11 – Das physikalische Weltbild im Wandel;Jahrgangsstufe 11;;;;;lehrplan;kompetenz;http://purl.obolibrary.org/obo/BFO_0000001 | http://purl.obolibrary.org/obo/BFO_0000002 | http://purl.obolibrary.org/obo/BFO_0000031 | http://purl.obolibrary.org/obo/IAO_0000030 | http://www.w3.org/2002/07/owl#NamedIndividual | Curriculares Element | CE-Kompetenzspezifikation | Element (BY) | Kompetenzerwartung (BY);Photovoltaik in Anwendungen;"untersuchen experimentell die U&#8209;I&#8209;Kennlinie einer Solarzelle in Abhängigkeit von der Bestrahlungsstärke und ermitteln den Maximum&#8209;Power&#8209;Point. Sie erkennen die Untersuchung der physikalischen Eigenschaften eines Objekts als eine Funktion physikalischer Experimente.";https://lp-bavaria.org/fc21a856-f471-400d-a83a-de67c20cc6df;https://lp-bavaria.org/lis_live_isb.c.219217.de
Bayern;Gymnasium;Physik;Physik 11 – Das physikalische Weltbild im Wandel;Jahrgangsstufe 11;;;;;lehrplan;kompetenz;http://purl.obolibrary.org/obo/BFO_0000001 | http://purl.obolibrary.org/obo/BFO_0000002 | http://purl.obolibrary.org/obo/BFO_0000031 | http://purl.obolibrary.org/obo/IAO_0000030 | http://www.w3.org/2002/07/owl#NamedIndividual | Curriculares Element | CE-Kompetenzspezifikation | Element (BY) | Kompetenzerwartung (BY);Schwingungen und Wellen;untersuchen monochromatisches Licht am Doppelspalt, interpretieren das Schirmbild qualitativ mithilfe des Wellenmodells und formulieren einen Zusammenhang zwischen Farbe und Wellenlänge des Lichts.;https://lp-bavaria.org/6556afdb-f3a1-415d-8834-56af3fa6b99a;https://lp-bavaria.org/lis_live_isb.c.219217.de
Bayern;Gymnasium;Physik;Physik 11 – Das physikalische Weltbild im Wandel;Jahrgangsstufe 11;;;;;lehrplan;kompetenz;http://purl.obolibrary.org/obo/BFO_0000001 | http://purl.obolibrary.org/obo/BFO_0000002 | http://purl.obolibrary.org/obo/BFO_0000031 | http://purl.obolibrary.org/obo/IAO_0000030 | http://www.w3.org/2002/07/owl#NamedIndividual | Curriculares Element | CE-Kompetenzspezifikation | Element (BY) | Kompetenzerwartung (BY);Schwingungen und Wellen;vergleichen das Photonen- und das Wellenmodell des Lichts, insbesondere unter dem Aspekt ihrer jeweiligen Anwendbarkeit.;https://lp-bavaria.org/e0aaf4dc-1eca-46b6-8f62-9414fb778192;https://lp-bavaria.org/lis_live_isb.c.219217.de
Bayern;Berufsoberschule;Physik;Physik 12 (T);Jahrgangsstufe 12;;;;;lehrplan;inhalt;http://purl.obolibrary.org/obo/BFO_0000001 | http://purl.obolibrary.org/obo/BFO_0000002 | http://purl.obolibrary.org/obo/BFO_0000031 | http://purl.obolibrary.org/obo/IAO_0000030 | http://www.w3.org/2002/07/owl#NamedIndividual | Curriculares Element | CE-Lerninhalt | Element (BY) | Inhalt zu den Kompetenzen (BY);Mechanische Schwingungen und Wellen;"Eigenschwingungen und Eigenfrequenzen, Reflexion am festen und freien Ende, Versuch mit eingespanntem Seil, Alltagsphänomene, z.&nbsp;B. Orgelpfeifen (Kundt'sche Röhre), Vibrationen im Auto";https://lp-bavaria.org/afba0844-6b2d-49b0-920c-7faa470abda6;https://lp-bavaria.org/lis_live_isb.c.107350.de
Bayern;Berufsoberschule;Physik;Physik 12 (T);Jahrgangsstufe 12;;;;;lehrplan;kompetenz;http://purl.obolibrary.org/obo/BFO_0000001 | http://purl.obolibrary.org/obo/BFO_0000002 | http://purl.obolibrary.org/obo/BFO_0000031 | http://purl.obolibrary.org/obo/IAO_0000030 | http://www.w3.org/2002/07/owl#NamedIndividual | Curriculares Element | CE-Kompetenzspezifikation | Element (BY) | Kompetenzerwartung (BY);Mechanische Schwingungen und Wellen;erläutern für den Fall eindimensionaler Eigenschwingungen das Zustandekommen von Resonanzschwingungen durch die mathematische Betrachtung der Phasenausbreitung. Dabei unterscheiden sie Reflexionen am festen und losen Ende und stellen einen quantitativen Zusammenhang zwischen den Abmessungen eindimensionaler Resonatoren und möglichen Eigenfrequenzen her, um beispielsweise die Tonerzeugung in Orgelpfeifen nachzuvollziehen.;https://lp-bavaria.org/e6ce1e63-2c41-4627-97e1-cb418b63030a;https://lp-bavaria.org/lis_live_isb.c.107350.de
Bayern;Fachoberschule;Physik;Physik 12 (T);Jahrgangsstufe 12;;;;;lehrplan;inhalt;http://purl.obolibrary.org/obo/BFO_0000001 | http://purl.obolibrary.org/obo/BFO_0000002 | http://purl.obolibrary.org/obo/BFO_0000031 | http://purl.obolibrary.org/obo/IAO_0000030 | http://www.w3.org/2002/07/owl#NamedIndividual | Curriculares Element | CE-Lerninhalt | Element (BY) | Inhalt zu den Kompetenzen (BY);Mechanische Schwingungen und Wellen;"Eigenschwingungen und Eigenfrequenzen, Reflexion am festen und freien Ende, Versuch mit eingespanntem Seil, Alltagsphänomene, z.&nbsp;B. Orgelpfeifen (Kundt'sche Röhre), Vibrationen im Auto";https://lp-bavaria.org/cea9e63d-4f5b-4aad-804f-2656d9a5213c;https://lp-bavaria.org/lis_live_isb.c.56070.de
Bayern;Fachoberschule;Physik;Physik 12 (T);Jahrgangsstufe 12;;;;;lehrplan;kompetenz;http://purl.obolibrary.org/obo/BFO_0000001 | http://purl.obolibrary.org/obo/BFO_0000002 | http://purl.obolibrary.org/obo/BFO_0000031 | http://purl.obolibrary.org/obo/IAO_0000030 | http://www.w3.org/2002/07/owl#NamedIndividual | Curriculares Element | CE-Kompetenzspezifikation | Element (BY) | Kompetenzerwartung (BY);Mechanische Schwingungen und Wellen;erläutern für den Fall eindimensionaler Eigenschwingungen das Zustandekommen von Resonanzschwingungen durch die mathematische Betrachtung der Phasenausbreitung. Dabei unterscheiden sie Reflexionen am festen und losen Ende und stellen einen quantitativen Zusammenhang zwischen den Abmessungen eindimensionaler Resonatoren und möglichen Eigenfrequenzen her, um beispielsweise die Tonerzeugung in Orgelpfeifen nachzuvollziehen.;https://lp-bavaria.org/134c88ba-fb74-4628-a223-d378620ff9e6;https://lp-bavaria.org/lis_live_isb.c.56070.de
Bayern;Gymnasium;Physik;Physik 12 (grundlegendes Anforderungsniveau);Jahrgangsstufe 12;;;;Grundlegendes Anforderungsniveau (BY);lehrplan;inhalt;http://purl.obolibrary.org/obo/BFO_0000001 | http://purl.obolibrary.org/obo/BFO_0000002 | http://purl.obolibrary.org/obo/BFO_0000031 | http://purl.obolibrary.org/obo/IAO_0000030 | http://www.w3.org/2002/07/owl#NamedIndividual | Curriculares Element | CE-Lerninhalt | Element (BY) | Inhalt zu den Kompetenzen (BY);Elektromagnetische Wellen;//Schülerexperiment: Bestimmung der Wellenlängen von LEDs mit Licht unterschiedlicher Farbe mithilfe eines Gitters\\;https://lp-bavaria.org/f3491177-8bbf-4cfc-b281-971185a06424;https://lp-bavaria.org/lis_live_isb.c.219271.de
Bayern;Gymnasium;Physik;Physik 12 (grundlegendes Anforderungsniveau);Jahrgangsstufe 12;;;;Grundlegendes Anforderungsniveau (BY);lehrplan;inhalt;http://purl.obolibrary.org/obo/BFO_0000001 | http://purl.obolibrary.org/obo/BFO_0000002 | http://purl.obolibrary.org/obo/BFO_0000031 | http://purl.obolibrary.org/obo/IAO_0000030 | http://www.w3.org/2002/07/owl#NamedIndividual | Curriculares Element | CE-Lerninhalt | Element (BY) | Inhalt zu den Kompetenzen (BY);Elektromagnetische Wellen;Eigenschaften der Dipol- oder Mikrowellenstrahlung: Ausbreitungsgeschwindigkeit, Polarisation, Schwingungsebene, Brechung, Beugung, Reflexion;https://lp-bavaria.org/8cb1cd46-6bcd-42d4-9892-282195cfaf96;https://lp-bavaria.org/lis_live_isb.c.219271.de
Bayern;Gymnasium;Physik;Physik 12 (grundlegendes Anforderungsniveau);Jahrgangsstufe 12;;;;Grundlegendes Anforderungsniveau (BY);lehrplan;inhalt;http://purl.obolibrary.org/obo/BFO_0000001 | http://purl.obolibrary.org/obo/BFO_0000002 | http://purl.obolibrary.org/obo/BFO_0000031 | http://purl.obolibrary.org/obo/IAO_0000030 | http://www.w3.org/2002/07/owl#NamedIndividual | Curriculares Element | CE-Lerninhalt | Element (BY) | Inhalt zu den Kompetenzen (BY);Elektromagnetische Wellen;Struktur des elektromagnetischen Wechselfeldes im Fernbereich eines Dipols, Hinweis auf Abstrahlung elektromagnetischer Wellen durch beschleunigte Ladungen;https://lp-bavaria.org/68e7bb21-96b1-4ff7-97d6-b9588f0f2cb2;https://lp-bavaria.org/lis_live_isb.c.219271.de
Bayern;Gymnasium;Physik;Physik 12 (grundlegendes Anforderungsniveau);Jahrgangsstufe 12;;;;Grundlegendes Anforderungsniveau (BY);lehrplan;inhalt;http://purl.obolibrary.org/obo/BFO_0000001 | http://purl.obolibrary.org/obo/BFO_0000002 | http://purl.obolibrary.org/obo/BFO_0000031 | http://purl.obolibrary.org/obo/IAO_0000030 | http://www.w3.org/2002/07/owl#NamedIndividual | Curriculares Element | CE-Lerninhalt | Element (BY) | Inhalt zu den Kompetenzen (BY);Elektromagnetische Wellen;Untersuchung von polychromatischem und insbesondere weißem Licht, Wellenlängenbestimmung von monochromatischem Licht an Doppelspalt und Gitter;https://lp-bavaria.org/ceff3129-3fae-4d04-9fbc-625431364643;https://lp-bavaria.org/lis_live_isb.c.219271.de
Bayern;Gymnasium;Physik;Physik 12 (grundlegendes Anforderungsniveau);Jahrgangsstufe 12;;;;Grundlegendes Anforderungsniveau (BY);lehrplan;kompetenz;http://purl.obolibrary.org/obo/BFO_0000001 | http://purl.obolibrary.org/obo/BFO_0000002 | http://purl.obolibrary.org/obo/BFO_0000031 | http://purl.obolibrary.org/obo/IAO_0000030 | http://www.w3.org/2002/07/owl#NamedIndividual | Curriculares Element | CE-Kompetenzspezifikation | Element (BY) | Kompetenzerwartung (BY);Elektromagnetische Wellen;bestimmen selbständig die Wellenlängen verschiedenfarbigen, von Leuchtdioden emittierten Lichts mithilfe eines Gitters. Dabei erläutern sie die Funktion der einzelnen Komponenten des Aufbaus, diskutieren Möglichkeiten der Minimierung von Messunsicherheiten und ermitteln den quantitativen Einfluss der Unsicherheiten auf das Ergebnis.;https://lp-bavaria.org/8f420103-f363-4a02-9c1a-7339fa999fc2;https://lp-bavaria.org/lis_live_isb.c.219271.de
Bayern;Gymnasium;Physik;Physik 12 (grundlegendes Anforderungsniveau);Jahrgangsstufe 12;;;;Grundlegendes Anforderungsniveau (BY);lehrplan;kompetenz;http://purl.obolibrary.org/obo/BFO_0000001 | http://purl.obolibrary.org/obo/BFO_0000002 | http://purl.obolibrary.org/obo/BFO_0000031 | http://purl.obolibrary.org/obo/IAO_0000030 | http://www.w3.org/2002/07/owl#NamedIndividual | Curriculares Element | CE-Kompetenzspezifikation | Element (BY) | Kompetenzerwartung (BY);Elektromagnetische Wellen;beziehen bei der Untersuchung der Interferenz von Dipol- und Mikrowellenstrahlung sowie Licht am Doppelspalt theoretische Überlegungen und experimentelle Erkenntnisse aufeinander. Dabei identifizieren sie Licht als sichtbaren Teil des elektromagnetischen Spektrums. Sie erläutern die experimentelle Bestimmung der Wellenlänge am Doppelspalt sowie mithilfe der Erzeugung einer stehenden Welle durch Reflexion.;https://lp-bavaria.org/f9c1e2c1-731c-449b-ae36-d718cebecbd4;https://lp-bavaria.org/lis_live_isb.c.219271.de
Bayern;Gymnasium;Physik;Physik 12 (grundlegendes Anforderungsniveau);Jahrgangsstufe 12;;;;Grundlegendes Anforderungsniveau (BY);lehrplan;kompetenz;http://purl.obolibrary.org/obo/BFO_0000001 | http://purl.obolibrary.org/obo/BFO_0000002 | http://purl.obolibrary.org/obo/BFO_0000031 | http://purl.obolibrary.org/obo/IAO_0000030 | http://www.w3.org/2002/07/owl#NamedIndividual | Curriculares Element | CE-Kompetenzspezifikation | Element (BY) | Kompetenzerwartung (BY);Elektromagnetische Wellen;"erklären die Entstehung von Röntgenbremsstrahlung durch die Beschleunigung von Elektronen sowie das Bremsspektrum durch Rückgriff auf das Photonenmodell. 
Sie reflektieren die Folgen einer Entscheidung für den Einsatz von Röntgenstrahlung in der Medizin unter Berücksichtigung des Spektralbereichs von Röntgenstrahlung.";https://lp-bavaria.org/3023465b-dd6f-42c2-a575-01529a187c42;https://lp-bavaria.org/lis_live_isb.c.219271.de
Bayern;Gymnasium;Physik;Physik 12 (grundlegendes Anforderungsniveau, Biophysik);Jahrgangsstufe 12;;;;Grundlegendes Anforderungsniveau (BY);lehrplan;inhalt;http://purl.obolibrary.org/obo/BFO_0000001 | http://purl.obolibrary.org/obo/BFO_0000002 | http://purl.obolibrary.org/obo/BFO_0000031 | http://purl.obolibrary.org/obo/IAO_0000030 | http://www.w3.org/2002/07/owl#NamedIndividual | Curriculares Element | CE-Lerninhalt | Element (BY) | Inhalt zu den Kompetenzen (BY);Das Auge;//Schülerexperiment: Bestimmung des Auflösungsvermögens des menschlichen Auges\\;https://lp-bavaria.org/b243acc2-a3ae-4a28-860f-792359ead2fa;https://lp-bavaria.org/lis_live_isb.c.313720.de
Bayern;Gymnasium;Physik;Physik 12 (grundlegendes Anforderungsniveau, Biophysik);Jahrgangsstufe 12;;;;Grundlegendes Anforderungsniveau (BY);lehrplan;inhalt;http://purl.obolibrary.org/obo/BFO_0000001 | http://purl.obolibrary.org/obo/BFO_0000002 | http://purl.obolibrary.org/obo/BFO_0000031 | http://purl.obolibrary.org/obo/IAO_0000030 | http://www.w3.org/2002/07/owl#NamedIndividual | Curriculares Element | CE-Lerninhalt | Element (BY) | Inhalt zu den Kompetenzen (BY);Das Auge;//Schülerexperiment: Untersuchungen zum Linse-Schirm-Modell des Auges\\;https://lp-bavaria.org/68081801-93a6-44aa-b162-479ef87888ac;https://lp-bavaria.org/lis_live_isb.c.313720.de
Bayern;Gymnasium;Physik;Physik 12 (grundlegendes Anforderungsniveau, Biophysik);Jahrgangsstufe 12;;;;Grundlegendes Anforderungsniveau (BY);lehrplan;inhalt;http://purl.obolibrary.org/obo/BFO_0000001 | http://purl.obolibrary.org/obo/BFO_0000002 | http://purl.obolibrary.org/obo/BFO_0000031 | http://purl.obolibrary.org/obo/IAO_0000030 | http://www.w3.org/2002/07/owl#NamedIndividual | Curriculares Element | CE-Lerninhalt | Element (BY) | Inhalt zu den Kompetenzen (BY);Strahlenbiophysik und medizintechnische Anwendungen;Aufbau der Röntgenröhre, Röntgenbremsspektrum, biologische Wirkung von Röntgenstrahlung;https://lp-bavaria.org/aad5feb4-27e9-4b37-a9aa-f294c129644f;https://lp-bavaria.org/lis_live_isb.c.313720.de
Bayern;Gymnasium;Physik;Physik 12 (grundlegendes Anforderungsniveau, Biophysik);Jahrgangsstufe 12;;;;Grundlegendes Anforderungsniveau (BY);lehrplan;inhalt;http://purl.obolibrary.org/obo/BFO_0000001 | http://purl.obolibrary.org/obo/BFO_0000002 | http://purl.obolibrary.org/obo/BFO_0000031 | http://purl.obolibrary.org/obo/IAO_0000030 | http://www.w3.org/2002/07/owl#NamedIndividual | Curriculares Element | CE-Lerninhalt | Element (BY) | Inhalt zu den Kompetenzen (BY);Das Auge;Aufbau des menschlichen Auges, Linse-Schirm-Modell, Linsengleichung, Abbildungsfehler, Akkommodationsmechanismus;https://lp-bavaria.org/2b8a81c5-a453-47df-87f6-96b70e2770bd;https://lp-bavaria.org/lis_live_isb.c.313720.de
Bayern;Gymnasium;Physik;Physik 12 (grundlegendes Anforderungsniveau, Biophysik);Jahrgangsstufe 12;;;;Grundlegendes Anforderungsniveau (BY);lehrplan;inhalt;http://purl.obolibrary.org/obo/BFO_0000001 | http://purl.obolibrary.org/obo/BFO_0000002 | http://purl.obolibrary.org/obo/BFO_0000031 | http://purl.obolibrary.org/obo/IAO_0000030 | http://www.w3.org/2002/07/owl#NamedIndividual | Curriculares Element | CE-Lerninhalt | Element (BY) | Inhalt zu den Kompetenzen (BY);Das Auge;"Beugung und Interferenz von Licht am Doppel&#8209; und Einfachspalt, Lochblende, Begrenzung des Auflösungsvermögens des menschlichen Auges durch Beugung an der Pupille und durch die Sehzellendichte, Visus";https://lp-bavaria.org/84e27e58-d42d-40a2-b4c9-587ba01c9024;https://lp-bavaria.org/lis_live_isb.c.313720.de
Bayern;Gymnasium;Physik;Physik 12 (grundlegendes Anforderungsniveau, Biophysik);Jahrgangsstufe 12;;;;Grundlegendes Anforderungsniveau (BY);lehrplan;themenbereich;http://purl.obolibrary.org/obo/BFO_0000001 | http://purl.obolibrary.org/obo/BFO_0000002 | http://purl.obolibrary.org/obo/BFO_0000031 | http://purl.obolibrary.org/obo/IAO_0000030 | http://www.w3.org/2002/07/owl#NamedIndividual | Curriculares Element | CE-Bereich | Element (BY) | Lernbereich (BY);Physik 12 (grundlegendes Anforderungsniveau, Biophysik);Das Auge;https://lp-bavaria.org/lis_live_isb.c.327832.de;https://lp-bavaria.org/lis_live_isb.c.313720.de
Bayern;Gymnasium;Physik;Physik 12 (grundlegendes Anforderungsniveau, Biophysik);Jahrgangsstufe 12;;;;Grundlegendes Anforderungsniveau (BY);lehrplan;inhalt;http://purl.obolibrary.org/obo/BFO_0000001 | http://purl.obolibrary.org/obo/BFO_0000002 | http://purl.obolibrary.org/obo/BFO_0000031 | http://purl.obolibrary.org/obo/IAO_0000030 | http://www.w3.org/2002/07/owl#NamedIndividual | Curriculares Element | CE-Lerninhalt | Element (BY) | Inhalt zu den Kompetenzen (BY);Strahlenbiophysik und medizintechnische Anwendungen;Fadenstrahlrohr, Zyklotron, Protonentherapie, Energiebetrachtung bei der Beschleunigung von geladenen Teilchen;https://lp-bavaria.org/1bcea298-00c4-44b0-a4ec-8646ff35c08b;https://lp-bavaria.org/lis_live_isb.c.313720.de
Bayern;Gymnasium;Physik;Physik 12 (grundlegendes Anforderungsniveau, Biophysik);Jahrgangsstufe 12;;;;Grundlegendes Anforderungsniveau (BY);lehrplan;inhalt;http://purl.obolibrary.org/obo/BFO_0000001 | http://purl.obolibrary.org/obo/BFO_0000002 | http://purl.obolibrary.org/obo/BFO_0000031 | http://purl.obolibrary.org/obo/IAO_0000030 | http://www.w3.org/2002/07/owl#NamedIndividual | Curriculares Element | CE-Lerninhalt | Element (BY) | Inhalt zu den Kompetenzen (BY);Das Auge;Linsenaugen bei Greifvögeln und Fischen: Aufbau, Auflösungsvermögen, Akkommodationsmechanismen;https://lp-bavaria.org/78458685-0762-44e2-a742-7319478ea64a;https://lp-bavaria.org/lis_live_isb.c.313720.de
Bayern;Gymnasium;Physik;Physik 12 (grundlegendes Anforderungsniveau, Biophysik);Jahrgangsstufe 12;;;;Grundlegendes Anforderungsniveau (BY);lehrplan;themenbereich;http://purl.obolibrary.org/obo/BFO_0000001 | http://purl.obolibrary.org/obo/BFO_0000002 | http://purl.obolibrary.org/obo/BFO_0000031 | http://purl.obolibrary.org/obo/IAO_0000030 | http://www.w3.org/2002/07/owl#NamedIndividual | Curriculares Element | CE-Bereich | Element (BY) | Lernbereich (BY);Physik 12 (grundlegendes Anforderungsniveau, Biophysik);Strahlenbiophysik und medizintechnische Anwendungen;https://lp-bavaria.org/lis_live_isb.c.327877.de;https://lp-bavaria.org/lis_live_isb.c.313720.de
Bayern;Gymnasium;Physik;Physik 12 (grundlegendes Anforderungsniveau, Biophysik);Jahrgangsstufe 12;;;;Grundlegendes Anforderungsniveau (BY);lehrplan;kompetenz;http://purl.obolibrary.org/obo/BFO_0000001 | http://purl.obolibrary.org/obo/BFO_0000002 | http://purl.obolibrary.org/obo/BFO_0000031 | http://purl.obolibrary.org/obo/IAO_0000030 | http://www.w3.org/2002/07/owl#NamedIndividual | Curriculares Element | CE-Kompetenzspezifikation | Element (BY) | Kompetenzerwartung (BY);Das Auge;beschreiben das Linsenauge mithilfe eines physikalischen Modells der geometrischen Optik. Mit diesem Modell konstruieren sie den Strahlenverlauf und stellen quantitative Überlegungen zum scharfen Sehen an. Dabei verwenden sie eine digitale Simulation zur geometrischen Optik und reflektieren die Grenzen des verwendeten Modells.;https://lp-bavaria.org/e319a326-ce52-43b6-a058-093fb5163c2f;https://lp-bavaria.org/lis_live_isb.c.313720.de
Bayern;Gymnasium;Physik;Physik 12 (grundlegendes Anforderungsniveau, Biophysik);Jahrgangsstufe 12;;;;Grundlegendes Anforderungsniveau (BY);lehrplan;kompetenz;http://purl.obolibrary.org/obo/BFO_0000001 | http://purl.obolibrary.org/obo/BFO_0000002 | http://purl.obolibrary.org/obo/BFO_0000031 | http://purl.obolibrary.org/obo/IAO_0000030 | http://www.w3.org/2002/07/owl#NamedIndividual | Curriculares Element | CE-Kompetenzspezifikation | Element (BY) | Kompetenzerwartung (BY);Das Auge;bestimmen selbständig das Auflösungsvermögen des eigenen Auges und vergleichen das Ergebnis mit auf anderen Wegen erhaltenen Abschätzungen. Sie diskutieren Möglichkeiten der Minimierung von Messunsicherheiten und ihren Einfluss auf das Ergebnis.;https://lp-bavaria.org/2ff29e73-29a4-4f08-a973-94c392cebfa9;https://lp-bavaria.org/lis_live_isb.c.313720.de
Bayern;Gymnasium;Physik;Physik 12 (grundlegendes Anforderungsniveau, Biophysik);Jahrgangsstufe 12;;;;Grundlegendes Anforderungsniveau (BY);lehrplan;kompetenz;http://purl.obolibrary.org/obo/BFO_0000001 | http://purl.obolibrary.org/obo/BFO_0000002 | http://purl.obolibrary.org/obo/BFO_0000031 | http://purl.obolibrary.org/obo/IAO_0000030 | http://www.w3.org/2002/07/owl#NamedIndividual | Curriculares Element | CE-Kompetenzspezifikation | Element (BY) | Kompetenzerwartung (BY);Strahlenbiophysik und medizintechnische Anwendungen;erklären die Entstehung von Röntgenbremsstrahlung durch die Beschleunigung von Elektronen sowie das Bremsspektrum durch Rückgriff auf das Photonenmodell. Sie reflektieren die Folgen einer Entscheidung für den Einsatz von Röntgenstrahlung in der Medizin unter Berücksichtigung des Spektralbereichs von Röntgenstrahlung.;https://lp-bavaria.org/67512f8e-ca89-4cab-ade6-3ab03ee11aea;https://lp-bavaria.org/lis_live_isb.c.313720.de
Bayern;Gymnasium;Physik;Physik 12 (grundlegendes Anforderungsniveau, Biophysik);Jahrgangsstufe 12;;;;Grundlegendes Anforderungsniveau (BY);lehrplan;kompetenz;http://purl.obolibrary.org/obo/BFO_0000001 | http://purl.obolibrary.org/obo/BFO_0000002 | http://purl.obolibrary.org/obo/BFO_0000031 | http://purl.obolibrary.org/obo/IAO_0000030 | http://www.w3.org/2002/07/owl#NamedIndividual | Curriculares Element | CE-Kompetenzspezifikation | Element (BY) | Kompetenzerwartung (BY);Strahlenbiophysik und medizintechnische Anwendungen;erläutern das Funktionsprinzip des Zyklotrons und beschreiben seine Bedeutung für Strahlentherapien. Unter Verwendung geeigneter Fachtexte diskutieren sie Nutzen und Risiken solcher Therapieverfahren und reflektieren auf der Grundlage ihrer Kenntnisse über schlüssige und überzeugende Argumentationen eine vorgegebene Bewertung hinsichtlich der Güte des durchgeführten Bewertungsprozesses.;https://lp-bavaria.org/9f256403-79e8-473d-a1a9-682842807952;https://lp-bavaria.org/lis_live_isb.c.313720.de
Bayern;Gymnasium;Physik;Physik 12 (grundlegendes Anforderungsniveau, Biophysik);Jahrgangsstufe 12;;;;Grundlegendes Anforderungsniveau (BY);lehrplan;kompetenz;http://purl.obolibrary.org/obo/BFO_0000001 | http://purl.obolibrary.org/obo/BFO_0000002 | http://purl.obolibrary.org/obo/BFO_0000031 | http://purl.obolibrary.org/obo/IAO_0000030 | http://www.w3.org/2002/07/owl#NamedIndividual | Curriculares Element | CE-Kompetenzspezifikation | Element (BY) | Kompetenzerwartung (BY);Das Auge;formulieren physikalische Fragestellungen zu Sehschwächen und untersuchen diese selbständig experimentell mithilfe des Linse-Schirm-Modells. Sie vergleichen die experimentellen Ergebnisse mit theoretischen Vorhersagen der Linsengleichung.;https://lp-bavaria.org/11147ae8-0807-46e5-8ce8-c51e49899863;https://lp-bavaria.org/lis_live_isb.c.313720.de
Bayern;Gymnasium;Physik;Physik 12 (grundlegendes Anforderungsniveau, Biophysik);Jahrgangsstufe 12;;;;Grundlegendes Anforderungsniveau (BY);lehrplan;kompetenz;http://purl.obolibrary.org/obo/BFO_0000001 | http://purl.obolibrary.org/obo/BFO_0000002 | http://purl.obolibrary.org/obo/BFO_0000031 | http://purl.obolibrary.org/obo/IAO_0000030 | http://www.w3.org/2002/07/owl#NamedIndividual | Curriculares Element | CE-Kompetenzspezifikation | Element (BY) | Kompetenzerwartung (BY);Das Auge;"leiten aufbauend auf ihren Kenntnissen zu Beugung und Interferenz quantitative Aussagen über die Intensitätsverteilung hinter Doppel&#8209; und Einzelspalt her und machen die Übertragung auf die Lochblende plausibel. Sie schätzen quantitativ den Einfluss verschiedener Faktoren auf das Auflösungsvermögen des Linsenauges ab und diskutieren exemplarisch physikalische Randbedingungen evolutionärer Prozesse.";https://lp-bavaria.org/e675eb93-bc29-4722-88d4-c93c605b6013;https://lp-bavaria.org/lis_live_isb.c.313720.de
Bayern;Gymnasium;Physik;Physik 12 (grundlegendes Anforderungsniveau, Biophysik);Jahrgangsstufe 12;;;;Grundlegendes Anforderungsniveau (BY);lehrplan;kompetenz;http://purl.obolibrary.org/obo/BFO_0000001 | http://purl.obolibrary.org/obo/BFO_0000002 | http://purl.obolibrary.org/obo/BFO_0000031 | http://purl.obolibrary.org/obo/IAO_0000030 | http://www.w3.org/2002/07/owl#NamedIndividual | Curriculares Element | CE-Kompetenzspezifikation | Element (BY) | Kompetenzerwartung (BY);Das Auge;recherchieren Aufbau und Auflösungsvermögen weiterer Linsenaugen im Tierreich und reflektieren daran die Generalisierbarkeit des eingeführten physikalischen Modells. Anhand dieser Beispiele erläutern sie allgemein die Passung eines biologischen Systems im Hinblick auf seine jeweiligen Anforderungen.;https://lp-bavaria.org/ad4848ad-bf48-4c32-b605-97a0e306b2bb;https://lp-bavaria.org/lis_live_isb.c.313720.de
Bayern;Gymnasium;Physik;Physik 12 (grundlegendes Anforderungsniveau, Biophysik);Jahrgangsstufe 12;;;;Grundlegendes Anforderungsniveau (BY);lehrplan;kompetenz;http://purl.obolibrary.org/obo/BFO_0000001 | http://purl.obolibrary.org/obo/BFO_0000002 | http://purl.obolibrary.org/obo/BFO_0000031 | http://purl.obolibrary.org/obo/IAO_0000030 | http://www.w3.org/2002/07/owl#NamedIndividual | Curriculares Element | CE-Kompetenzspezifikation | Element (BY) | Kompetenzerwartung (BY);Das Auge;stellen Hypothesen zum Farbsehen auf und erklären die additive Farbmischung als physiologischen Effekt. Sie argumentieren dabei mit vorgegebenen graphischen Darstellungen empirischer biologischer Daten.;https://lp-bavaria.org/55dd8b7d-911f-4bae-843b-b54aa179d707;https://lp-bavaria.org/lis_live_isb.c.313720.de
Bayern;Berufsoberschule;Physik;Physik 13 (T);Jahrgangsstufe 13;;;;;lehrplan;inhalt;http://purl.obolibrary.org/obo/BFO_0000001 | http://purl.obolibrary.org/obo/BFO_0000002 | http://purl.obolibrary.org/obo/BFO_0000031 | http://purl.obolibrary.org/obo/IAO_0000030 | http://www.w3.org/2002/07/owl#NamedIndividual | Curriculares Element | CE-Lerninhalt | Element (BY) | Inhalt zu den Kompetenzen (BY);Elektromagnetische Schwingungen und Wellen;Abstrahlcharakteristik, abgestrahlte Intensität bzgl. der Dipolachse (insbesondere senkrecht und parallel zur Dipolachse);https://lp-bavaria.org/693d4906-7f3a-42d9-a432-8736bb9ebf9c;https://lp-bavaria.org/lis_live_isb.c.107432.de
Bayern;Berufsoberschule;Physik;Physik 13 (T);Jahrgangsstufe 13;;;;;lehrplan;inhalt;http://purl.obolibrary.org/obo/BFO_0000001 | http://purl.obolibrary.org/obo/BFO_0000002 | http://purl.obolibrary.org/obo/BFO_0000031 | http://purl.obolibrary.org/obo/IAO_0000030 | http://www.w3.org/2002/07/owl#NamedIndividual | Curriculares Element | CE-Lerninhalt | Element (BY) | Inhalt zu den Kompetenzen (BY);Kernphysik;"Anwendungen in der Medizin, z.&nbsp;B. Strahlentherapie, Positronen-Emissions-Tomografie, nuklearmedizinische Diagnostik";https://lp-bavaria.org/774c276f-a4ec-402a-93c9-5b29888c0f44;https://lp-bavaria.org/lis_live_isb.c.107432.de
Bayern;Berufsoberschule;Physik;Physik 13 (T);Jahrgangsstufe 13;;;;;lehrplan;inhalt;http://purl.obolibrary.org/obo/BFO_0000001 | http://purl.obolibrary.org/obo/BFO_0000002 | http://purl.obolibrary.org/obo/BFO_0000031 | http://purl.obolibrary.org/obo/IAO_0000030 | http://www.w3.org/2002/07/owl#NamedIndividual | Curriculares Element | CE-Lerninhalt | Element (BY) | Inhalt zu den Kompetenzen (BY);Elektromagnetische Schwingungen und Wellen;"Interferenzexperimente mit Dipolstrahlung, Doppelspalt, Interferenz gegenläufiger Wellen, z.&nbsp;B. Reflexion an Metallwand";https://lp-bavaria.org/d7520435-f82e-4719-a049-906b0625b274;https://lp-bavaria.org/lis_live_isb.c.107432.de
Bayern;Berufsoberschule;Physik;Physik 13 (T);Jahrgangsstufe 13;;;;;lehrplan;inhalt;http://purl.obolibrary.org/obo/BFO_0000001 | http://purl.obolibrary.org/obo/BFO_0000002 | http://purl.obolibrary.org/obo/BFO_0000031 | http://purl.obolibrary.org/obo/IAO_0000030 | http://www.w3.org/2002/07/owl#NamedIndividual | Curriculares Element | CE-Lerninhalt | Element (BY) | Inhalt zu den Kompetenzen (BY);Quanten- und Atomphysik;Jönsson-Experiment, Doppelspaltexperiment mit reduzierter Lichtintensität ;https://lp-bavaria.org/f9db37ac-80d1-4888-aad8-7bb6237f5a6e;https://lp-bavaria.org/lis_live_isb.c.107432.de
Bayern;Berufsoberschule;Physik;Physik 13 (T);Jahrgangsstufe 13;;;;;lehrplan;inhalt;http://purl.obolibrary.org/obo/BFO_0000001 | http://purl.obolibrary.org/obo/BFO_0000002 | http://purl.obolibrary.org/obo/BFO_0000031 | http://purl.obolibrary.org/obo/IAO_0000030 | http://www.w3.org/2002/07/owl#NamedIndividual | Curriculares Element | CE-Lerninhalt | Element (BY) | Inhalt zu den Kompetenzen (BY);Geladene Teilchen in elektrischen und magnetischen Feldern;Millikan-Versuch (Schwebefallmethode), Versuch mit dem Fadenstrahlrohr, Versuch von Bucherer ;https://lp-bavaria.org/04d9ccc1-9158-47e4-80e2-abdc6ca80a4f;https://lp-bavaria.org/lis_live_isb.c.107432.de
Bayern;Berufsoberschule;Physik;Physik 13 (T);Jahrgangsstufe 13;;;;;lehrplan;inhalt;http://purl.obolibrary.org/obo/BFO_0000001 | http://purl.obolibrary.org/obo/BFO_0000002 | http://purl.obolibrary.org/obo/BFO_0000031 | http://purl.obolibrary.org/obo/IAO_0000030 | http://www.w3.org/2002/07/owl#NamedIndividual | Curriculares Element | CE-Lerninhalt | Element (BY) | Inhalt zu den Kompetenzen (BY);Quanten- und Atomphysik;Röntgenstrahlung: Erzeugung, charakteristische Strahlung, Bremsstrahlung, Grenzwellenlänge, Gesetz von Moseley, Strukturanalyse mit der Einkristallmethode ;https://lp-bavaria.org/21cf8564-3aea-4a4e-b8b7-b1643a6460ad;https://lp-bavaria.org/lis_live_isb.c.107432.de
Bayern;Berufsoberschule;Physik;Physik 13 (T);Jahrgangsstufe 13;;;;;lehrplan;inhalt;http://purl.obolibrary.org/obo/BFO_0000001 | http://purl.obolibrary.org/obo/BFO_0000002 | http://purl.obolibrary.org/obo/BFO_0000031 | http://purl.obolibrary.org/obo/IAO_0000030 | http://www.w3.org/2002/07/owl#NamedIndividual | Curriculares Element | CE-Lerninhalt | Element (BY) | Inhalt zu den Kompetenzen (BY);Kernphysik;"Strahlenschutz, Strahlenbelastung, Energie&#x2011; und Äquivalentdosis ";https://lp-bavaria.org/b7afebe9-8d36-4709-9378-493c37b88b82;https://lp-bavaria.org/lis_live_isb.c.107432.de
Bayern;Berufsoberschule;Physik;Physik 13 (T);Jahrgangsstufe 13;;;;;lehrplan;inhalt;http://purl.obolibrary.org/obo/BFO_0000001 | http://purl.obolibrary.org/obo/BFO_0000002 | http://purl.obolibrary.org/obo/BFO_0000031 | http://purl.obolibrary.org/obo/IAO_0000030 | http://www.w3.org/2002/07/owl#NamedIndividual | Curriculares Element | CE-Lerninhalt | Element (BY) | Inhalt zu den Kompetenzen (BY);Kernphysik;Wechselwirkung radioaktiver Strahlung mit Materie: Ionisation, Bremsstrahlung, äußerer Fotoeffekt, Comptoneffekt, Paarbildung ;https://lp-bavaria.org/fc6c812c-a979-4d9e-8052-eb6748885552;https://lp-bavaria.org/lis_live_isb.c.107432.de
Bayern;Berufsoberschule;Physik;Physik 13 (T);Jahrgangsstufe 13;;;;;lehrplan;inhalt;http://purl.obolibrary.org/obo/BFO_0000001 | http://purl.obolibrary.org/obo/BFO_0000002 | http://purl.obolibrary.org/obo/BFO_0000031 | http://purl.obolibrary.org/obo/IAO_0000030 | http://www.w3.org/2002/07/owl#NamedIndividual | Curriculares Element | CE-Lerninhalt | Element (BY) | Inhalt zu den Kompetenzen (BY);Quanten- und Atomphysik;Wechselwirkungen elektromagnetischer Strahlung mit Materie: äußerer Fotoeffekt, Comptoneffekt, Paarbildung (nur Energiebilanz);https://lp-bavaria.org/091d5da5-45fe-4816-b290-0670f5c4ea22;https://lp-bavaria.org/lis_live_isb.c.107432.de
Bayern;Berufsoberschule;Physik;Physik 13 (T);Jahrgangsstufe 13;;;;;lehrplan;kompetenz;http://purl.obolibrary.org/obo/BFO_0000001 | http://purl.obolibrary.org/obo/BFO_0000002 | http://purl.obolibrary.org/obo/BFO_0000031 | http://purl.obolibrary.org/obo/IAO_0000030 | http://www.w3.org/2002/07/owl#NamedIndividual | Curriculares Element | CE-Kompetenzspezifikation | Element (BY) | Kompetenzerwartung (BY);Elektromagnetische Schwingungen und Wellen;beschreiben experimentelle Methoden zur spektralen Zerlegung des Lichts einer Gasentladungsröhre sowie eines glühenden Körpers mithilfe eines optischen Gitters unter der Voraussetzung kohärenter Lichtquellen. Sie vergleichen Lichtquellen anhand ihrer Spektren bzw. Interferenzbilder und ermitteln experimentell aus diesen die Wellenlängen einzelner Spektrallinien sowie Wellenlängenbereiche von Spektralfarben des sichtbaren Lichts. ;https://lp-bavaria.org/61db88a4-74ff-4409-b827-97ea7d92da52;https://lp-bavaria.org/lis_live_isb.c.107432.de
Bayern;Berufsoberschule;Physik;Physik 13 (T);Jahrgangsstufe 13;;;;;lehrplan;kompetenz;http://purl.obolibrary.org/obo/BFO_0000001 | http://purl.obolibrary.org/obo/BFO_0000002 | http://purl.obolibrary.org/obo/BFO_0000031 | http://purl.obolibrary.org/obo/IAO_0000030 | http://www.w3.org/2002/07/owl#NamedIndividual | Curriculares Element | CE-Kompetenzspezifikation | Element (BY) | Kompetenzerwartung (BY);Elektromagnetische Schwingungen und Wellen;"bestimmen die Wellenlänge von kohärentem monochromatischem Licht (z.&nbsp;B. Laserlicht) aus Daten von Doppelspalt&#x2011; und Beugungsgitterversuchen und bewerten qualitativ den Einfluss der Anzahl der durchleuchteten Spalte auf die Intensitätsverteilung des gebeugten Lichts am Beobachtungsschirm. Bei Interferenzerscheinungen am optischen Gitter entscheiden sie durch Rechnung, unter welchen Winkeln gegenüber der Senkrechten zum Gitter Intensitätsmaxima bzw. Intensitätsminima bestimmter Ordnung auftreten.";https://lp-bavaria.org/f9a0c1bb-623a-43f9-b6d2-8c365e98c2b2;https://lp-bavaria.org/lis_live_isb.c.107432.de
Bayern;Berufsoberschule;Physik;Physik 13 (T);Jahrgangsstufe 13;;;;;lehrplan;kompetenz;http://purl.obolibrary.org/obo/BFO_0000001 | http://purl.obolibrary.org/obo/BFO_0000002 | http://purl.obolibrary.org/obo/BFO_0000031 | http://purl.obolibrary.org/obo/IAO_0000030 | http://www.w3.org/2002/07/owl#NamedIndividual | Curriculares Element | CE-Kompetenzspezifikation | Element (BY) | Kompetenzerwartung (BY);Kernphysik;"beurteilen die Wirkung von ionisierender Strahlung (z.&nbsp;B. radioaktive Strahlung, Höhenstrahlung) auf biologisches Gewebe, indem sie ihr phänomenologisches Wissen über die Wechselwirkung von Strahlung mit Materie nutzen. Dazu erläutern sie qualitativ die Funktionsweise von Messgeräten zur Untersuchung von Ionendosis und Aktivität und charakterisieren die Stärke der Wechselwirkung bzw. die biologische Wirkung der jeweiligen Strahlungsart durch die Energie&#x2011; bzw. Äquivalentdosis. Sie bewerten die Risiken und den Nutzen von Behandlungsmethoden und diagnostischen Verfahren in der Nuklearmedizin und treffen geeignete Strahlenschutzmaßnahmen.";https://lp-bavaria.org/cae5b238-522e-454e-82c7-1cb6b5873192;https://lp-bavaria.org/lis_live_isb.c.107432.de
Bayern;Berufsoberschule;Physik;Physik 13 (T);Jahrgangsstufe 13;;;;;lehrplan;kompetenz;http://purl.obolibrary.org/obo/BFO_0000001 | http://purl.obolibrary.org/obo/BFO_0000002 | http://purl.obolibrary.org/obo/BFO_0000031 | http://purl.obolibrary.org/obo/IAO_0000030 | http://www.w3.org/2002/07/owl#NamedIndividual | Curriculares Element | CE-Kompetenzspezifikation | Element (BY) | Kompetenzerwartung (BY);Elektromagnetische Schwingungen und Wellen;"beurteilen mithilfe der Abstrahlcharakteristik eines &#x03BB;/2&#x2011;Dipols sowie eines geeigneten Modells für die Struktur einer freien elektromagnetischen Welle im Fernfeld eines &#x03BB;/2&#x2011;Dipols Empfangsmöglichkeiten mit Dipolen (Stabantennen) und Spulen (Ringantennen) durch Resonanzerscheinungen und berechnen für Dipole frequenzabhängig die optimale kleinste Empfangslänge.";https://lp-bavaria.org/13e4dcb1-cde0-40a5-a432-86786479f008;https://lp-bavaria.org/lis_live_isb.c.107432.de
Bayern;Berufsoberschule;Physik;Physik 13 (T);Jahrgangsstufe 13;;;;;lehrplan;kompetenz;http://purl.obolibrary.org/obo/BFO_0000001 | http://purl.obolibrary.org/obo/BFO_0000002 | http://purl.obolibrary.org/obo/BFO_0000031 | http://purl.obolibrary.org/obo/IAO_0000030 | http://www.w3.org/2002/07/owl#NamedIndividual | Curriculares Element | CE-Kompetenzspezifikation | Element (BY) | Kompetenzerwartung (BY);Quanten- und Atomphysik;"erläutern Versuche zur quantenhaften Energieemission und &#x2011;absorption von Atomen und unterscheiden die Anregung der Atomhülle durch Wechselwirkung mit freien Elektronen von der Anregung durch Photonenabsorption. Anhand vorgegebener oder aus experimentellen bzw. theoretischen Werten entwickelter Energieniveauschemata gebundener Zustände im Atom stellen sie quantitativ Zusammenhänge zwischen Energiedifferenzen bei Zustandsänderungen und der Wellenlänge bzw. der Frequenz der dabei ggf. absorbierten bzw. emittierten Strahlung her. Dazu nutzen sie den Energieerhaltungssatz und im Fall des Wasserstoffatoms auch die empirisch gewonnene Serienformel.";https://lp-bavaria.org/8abec666-9d33-4808-978a-bda7ba53b37b;https://lp-bavaria.org/lis_live_isb.c.107432.de
Bayern;Berufsoberschule;Physik;Physik 13 (T);Jahrgangsstufe 13;;;;;lehrplan;kompetenz;http://purl.obolibrary.org/obo/BFO_0000001 | http://purl.obolibrary.org/obo/BFO_0000002 | http://purl.obolibrary.org/obo/BFO_0000031 | http://purl.obolibrary.org/obo/IAO_0000030 | http://www.w3.org/2002/07/owl#NamedIndividual | Curriculares Element | CE-Kompetenzspezifikation | Element (BY) | Kompetenzerwartung (BY);Quanten- und Atomphysik;erläutern die Erzeugung von Röntgenstrahlung in einer Röntgenröhre, erklären mithilfe geeigneter Modellvorstellungen den kontinuierlichen und den charakteristischen Anteil des Emissionsspektrums und beurteilen den Einfluss der Beschleunigungsspannung der Röntgenröhre und des Anodenmaterials auf das Gesamtspektrum. Sie ziehen Rückschlüsse auf das verwendete Material in der Röntgenröhre und bewerten den medizintechnischen Einsatz von Röntgenstrahlung unter gesundheitlichen Gesichtspunkten. Für Strukturanalysen sowie zur Berechnung von Wellenlängen wenden sie die Gesetzmäßigkeiten der [lang=en]Bragg[/lang]-Reflexion an.;https://lp-bavaria.org/ed7ae518-cf3c-4719-946b-2be271c4e1b5;https://lp-bavaria.org/lis_live_isb.c.107432.de
Bayern;Berufsoberschule;Physik;Physik 13 (T);Jahrgangsstufe 13;;;;;lehrplan;kompetenz;http://purl.obolibrary.org/obo/BFO_0000001 | http://purl.obolibrary.org/obo/BFO_0000002 | http://purl.obolibrary.org/obo/BFO_0000031 | http://purl.obolibrary.org/obo/IAO_0000030 | http://www.w3.org/2002/07/owl#NamedIndividual | Curriculares Element | CE-Kompetenzspezifikation | Element (BY) | Kompetenzerwartung (BY);Quanten- und Atomphysik;"ermitteln mithilfe experimentell gewonnener Daten zur quantitativen Bestimmung des Zusammenhangs zwischen der Frequenz des eingestrahlten Lichtes und der maximalen kinetischen Energie der beim äußeren Fotoeffekt ausgelösten Elektronen materialspezifische Austrittsarbeiten, Grenzfrequenzen und das Planck'sche Wirkungsquantum.
Sie erläutern unter Berücksichtigung der quantisierten Energie&#x2011; und Impulsübertragung die physikalischen Grundlagen bei Wechselwirkungen elektromagnetischer Strahlung mit Materie.
";https://lp-bavaria.org/ab344c93-6b1d-4647-8d2d-2860e59fb872;https://lp-bavaria.org/lis_live_isb.c.107432.de
Bayern;Berufsoberschule;Physik;Physik 13 (T);Jahrgangsstufe 13;;;;;lehrplan;kompetenz;http://purl.obolibrary.org/obo/BFO_0000001 | http://purl.obolibrary.org/obo/BFO_0000002 | http://purl.obolibrary.org/obo/BFO_0000031 | http://purl.obolibrary.org/obo/IAO_0000030 | http://www.w3.org/2002/07/owl#NamedIndividual | Curriculares Element | CE-Kompetenzspezifikation | Element (BY) | Kompetenzerwartung (BY);Elektromagnetische Schwingungen und Wellen;"ermitteln mithilfe selbständig geplanter und durchgeführter Interferenzexperimente Gitterkonstanten periodischer Strukturen zur Beugung von sichtbarem Licht (z.&nbsp;B. optische Beugungsgitter, optische Datenträger) und bewerten die technischen Anwendungsmöglichkeiten der untersuchten Strukturen.";https://lp-bavaria.org/d40f8fc4-8c71-4664-82c0-c6661afcdee3;https://lp-bavaria.org/lis_live_isb.c.107432.de
Bayern;Berufsoberschule;Physik;Physik 13 (T);Jahrgangsstufe 13;;;;;lehrplan;kompetenz;http://purl.obolibrary.org/obo/BFO_0000001 | http://purl.obolibrary.org/obo/BFO_0000002 | http://purl.obolibrary.org/obo/BFO_0000031 | http://purl.obolibrary.org/obo/IAO_0000030 | http://www.w3.org/2002/07/owl#NamedIndividual | Curriculares Element | CE-Kompetenzspezifikation | Element (BY) | Kompetenzerwartung (BY);Elektromagnetische Schwingungen und Wellen;führen quantitative Betrachtungen zu Interferenzexperimenten mit Dipolstrahlung durch und bestimmen experimentell die Wellenlänge von Dipolstrahlung. Dabei nutzen sie in Analogie zu mechanischen Wellen das Superpositionsprinzip zur Erklärung von konstruktiver und destruktiver Interferenz elektromagnetischer Wellen sowie der Erzeugung einer stehenden Welle. Ausgehend von physikalischen Zusammenhängen ermitteln sie quantitativ die Ausbreitungsgeschwindigkeit elektromagnetischer Wellen in Abhängigkeit von der durchdrungenen Materie.;https://lp-bavaria.org/5253d2f9-82c0-48e9-ac0d-2d36d999841f;https://lp-bavaria.org/lis_live_isb.c.107432.de
Bayern;Berufsoberschule;Physik;Physik 13 (T);Jahrgangsstufe 13;;;;;lehrplan;kompetenz;http://purl.obolibrary.org/obo/BFO_0000001 | http://purl.obolibrary.org/obo/BFO_0000002 | http://purl.obolibrary.org/obo/BFO_0000031 | http://purl.obolibrary.org/obo/IAO_0000030 | http://www.w3.org/2002/07/owl#NamedIndividual | Curriculares Element | CE-Kompetenzspezifikation | Element (BY) | Kompetenzerwartung (BY);Elektromagnetische Schwingungen und Wellen;"identifizieren Licht als elektromagnetische Welle, indem sie übereinstimmende Ergebnisse aus Experimenten zur Beugung, Interferenz, Brechung, Reflexion und Polarisation von Dipolstrahlung und Licht einander gegenüberstellen. Auf der Basis ihres Wissens um grundlegende Eigenschaften und Wirkungen nichtionisierender elektromagnetischer Strahlung unterschiedlicher Wellenlängen&#x2011; bzw. Frequenzbereiche des elektromagnetischen Spektrums bewerten sie Risiken und Sicherheitsmaßnahmen bei der Nutzung von Radio&#x2011;, Mikrowellen sowie sichtbarem Licht im Alltag und bei modernen Technologien, z.&nbsp;B. Mobilfunk, WLAN, Laserpointer.";https://lp-bavaria.org/7c594167-b67d-4d7e-b650-97ad249a1df6;https://lp-bavaria.org/lis_live_isb.c.107432.de
Bayern;Berufsoberschule;Physik;Physik 13 (T);Jahrgangsstufe 13;;;;;lehrplan;inhalt;http://purl.obolibrary.org/obo/BFO_0000001 | http://purl.obolibrary.org/obo/BFO_0000002 | http://purl.obolibrary.org/obo/BFO_0000031 | http://purl.obolibrary.org/obo/IAO_0000030 | http://www.w3.org/2002/07/owl#NamedIndividual | Curriculares Element | CE-Lerninhalt | Element (BY) | Inhalt zu den Kompetenzen (BY);Kernphysik;"physikalische Eigenschaften der &#x03B1;&#x2011;, &#x03B2;&#x2011; und &#x03B3;&#x2011;Strahlung ";https://lp-bavaria.org/0d5fb4a5-6d8e-4dc6-b81a-50bc58db6a07;https://lp-bavaria.org/lis_live_isb.c.107432.de
Bayern;Berufsoberschule;Physik;Physik 13 (T);Jahrgangsstufe 13;;;;;lehrplan;inhalt;http://purl.obolibrary.org/obo/BFO_0000001 | http://purl.obolibrary.org/obo/BFO_0000002 | http://purl.obolibrary.org/obo/BFO_0000031 | http://purl.obolibrary.org/obo/IAO_0000030 | http://www.w3.org/2002/07/owl#NamedIndividual | Curriculares Element | CE-Lerninhalt | Element (BY) | Inhalt zu den Kompetenzen (BY);Geladene Teilchen in elektrischen und magnetischen Feldern;"relativistische Effekte: Ruhemasse, relativistische Masse, relativistischer Impuls, Äquivalenz von Masse und Energie,
relativistische Gesamtenergie, relativistische Energie-Impuls-Beziehung, Vakuumlichtgeschwindigkeit als Grenzgeschwindigkeit
";https://lp-bavaria.org/d333114a-5a2f-49f2-9cae-4922fd5eb4ae;https://lp-bavaria.org/lis_live_isb.c.107432.de
Bayern;Berufsoberschule;Physik;Physik 13 (T);Jahrgangsstufe 13;;;;;lehrplan;kompetenz;http://purl.obolibrary.org/obo/BFO_0000001 | http://purl.obolibrary.org/obo/BFO_0000002 | http://purl.obolibrary.org/obo/BFO_0000031 | http://purl.obolibrary.org/obo/IAO_0000030 | http://www.w3.org/2002/07/owl#NamedIndividual | Curriculares Element | CE-Kompetenzspezifikation | Element (BY) | Kompetenzerwartung (BY);Kernphysik;"stellen Zusammenhänge zwischen radioaktiver Strahlung und Kernumwandlungen her, indem sie auf Grundlage eines einfachen Potenzialtopfmodells für den Atomkern die Entstehung von &#x03B1;&#x2011;, &#x03B2;<sup>-</sup>&#x2011;, &#x03B2;<sup>+</sup>&#x2011; und &#x03B3;&#x2011;Strahlung begründen. Dabei argumentieren sie bei &#x03B1;&#x2011;Zerfällen mit dem Tunneleffekt und bei &#x03B2;&#x2011;Zerfällen mit der Umwandlung von Quarks. Mithilfe ihres Wissens über die Art der Quantenobjekte, die bei spontanen Zerfällen radioaktiver Nuklide emittiert werden, beschreiben sie Experimente zur Unterscheidung radioaktiver Strahlungsarten sowie zur quantitativen Messung der Energien der emittierten Quantenobjekte.";https://lp-bavaria.org/30696a84-9a58-4aa2-b97b-74b3f54308df;https://lp-bavaria.org/lis_live_isb.c.107432.de
Bayern;Berufsoberschule;Physik;Physik 13 (T);Jahrgangsstufe 13;;;;;lehrplan;kompetenz;http://purl.obolibrary.org/obo/BFO_0000001 | http://purl.obolibrary.org/obo/BFO_0000002 | http://purl.obolibrary.org/obo/BFO_0000031 | http://purl.obolibrary.org/obo/IAO_0000030 | http://www.w3.org/2002/07/owl#NamedIndividual | Curriculares Element | CE-Kompetenzspezifikation | Element (BY) | Kompetenzerwartung (BY);Quanten- und Atomphysik;"werten die experimentell an einer Elektronenbeugungsröhre gewonnenen Interferenzmuster unter Anwendung der Gesetzmäßigkeiten der [lang=en]Bragg[/lang]-Reflexion aus. Unter Verwendung der von ihnen im Rahmen der Versuchsauswertung ermittelten [lang=fr]de-Broglie[/lang]-Gleichung diskutieren sie für verschiedene Quantenobjekte (z.&nbsp;B. Fullerene) die technischen Herausforderungen zur Bestimmung der den Quantenobjekten zuordenbaren [lang=fr]de-Broglie[/lang]-Wellenlängen.";https://lp-bavaria.org/8c21e2d4-052d-4f83-96b6-5888fa229f78;https://lp-bavaria.org/lis_live_isb.c.107432.de
Bayern;Fachoberschule;Physik;Physik 13 (T);Jahrgangsstufe 13;;;;;lehrplan;inhalt;http://purl.obolibrary.org/obo/BFO_0000001 | http://purl.obolibrary.org/obo/BFO_0000002 | http://purl.obolibrary.org/obo/BFO_0000031 | http://purl.obolibrary.org/obo/IAO_0000030 | http://www.w3.org/2002/07/owl#NamedIndividual | Curriculares Element | CE-Lerninhalt | Element (BY) | Inhalt zu den Kompetenzen (BY);Elektromagnetische Schwingungen und Wellen;Abstrahlcharakteristik, abgestrahlte Intensität bzgl. der Dipolachse (insbesondere senkrecht und parallel zur Dipolachse);https://lp-bavaria.org/13628a11-0670-4a87-b482-d8b5d8377b60;https://lp-bavaria.org/lis_live_isb.c.56072.de
Bayern;Fachoberschule;Physik;Physik 13 (T);Jahrgangsstufe 13;;;;;lehrplan;inhalt;http://purl.obolibrary.org/obo/BFO_0000001 | http://purl.obolibrary.org/obo/BFO_0000002 | http://purl.obolibrary.org/obo/BFO_0000031 | http://purl.obolibrary.org/obo/IAO_0000030 | http://www.w3.org/2002/07/owl#NamedIndividual | Curriculares Element | CE-Lerninhalt | Element (BY) | Inhalt zu den Kompetenzen (BY);Kernphysik;"Anwendungen in der Medizin, z.&nbsp;B. Strahlentherapie, Positronen-Emissions-Tomografie, nuklearmedizinische Diagnostik";https://lp-bavaria.org/7de32439-88c5-4d8b-9c9b-5e3d5ff378de;https://lp-bavaria.org/lis_live_isb.c.56072.de
Bayern;Fachoberschule;Physik;Physik 13 (T);Jahrgangsstufe 13;;;;;lehrplan;inhalt;http://purl.obolibrary.org/obo/BFO_0000001 | http://purl.obolibrary.org/obo/BFO_0000002 | http://purl.obolibrary.org/obo/BFO_0000031 | http://purl.obolibrary.org/obo/IAO_0000030 | http://www.w3.org/2002/07/owl#NamedIndividual | Curriculares Element | CE-Lerninhalt | Element (BY) | Inhalt zu den Kompetenzen (BY);Elektromagnetische Schwingungen und Wellen;"Interferenzexperimente mit Dipolstrahlung, Doppelspalt, Interferenz gegenläufiger Wellen, z.&nbsp;B. Reflexion an Metallwand";https://lp-bavaria.org/f09e1daf-40a8-4a59-93ad-a62308bfa763;https://lp-bavaria.org/lis_live_isb.c.56072.de
Bayern;Fachoberschule;Physik;Physik 13 (T);Jahrgangsstufe 13;;;;;lehrplan;inhalt;http://purl.obolibrary.org/obo/BFO_0000001 | http://purl.obolibrary.org/obo/BFO_0000002 | http://purl.obolibrary.org/obo/BFO_0000031 | http://purl.obolibrary.org/obo/IAO_0000030 | http://www.w3.org/2002/07/owl#NamedIndividual | Curriculares Element | CE-Lerninhalt | Element (BY) | Inhalt zu den Kompetenzen (BY);Quanten- und Atomphysik;Jönsson-Experiment, Doppelspaltexperiment mit reduzierter Lichtintensität ;https://lp-bavaria.org/10aca532-8053-4578-9796-19f4c3e02d27;https://lp-bavaria.org/lis_live_isb.c.56072.de
Bayern;Fachoberschule;Physik;Physik 13 (T);Jahrgangsstufe 13;;;;;lehrplan;inhalt;http://purl.obolibrary.org/obo/BFO_0000001 | http://purl.obolibrary.org/obo/BFO_0000002 | http://purl.obolibrary.org/obo/BFO_0000031 | http://purl.obolibrary.org/obo/IAO_0000030 | http://www.w3.org/2002/07/owl#NamedIndividual | Curriculares Element | CE-Lerninhalt | Element (BY) | Inhalt zu den Kompetenzen (BY);Geladene Teilchen in elektrischen und magnetischen Feldern;Millikan-Versuch (Schwebefallmethode), Versuch mit dem Fadenstrahlrohr, Versuch von Bucherer ;https://lp-bavaria.org/cabcc03d-11bc-4149-8ca5-6f962ddb6d29;https://lp-bavaria.org/lis_live_isb.c.56072.de
Bayern;Fachoberschule;Physik;Physik 13 (T);Jahrgangsstufe 13;;;;;lehrplan;inhalt;http://purl.obolibrary.org/obo/BFO_0000001 | http://purl.obolibrary.org/obo/BFO_0000002 | http://purl.obolibrary.org/obo/BFO_0000031 | http://purl.obolibrary.org/obo/IAO_0000030 | http://www.w3.org/2002/07/owl#NamedIndividual | Curriculares Element | CE-Lerninhalt | Element (BY) | Inhalt zu den Kompetenzen (BY);Quanten- und Atomphysik;Röntgenstrahlung: Erzeugung, charakteristische Strahlung, Bremsstrahlung, Grenzwellenlänge, Gesetz von Moseley, Strukturanalyse mit der Einkristallmethode ;https://lp-bavaria.org/8beb66bc-a5b2-4624-828a-5d554ee2e5fa;https://lp-bavaria.org/lis_live_isb.c.56072.de
Bayern;Fachoberschule;Physik;Physik 13 (T);Jahrgangsstufe 13;;;;;lehrplan;inhalt;http://purl.obolibrary.org/obo/BFO_0000001 | http://purl.obolibrary.org/obo/BFO_0000002 | http://purl.obolibrary.org/obo/BFO_0000031 | http://purl.obolibrary.org/obo/IAO_0000030 | http://www.w3.org/2002/07/owl#NamedIndividual | Curriculares Element | CE-Lerninhalt | Element (BY) | Inhalt zu den Kompetenzen (BY);Kernphysik;"Strahlenschutz, Strahlenbelastung, Energie&#x2011; und Äquivalentdosis ";https://lp-bavaria.org/52c34fb5-0469-45e1-9e94-3a5421a9adb6;https://lp-bavaria.org/lis_live_isb.c.56072.de
Bayern;Fachoberschule;Physik;Physik 13 (T);Jahrgangsstufe 13;;;;;lehrplan;inhalt;http://purl.obolibrary.org/obo/BFO_0000001 | http://purl.obolibrary.org/obo/BFO_0000002 | http://purl.obolibrary.org/obo/BFO_0000031 | http://purl.obolibrary.org/obo/IAO_0000030 | http://www.w3.org/2002/07/owl#NamedIndividual | Curriculares Element | CE-Lerninhalt | Element (BY) | Inhalt zu den Kompetenzen (BY);Kernphysik;Wechselwirkung radioaktiver Strahlung mit Materie: Ionisation, Bremsstrahlung, äußerer Fotoeffekt, Comptoneffekt, Paarbildung ;https://lp-bavaria.org/f936cd01-7558-4324-be53-70e83a643cd2;https://lp-bavaria.org/lis_live_isb.c.56072.de
Bayern;Fachoberschule;Physik;Physik 13 (T);Jahrgangsstufe 13;;;;;lehrplan;inhalt;http://purl.obolibrary.org/obo/BFO_0000001 | http://purl.obolibrary.org/obo/BFO_0000002 | http://purl.obolibrary.org/obo/BFO_0000031 | http://purl.obolibrary.org/obo/IAO_0000030 | http://www.w3.org/2002/07/owl#NamedIndividual | Curriculares Element | CE-Lerninhalt | Element (BY) | Inhalt zu den Kompetenzen (BY);Quanten- und Atomphysik;Wechselwirkungen elektromagnetischer Strahlung mit Materie: äußerer Fotoeffekt, Comptoneffekt, Paarbildung (nur Energiebilanz) ;https://lp-bavaria.org/81837232-43f4-402d-9014-28797df637ad;https://lp-bavaria.org/lis_live_isb.c.56072.de
Bayern;Fachoberschule;Physik;Physik 13 (T);Jahrgangsstufe 13;;;;;lehrplan;kompetenz;http://purl.obolibrary.org/obo/BFO_0000001 | http://purl.obolibrary.org/obo/BFO_0000002 | http://purl.obolibrary.org/obo/BFO_0000031 | http://purl.obolibrary.org/obo/IAO_0000030 | http://www.w3.org/2002/07/owl#NamedIndividual | Curriculares Element | CE-Kompetenzspezifikation | Element (BY) | Kompetenzerwartung (BY);Elektromagnetische Schwingungen und Wellen;beschreiben experimentelle Methoden zur spektralen Zerlegung des Lichts einer Gasentladungsröhre sowie eines glühenden Körpers mithilfe eines optischen Gitters unter der Voraussetzung kohärenter Lichtquellen. Sie vergleichen Lichtquellen anhand ihrer Spektren bzw. Interferenzbilder und ermitteln experimentell aus diesen die Wellenlängen einzelner Spektrallinien sowie Wellenlängenbereiche von Spektralfarben des sichtbaren Lichts. ;https://lp-bavaria.org/b15bf8d0-688e-4d0b-bd83-76b0a12ec49e;https://lp-bavaria.org/lis_live_isb.c.56072.de
Bayern;Fachoberschule;Physik;Physik 13 (T);Jahrgangsstufe 13;;;;;lehrplan;kompetenz;http://purl.obolibrary.org/obo/BFO_0000001 | http://purl.obolibrary.org/obo/BFO_0000002 | http://purl.obolibrary.org/obo/BFO_0000031 | http://purl.obolibrary.org/obo/IAO_0000030 | http://www.w3.org/2002/07/owl#NamedIndividual | Curriculares Element | CE-Kompetenzspezifikation | Element (BY) | Kompetenzerwartung (BY);Elektromagnetische Schwingungen und Wellen;"bestimmen die Wellenlänge von kohärentem monochromatischem Licht (z.&nbsp;B. Laserlicht) aus Daten von Doppelspalt&#x2011; und Beugungsgitterversuchen und bewerten qualitativ den Einfluss der Anzahl der durchleuchteten Spalte auf die Intensitätsverteilung des gebeugten Lichts am Beobachtungsschirm. Bei Interferenzerscheinungen am optischen Gitter entscheiden sie durch Rechnung, unter welchen Winkeln gegenüber der Senkrechten zum Gitter Intensitätsmaxima bzw. Intensitätsminima bestimmter Ordnung auftreten.";https://lp-bavaria.org/66925783-c44d-4a85-bcad-eabb077cc85d;https://lp-bavaria.org/lis_live_isb.c.56072.de
Bayern;Fachoberschule;Physik;Physik 13 (T);Jahrgangsstufe 13;;;;;lehrplan;kompetenz;http://purl.obolibrary.org/obo/BFO_0000001 | http://purl.obolibrary.org/obo/BFO_0000002 | http://purl.obolibrary.org/obo/BFO_0000031 | http://purl.obolibrary.org/obo/IAO_0000030 | http://www.w3.org/2002/07/owl#NamedIndividual | Curriculares Element | CE-Kompetenzspezifikation | Element (BY) | Kompetenzerwartung (BY);Kernphysik;"beurteilen die Wirkung von ionisierender Strahlung (z.&nbsp;B. radioaktive Strahlung, Höhenstrahlung) auf biologisches Gewebe, indem sie ihr phänomenologisches Wissen über die Wechselwirkung von Strahlung mit Materie nutzen. Dazu erläutern sie qualitativ die Funktionsweise von Messgeräten zur Untersuchung von Ionendosis und Aktivität und charakterisieren die Stärke der Wechselwirkung bzw. die biologische Wirkung der jeweiligen Strahlungsart durch die Energie&#x2011; bzw. Äquivalentdosis. Sie bewerten die Risiken und den Nutzen von Behandlungsmethoden und diagnostischen Verfahren in der Nuklearmedizin und treffen geeignete Strahlenschutzmaßnahmen.";https://lp-bavaria.org/6b94a221-fb95-435f-ada6-14e77d5902af;https://lp-bavaria.org/lis_live_isb.c.56072.de
Bayern;Fachoberschule;Physik;Physik 13 (T);Jahrgangsstufe 13;;;;;lehrplan;kompetenz;http://purl.obolibrary.org/obo/BFO_0000001 | http://purl.obolibrary.org/obo/BFO_0000002 | http://purl.obolibrary.org/obo/BFO_0000031 | http://purl.obolibrary.org/obo/IAO_0000030 | http://www.w3.org/2002/07/owl#NamedIndividual | Curriculares Element | CE-Kompetenzspezifikation | Element (BY) | Kompetenzerwartung (BY);Elektromagnetische Schwingungen und Wellen;"beurteilen mithilfe der Abstrahlcharakteristik eines &#x03BB;/2&#x2011;Dipols sowie eines geeigneten Modells für die Struktur einer freien elektromagnetischen Welle im Fernfeld eines &#x03BB;/2&#x2011;Dipols Empfangsmöglichkeiten mit Dipolen (Stabantennen) und Spulen (Ringantennen) durch Resonanzerscheinungen und berechnen für Dipole frequenzabhängig die optimale kleinste Empfangslänge.";https://lp-bavaria.org/53a974e7-4034-4b3c-ac6d-0bf5bd48ed4b;https://lp-bavaria.org/lis_live_isb.c.56072.de
Bayern;Fachoberschule;Physik;Physik 13 (T);Jahrgangsstufe 13;;;;;lehrplan;kompetenz;http://purl.obolibrary.org/obo/BFO_0000001 | http://purl.obolibrary.org/obo/BFO_0000002 | http://purl.obolibrary.org/obo/BFO_0000031 | http://purl.obolibrary.org/obo/IAO_0000030 | http://www.w3.org/2002/07/owl#NamedIndividual | Curriculares Element | CE-Kompetenzspezifikation | Element (BY) | Kompetenzerwartung (BY);Quanten- und Atomphysik;"erläutern Versuche zur quantenhaften Energieemission und &#x2011;absorption von Atomen und unterscheiden die Anregung der Atomhülle durch Wechselwirkung mit freien Elektronen von der Anregung durch Photonenabsorption. Anhand vorgegebener oder aus experimentellen bzw. theoretischen Werten entwickelter Energieniveauschemata gebundener Zustände im Atom stellen sie quantitativ Zusammenhänge zwischen Energiedifferenzen bei Zustandsänderungen und der Wellenlänge bzw. der Frequenz der dabei ggf. absorbierten bzw. emittierten Strahlung her. Dazu nutzen sie den Energieerhaltungssatz und im Fall des Wasserstoffatoms auch die empirisch gewonnene Serienformel.";https://lp-bavaria.org/a6e0b310-703d-4f70-b3c9-fb268326fd1b;https://lp-bavaria.org/lis_live_isb.c.56072.de
Bayern;Fachoberschule;Physik;Physik 13 (T);Jahrgangsstufe 13;;;;;lehrplan;kompetenz;http://purl.obolibrary.org/obo/BFO_0000001 | http://purl.obolibrary.org/obo/BFO_0000002 | http://purl.obolibrary.org/obo/BFO_0000031 | http://purl.obolibrary.org/obo/IAO_0000030 | http://www.w3.org/2002/07/owl#NamedIndividual | Curriculares Element | CE-Kompetenzspezifikation | Element (BY) | Kompetenzerwartung (BY);Quanten- und Atomphysik;erläutern die Erzeugung von Röntgenstrahlung in einer Röntgenröhre, erklären mithilfe geeigneter Modellvorstellungen den kontinuierlichen und den charakteristischen Anteil des Emissionsspektrums und beurteilen den Einfluss der Beschleunigungsspannung der Röntgenröhre und des Anodenmaterials auf das Gesamtspektrum. Sie ziehen Rückschlüsse auf das verwendete Material in der Röntgenröhre und bewerten den medizintechnischen Einsatz von Röntgenstrahlung unter gesundheitlichen Gesichtspunkten. Für Strukturanalysen sowie zur Berechnung von Wellenlängen wenden sie die Gesetzmäßigkeiten der [lang=en]Bragg[/lang]-Reflexion an.;https://lp-bavaria.org/3705eeea-898d-4ed8-979c-a51c7c0cead6;https://lp-bavaria.org/lis_live_isb.c.56072.de
Bayern;Fachoberschule;Physik;Physik 13 (T);Jahrgangsstufe 13;;;;;lehrplan;kompetenz;http://purl.obolibrary.org/obo/BFO_0000001 | http://purl.obolibrary.org/obo/BFO_0000002 | http://purl.obolibrary.org/obo/BFO_0000031 | http://purl.obolibrary.org/obo/IAO_0000030 | http://www.w3.org/2002/07/owl#NamedIndividual | Curriculares Element | CE-Kompetenzspezifikation | Element (BY) | Kompetenzerwartung (BY);Quanten- und Atomphysik;"ermitteln mithilfe experimentell gewonnener Daten zur quantitativen Bestimmung des Zusammenhangs zwischen der Frequenz des eingestrahlten Lichtes und der maximalen kinetischen Energie der beim äußeren Fotoeffekt ausgelösten Elektronen materialspezifische Austrittsarbeiten, Grenzfrequenzen und das Planck'sche Wirkungsquantum.
Sie erläutern unter Berücksichtigung der quantisierten Energie&#x2011; und Impulsübertragung die physikalischen Grundlagen bei Wechselwirkungen elektromagnetischer Strahlung mit Materie.
";https://lp-bavaria.org/4dbd9f67-b89c-4a14-9947-3e61c077f579;https://lp-bavaria.org/lis_live_isb.c.56072.de
Bayern;Fachoberschule;Physik;Physik 13 (T);Jahrgangsstufe 13;;;;;lehrplan;kompetenz;http://purl.obolibrary.org/obo/BFO_0000001 | http://purl.obolibrary.org/obo/BFO_0000002 | http://purl.obolibrary.org/obo/BFO_0000031 | http://purl.obolibrary.org/obo/IAO_0000030 | http://www.w3.org/2002/07/owl#NamedIndividual | Curriculares Element | CE-Kompetenzspezifikation | Element (BY) | Kompetenzerwartung (BY);Elektromagnetische Schwingungen und Wellen;"ermitteln mithilfe selbständig geplanter und durchgeführter Interferenzexperimente Gitterkonstanten periodischer Strukturen zur Beugung von sichtbarem Licht (z.&nbsp;B. optische Beugungsgitter, optische Datenträger) und bewerten die technischen Anwendungsmöglichkeiten der untersuchten Strukturen.";https://lp-bavaria.org/b332152f-ae45-4a40-998c-7fa47f27e59c;https://lp-bavaria.org/lis_live_isb.c.56072.de
Bayern;Fachoberschule;Physik;Physik 13 (T);Jahrgangsstufe 13;;;;;lehrplan;kompetenz;http://purl.obolibrary.org/obo/BFO_0000001 | http://purl.obolibrary.org/obo/BFO_0000002 | http://purl.obolibrary.org/obo/BFO_0000031 | http://purl.obolibrary.org/obo/IAO_0000030 | http://www.w3.org/2002/07/owl#NamedIndividual | Curriculares Element | CE-Kompetenzspezifikation | Element (BY) | Kompetenzerwartung (BY);Elektromagnetische Schwingungen und Wellen;führen quantitative Betrachtungen zu Interferenzexperimenten mit Dipolstrahlung durch und bestimmen experimentell die Wellenlänge von Dipolstrahlung. Dabei nutzen sie in Analogie zu mechanischen Wellen das Superpositionsprinzip zur Erklärung von konstruktiver und destruktiver Interferenz elektromagnetischer Wellen sowie der Erzeugung einer stehenden Welle. Ausgehend von physikalischen Zusammenhängen ermitteln sie quantitativ die Ausbreitungsgeschwindigkeit elektromagnetischer Wellen in Abhängigkeit von der durchdrungenen Materie.;https://lp-bavaria.org/f50479d9-f143-416a-8d7d-bb7016fe3cf7;https://lp-bavaria.org/lis_live_isb.c.56072.de
Bayern;Fachoberschule;Physik;Physik 13 (T);Jahrgangsstufe 13;;;;;lehrplan;kompetenz;http://purl.obolibrary.org/obo/BFO_0000001 | http://purl.obolibrary.org/obo/BFO_0000002 | http://purl.obolibrary.org/obo/BFO_0000031 | http://purl.obolibrary.org/obo/IAO_0000030 | http://www.w3.org/2002/07/owl#NamedIndividual | Curriculares Element | CE-Kompetenzspezifikation | Element (BY) | Kompetenzerwartung (BY);Elektromagnetische Schwingungen und Wellen;"identifizieren Licht als elektromagnetische Welle, indem sie übereinstimmende Ergebnisse aus Experimenten zur Beugung, Interferenz, Brechung, Reflexion und Polarisation von Dipolstrahlung und Licht einander gegenüberstellen. Auf der Basis ihres Wissens um grundlegende Eigenschaften und Wirkungen nichtionisierender elektromagnetischer Strahlung unterschiedlicher Wellenlängen&#x2011; bzw. Frequenzbereiche des elektromagnetischen Spektrums bewerten sie Risiken und Sicherheitsmaßnahmen bei der Nutzung von Radio&#x2011;, Mikrowellen sowie sichtbarem Licht im Alltag und bei modernen Technologien, z.&nbsp;B. Mobilfunk, WLAN, Laserpointer.";https://lp-bavaria.org/fdad3000-762e-4608-9be2-5d37c27d55f1;https://lp-bavaria.org/lis_live_isb.c.56072.de
Bayern;Fachoberschule;Physik;Physik 13 (T);Jahrgangsstufe 13;;;;;lehrplan;inhalt;http://purl.obolibrary.org/obo/BFO_0000001 | http://purl.obolibrary.org/obo/BFO_0000002 | http://purl.obolibrary.org/obo/BFO_0000031 | http://purl.obolibrary.org/obo/IAO_0000030 | http://www.w3.org/2002/07/owl#NamedIndividual | Curriculares Element | CE-Lerninhalt | Element (BY) | Inhalt zu den Kompetenzen (BY);Kernphysik;"physikalische Eigenschaften der &#x03B1;&#x2011;, &#x03B2;&#x2011; und &#x03B3;&#x2011;Strahlung ";https://lp-bavaria.org/7d472d94-df44-4b09-bdbb-d1bb9ca0add0;https://lp-bavaria.org/lis_live_isb.c.56072.de
Bayern;Fachoberschule;Physik;Physik 13 (T);Jahrgangsstufe 13;;;;;lehrplan;inhalt;http://purl.obolibrary.org/obo/BFO_0000001 | http://purl.obolibrary.org/obo/BFO_0000002 | http://purl.obolibrary.org/obo/BFO_0000031 | http://purl.obolibrary.org/obo/IAO_0000030 | http://www.w3.org/2002/07/owl#NamedIndividual | Curriculares Element | CE-Lerninhalt | Element (BY) | Inhalt zu den Kompetenzen (BY);Geladene Teilchen in elektrischen und magnetischen Feldern;"relativistische Effekte: Ruhemasse, relativistische Masse, relativistischer Impuls, Äquivalenz von Masse und Energie,
relativistische Gesamtenergie, relativistische Energie-Impuls-Beziehung, Vakuumlichtgeschwindigkeit als Grenzgeschwindigkeit
";https://lp-bavaria.org/0a217615-e513-4c0f-9fdf-dbbcbd84063f;https://lp-bavaria.org/lis_live_isb.c.56072.de
Bayern;Fachoberschule;Physik;Physik 13 (T);Jahrgangsstufe 13;;;;;lehrplan;kompetenz;http://purl.obolibrary.org/obo/BFO_0000001 | http://purl.obolibrary.org/obo/BFO_0000002 | http://purl.obolibrary.org/obo/BFO_0000031 | http://purl.obolibrary.org/obo/IAO_0000030 | http://www.w3.org/2002/07/owl#NamedIndividual | Curriculares Element | CE-Kompetenzspezifikation | Element (BY) | Kompetenzerwartung (BY);Kernphysik;"stellen Zusammenhänge zwischen radioaktiver Strahlung und Kernumwandlungen her, indem sie auf Grundlage eines einfachen Potenzialtopfmodells für den Atomkern die Entstehung von &#x03B1;&#x2011;, &#x03B2;<sup>-</sup>&#x2011;, &#x03B2;<sup>+</sup>&#x2011; und &#x03B3;&#x2011;Strahlung begründen. Dabei argumentieren sie bei &#x03B1;-Zerfällen mit dem Tunneleffekt und bei &#x03B2;-Zerfällen mit der Umwandlung von Quarks. Mithilfe ihres Wissens über die Art der Quantenobjekte, die bei spontanen Zerfällen radioaktiver Nuklide emittiert werden, beschreiben sie Experimente zur Unterscheidung radioaktiver Strahlungsarten sowie zur quantitativen Messung der Energien der emittierten Quantenobjekte.";https://lp-bavaria.org/f1aaa7cd-1dff-4536-9451-a9f54566c485;https://lp-bavaria.org/lis_live_isb.c.56072.de
Bayern;Fachoberschule;Physik;Physik 13 (T);Jahrgangsstufe 13;;;;;lehrplan;kompetenz;http://purl.obolibrary.org/obo/BFO_0000001 | http://purl.obolibrary.org/obo/BFO_0000002 | http://purl.obolibrary.org/obo/BFO_0000031 | http://purl.obolibrary.org/obo/IAO_0000030 | http://www.w3.org/2002/07/owl#NamedIndividual | Curriculares Element | CE-Kompetenzspezifikation | Element (BY) | Kompetenzerwartung (BY);Quanten- und Atomphysik;"werten die experimentell an einer Elektronenbeugungsröhre gewonnenen Interferenzmuster unter Anwendung der Gesetzmäßigkeiten der [lang=en]Bragg[/lang]-Reflexion aus. Unter Verwendung der von ihnen im Rahmen der Versuchsauswertung ermittelten [lang=fr]de-Broglie[/lang]-Gleichung diskutieren sie für verschiedene Quantenobjekte (z.&nbsp;B. Fullerene) die technischen Herausforderungen zur Bestimmung der den Quantenobjekten zuordenbaren [lang=fr]de-Broglie[/lang]-Wellenlängen.";https://lp-bavaria.org/17685f35-882d-4e9c-9900-874f73156328;https://lp-bavaria.org/lis_live_isb.c.56072.de
Bayern;Gymnasium;Physik;Physik 13 (grundlegendes Anforderungsniveau, Astrophysik);Jahrgangsstufe 13;;;;Grundlegendes Anforderungsniveau (BY);lehrplan;inhalt;http://purl.obolibrary.org/obo/BFO_0000001 | http://purl.obolibrary.org/obo/BFO_0000002 | http://purl.obolibrary.org/obo/BFO_0000031 | http://purl.obolibrary.org/obo/IAO_0000030 | http://www.w3.org/2002/07/owl#NamedIndividual | Curriculares Element | CE-Lerninhalt | Element (BY) | Inhalt zu den Kompetenzen (BY);Großstrukturen im Weltall;Ausblick: Urknallmodell, Expansion des Universums, kosmische Hintergrundstrahlung, Größe und Alter des Universums, Hinweis auf Dunkle Energie;https://lp-bavaria.org/e2832f51-8194-4cd9-b6cd-aec286b2b7b4;https://lp-bavaria.org/lis_live_isb.c.313722.de
Bayern;Gymnasium;Physik;Physik 13 (grundlegendes Anforderungsniveau, Astrophysik);Jahrgangsstufe 13;;;;Grundlegendes Anforderungsniveau (BY);lehrplan;inhalt;http://purl.obolibrary.org/obo/BFO_0000001 | http://purl.obolibrary.org/obo/BFO_0000002 | http://purl.obolibrary.org/obo/BFO_0000031 | http://purl.obolibrary.org/obo/IAO_0000030 | http://www.w3.org/2002/07/owl#NamedIndividual | Curriculares Element | CE-Lerninhalt | Element (BY) | Inhalt zu den Kompetenzen (BY);Die Sonne;Strahlungsgleichgewicht, Oberflächentemperaturen weiterer Körper im Sonnensystem, habitable Zone;https://lp-bavaria.org/dd7827dc-7182-458f-96b8-0a7991721174;https://lp-bavaria.org/lis_live_isb.c.313722.de
Bayern;Gymnasium;Physik;Physik 13 (grundlegendes Anforderungsniveau, Astrophysik);Jahrgangsstufe 13;;;;Grundlegendes Anforderungsniveau (BY);lehrplan;kompetenz;http://purl.obolibrary.org/obo/BFO_0000001 | http://purl.obolibrary.org/obo/BFO_0000002 | http://purl.obolibrary.org/obo/BFO_0000031 | http://purl.obolibrary.org/obo/IAO_0000030 | http://www.w3.org/2002/07/owl#NamedIndividual | Curriculares Element | CE-Kompetenzspezifikation | Element (BY) | Kompetenzerwartung (BY);Großstrukturen im Weltall;"beurteilen mithilfe der Galaxienflucht und der kosmischen Hintergrundstrahlung Aussagen zur zeitlichen Entwicklung des Universums im Urknallmodell und schätzen mit der Hubble&#8209;Beziehung das Alter des Universums ab.";https://lp-bavaria.org/6e12cacc-ebad-4fb6-ab3e-0b39a58646e9;https://lp-bavaria.org/lis_live_isb.c.313722.de
Bayern;Gymnasium;Physik;Physik 13 (grundlegendes Anforderungsniveau, Astrophysik);Jahrgangsstufe 13;;;;Grundlegendes Anforderungsniveau (BY);lehrplan;kompetenz;http://purl.obolibrary.org/obo/BFO_0000001 | http://purl.obolibrary.org/obo/BFO_0000002 | http://purl.obolibrary.org/obo/BFO_0000031 | http://purl.obolibrary.org/obo/IAO_0000030 | http://www.w3.org/2002/07/owl#NamedIndividual | Curriculares Element | CE-Kompetenzspezifikation | Element (BY) | Kompetenzerwartung (BY);Sterne;nutzen zur Massenbestimmung Beobachtungen bei Zweikörpersystemen im optischen Bereich und bei der Abstrahlung von Gravitationswellen, deren Entstehung sie sich in einer Analogiebetrachtung zu elektromagnetischen Wellen plausibel machen.;https://lp-bavaria.org/9765730e-affa-4994-8ebf-a9e718e5119e;https://lp-bavaria.org/lis_live_isb.c.313722.de
Bayern;Gymnasium;Physik;Physik 13 (grundlegendes Anforderungsniveau, Astrophysik);Jahrgangsstufe 13;;;;Grundlegendes Anforderungsniveau (BY);lehrplan;kompetenz;http://purl.obolibrary.org/obo/BFO_0000001 | http://purl.obolibrary.org/obo/BFO_0000002 | http://purl.obolibrary.org/obo/BFO_0000031 | http://purl.obolibrary.org/obo/IAO_0000030 | http://www.w3.org/2002/07/owl#NamedIndividual | Curriculares Element | CE-Kompetenzspezifikation | Element (BY) | Kompetenzerwartung (BY);Orientierung am Himmel;"orientieren sich am Nachthimmel mit Unterstützung einer Sternkarte oder geeigneter Software. Sie wählen interessengeleitet einzelne astronomische Objekte für eine Präsentation aus, in der sie Informationen aus geeigneten Fachtexten und z.&nbsp;B. Aufnahmen aus unterschiedlichen Spektralbereichen zusammenfassen. Sie klassifizieren mit bloßem Auge beobachtbare Objekte und treffen unter Berücksichtigung von räumlichen und zeitlichen Aspekten grundlegende Aussagen über deren Sichtbarkeit.";https://lp-bavaria.org/36da3b37-a564-4859-9451-660d9e4b2e86;https://lp-bavaria.org/lis_live_isb.c.313722.de
Bayern;Gymnasium;Physik;Physik 13 (grundlegendes Anforderungsniveau, Astrophysik);Jahrgangsstufe 13;;;;Grundlegendes Anforderungsniveau (BY);lehrplan;kompetenz;http://purl.obolibrary.org/obo/BFO_0000001 | http://purl.obolibrary.org/obo/BFO_0000002 | http://purl.obolibrary.org/obo/BFO_0000031 | http://purl.obolibrary.org/obo/IAO_0000030 | http://www.w3.org/2002/07/owl#NamedIndividual | Curriculares Element | CE-Kompetenzspezifikation | Element (BY) | Kompetenzerwartung (BY);Die Sonne;setzen Strahlungsgleichgewichte an, um Temperaturen abzuschätzen, insbesondere die mittlere Oberflächentemperatur von Himmelskörpern unseres Sonnensystems. Sie reflektieren die hierbei getroffenen Annahmen und nehmen die ermittelten Temperaturwerte als Ausgangspunkt, um Lebensbedingungen auf Himmelskörpern in unserem Sonnensystem zu beurteilen.;https://lp-bavaria.org/350f6433-bab2-451a-bb1b-080169f30d0e;https://lp-bavaria.org/lis_live_isb.c.313722.de
Bayern;Gymnasium;Physik;Physik 13 (grundlegendes Anforderungsniveau);Jahrgangsstufe 13;;;;Grundlegendes Anforderungsniveau (BY);lehrplan;inhalt;http://purl.obolibrary.org/obo/BFO_0000001 | http://purl.obolibrary.org/obo/BFO_0000002 | http://purl.obolibrary.org/obo/BFO_0000031 | http://purl.obolibrary.org/obo/IAO_0000030 | http://www.w3.org/2002/07/owl#NamedIndividual | Curriculares Element | CE-Lerninhalt | Element (BY) | Inhalt zu den Kompetenzen (BY);Ein Atommodell der Quantenphysik;"Emission und Absorption von Licht atomarer Gase, Energieniveauschema der Atomhülle, charakteristisches Röntgenspektrum
";https://lp-bavaria.org/7fad25b5-eb56-4af5-92f5-896fe3b0a0cd;https://lp-bavaria.org/lis_live_isb.c.219332.de
Bayern;Gymnasium;Physik;Physik 13 (grundlegendes Anforderungsniveau);Jahrgangsstufe 13;;;;Grundlegendes Anforderungsniveau (BY);lehrplan;inhalt;http://purl.obolibrary.org/obo/BFO_0000001 | http://purl.obolibrary.org/obo/BFO_0000002 | http://purl.obolibrary.org/obo/BFO_0000031 | http://purl.obolibrary.org/obo/IAO_0000030 | http://www.w3.org/2002/07/owl#NamedIndividual | Curriculares Element | CE-Lerninhalt | Element (BY) | Inhalt zu den Kompetenzen (BY);Ein einfaches Kernmodell der Quantenphysik;"Energiebilanzen bei Zerfällen und Kernreaktionen, Energiespektren der Strahlungsarten
";https://lp-bavaria.org/8121ba57-3bb6-458c-b24d-a40ec930fa28;https://lp-bavaria.org/lis_live_isb.c.219332.de
Bayern;Gymnasium;Physik;Physik 13 (grundlegendes Anforderungsniveau);Jahrgangsstufe 13;;;;Grundlegendes Anforderungsniveau (BY);lehrplan;inhalt;http://purl.obolibrary.org/obo/BFO_0000001 | http://purl.obolibrary.org/obo/BFO_0000002 | http://purl.obolibrary.org/obo/BFO_0000031 | http://purl.obolibrary.org/obo/IAO_0000030 | http://www.w3.org/2002/07/owl#NamedIndividual | Curriculares Element | CE-Lerninhalt | Element (BY) | Inhalt zu den Kompetenzen (BY);Ein einfaches Kernmodell der Quantenphysik;"Entstehung von α&#8209;, β<sup>-</sup>&#8209;, β<sup>+</sup>&#8209; und γ&#8209;Strahlung, Tunneleffekt beim α&#8209;Zerfall, β&#8209;Zerfälle im Standardmodell, Stabilität von Atomkernen";https://lp-bavaria.org/29101cf8-c8e6-495f-b702-95dbec6d7314;https://lp-bavaria.org/lis_live_isb.c.219332.de
Bayern;Gymnasium;Physik;Physik 13 (grundlegendes Anforderungsniveau);Jahrgangsstufe 13;;;;Grundlegendes Anforderungsniveau (BY);lehrplan;inhalt;http://purl.obolibrary.org/obo/BFO_0000001 | http://purl.obolibrary.org/obo/BFO_0000002 | http://purl.obolibrary.org/obo/BFO_0000031 | http://purl.obolibrary.org/obo/IAO_0000030 | http://www.w3.org/2002/07/owl#NamedIndividual | Curriculares Element | CE-Lerninhalt | Element (BY) | Inhalt zu den Kompetenzen (BY);Radioaktivität und Kernenergietechnik;"Ionisierende Wirkung und Nachweis von α&#8209;, β&#8209; und γ&#8209;Strahlung";https://lp-bavaria.org/879af29d-1e95-43fd-8ca9-b82537b67893;https://lp-bavaria.org/lis_live_isb.c.219332.de
Bayern;Gymnasium;Physik;Physik 13 (grundlegendes Anforderungsniveau);Jahrgangsstufe 13;;;;Grundlegendes Anforderungsniveau (BY);lehrplan;inhalt;http://purl.obolibrary.org/obo/BFO_0000001 | http://purl.obolibrary.org/obo/BFO_0000002 | http://purl.obolibrary.org/obo/BFO_0000031 | http://purl.obolibrary.org/obo/IAO_0000030 | http://www.w3.org/2002/07/owl#NamedIndividual | Curriculares Element | CE-Lerninhalt | Element (BY) | Inhalt zu den Kompetenzen (BY);Radioaktivität und Kernenergietechnik;Strahlenbelastung des Menschen durch natürliche und künstliche Strahlung, Energiedosis und Äquivalentdosis, Maßnahmen zum Strahlenschutz;https://lp-bavaria.org/cefe1ae1-a8a8-41d8-a41b-49fe2aa5910f;https://lp-bavaria.org/lis_live_isb.c.219332.de
Bayern;Gymnasium;Physik;Physik 13 (grundlegendes Anforderungsniveau);Jahrgangsstufe 13;;;;Grundlegendes Anforderungsniveau (BY);lehrplan;kompetenz;http://purl.obolibrary.org/obo/BFO_0000001 | http://purl.obolibrary.org/obo/BFO_0000002 | http://purl.obolibrary.org/obo/BFO_0000031 | http://purl.obolibrary.org/obo/IAO_0000030 | http://www.w3.org/2002/07/owl#NamedIndividual | Curriculares Element | CE-Kompetenzspezifikation | Element (BY) | Kompetenzerwartung (BY);Radioaktivität und Kernenergietechnik;"erläutern ausgehend von der ionisierenden Wirkung der α&#8209;, β&#8209; und γ&#8209;Strahlung die grundsätzliche Funktionsweise eines Geiger&#8209;Müller-Zählers.";https://lp-bavaria.org/7bbfd20d-134f-4393-879e-236f8e53c833;https://lp-bavaria.org/lis_live_isb.c.219332.de
Bayern;Gymnasium;Physik;Physik 13 (grundlegendes Anforderungsniveau);Jahrgangsstufe 13;;;;Grundlegendes Anforderungsniveau (BY);lehrplan;kompetenz;http://purl.obolibrary.org/obo/BFO_0000001 | http://purl.obolibrary.org/obo/BFO_0000002 | http://purl.obolibrary.org/obo/BFO_0000031 | http://purl.obolibrary.org/obo/IAO_0000030 | http://www.w3.org/2002/07/owl#NamedIndividual | Curriculares Element | CE-Kompetenzspezifikation | Element (BY) | Kompetenzerwartung (BY);Ein Atommodell der Quantenphysik;erläutern für beliebige Atome Beobachtungen zu Emission und Absorption von Strahlung mithilfe des vorgegebenen Energieniveauschemas der Atomhülle als Ganzes.;https://lp-bavaria.org/51af5ca0-dd1a-4f2c-a37a-e1806f89cc2c;https://lp-bavaria.org/lis_live_isb.c.219332.de
Bayern;Gymnasium;Physik;Physik 13 (grundlegendes Anforderungsniveau);Jahrgangsstufe 13;;;;Grundlegendes Anforderungsniveau (BY);lehrplan;kompetenz;http://purl.obolibrary.org/obo/BFO_0000001 | http://purl.obolibrary.org/obo/BFO_0000002 | http://purl.obolibrary.org/obo/BFO_0000031 | http://purl.obolibrary.org/obo/IAO_0000030 | http://www.w3.org/2002/07/owl#NamedIndividual | Curriculares Element | CE-Kompetenzspezifikation | Element (BY) | Kompetenzerwartung (BY);Ein einfaches Kernmodell der Quantenphysik;"nutzen das eingeführte Kernmodell zur Erklärung der Entstehung von α&#8209;, β&#8209; und γ&#8209;Strahlung. Im Rahmen der Interpretation vorgegebener Energiespektren dieser Strahlungsarten erläutern sie auch die Bedeutung dieser Spektren für die experimentelle Bestätigung des eingeführten Kernmodells. Dabei ergänzen sie exemplarisch die Energiebetrachtungen durch qualitative Impulsbetrachtungen.";https://lp-bavaria.org/fb61e3ba-a219-4905-9226-6e7ef2371e5e;https://lp-bavaria.org/lis_live_isb.c.219332.de
Bayern;Gymnasium;Physik;Physik 13 (grundlegendes Anforderungsniveau);Jahrgangsstufe 13;;;;Grundlegendes Anforderungsniveau (BY);lehrplan;kompetenz;http://purl.obolibrary.org/obo/BFO_0000001 | http://purl.obolibrary.org/obo/BFO_0000002 | http://purl.obolibrary.org/obo/BFO_0000031 | http://purl.obolibrary.org/obo/IAO_0000030 | http://www.w3.org/2002/07/owl#NamedIndividual | Curriculares Element | CE-Kompetenzspezifikation | Element (BY) | Kompetenzerwartung (BY);Radioaktivität und Kernenergietechnik;reflektieren vorgegebene Regeln zum Strahlenschutz und formulieren, gestützt auf eigene Modellierungen und Berechnungen, Risikoabschätzungen und Bewertungen. Dabei diskutieren sie auch die Generalisierbarkeit der verwendeten theoretischen Überlegungen und Modellierungen. ;https://lp-bavaria.org/386f4cfe-3372-4538-aa8a-beb95561b4b4;https://lp-bavaria.org/lis_live_isb.c.219332.de
Bayern;Realschule;Physik;Physik 7 (I);Jahrgangsstufe 7;Sekundarbereich I;;;;lehrplan;inhalt;http://purl.obolibrary.org/obo/BFO_0000001 | http://purl.obolibrary.org/obo/BFO_0000002 | http://purl.obolibrary.org/obo/BFO_0000031 | http://purl.obolibrary.org/obo/IAO_0000030 | http://www.w3.org/2002/07/owl#NamedIndividual | Curriculares Element | CE-Lerninhalt | Element (BY) | Inhalt zu den Kompetenzen (BY);Optik;Ausbreitung des Lichts: Sender, Empfänger, Lichtgeschwindigkeit, Lichtstrahl als Modell, Schatten, Finsternisse;https://lp-bavaria.org/a8385b9e-1868-4e69-8de9-9e15e14d9b48;https://lp-bavaria.org/lis_live_isb.c.1625.de
Bayern;Realschule;Physik;Physik 7 (I);Jahrgangsstufe 7;Sekundarbereich I;;;;lehrplan;inhalt;http://purl.obolibrary.org/obo/BFO_0000001 | http://purl.obolibrary.org/obo/BFO_0000002 | http://purl.obolibrary.org/obo/BFO_0000031 | http://purl.obolibrary.org/obo/IAO_0000030 | http://www.w3.org/2002/07/owl#NamedIndividual | Curriculares Element | CE-Lerninhalt | Element (BY) | Inhalt zu den Kompetenzen (BY);Optik;"Bau und Funktionsweise eines optischen Geräts (z.&nbsp;B. Fotoapparat, Fernrohr)";https://lp-bavaria.org/3802403e-f4e2-4ac1-a3e4-735c448fa6cc;https://lp-bavaria.org/lis_live_isb.c.1625.de
Bayern;Realschule;Physik;Physik 7 (I);Jahrgangsstufe 7;Sekundarbereich I;;;;lehrplan;inhalt;http://purl.obolibrary.org/obo/BFO_0000001 | http://purl.obolibrary.org/obo/BFO_0000002 | http://purl.obolibrary.org/obo/BFO_0000031 | http://purl.obolibrary.org/obo/IAO_0000030 | http://www.w3.org/2002/07/owl#NamedIndividual | Curriculares Element | CE-Lerninhalt | Element (BY) | Inhalt zu den Kompetenzen (BY);Optik;Brechung, Totalreflexion, Dispersion, (kontinuierliches) Spektrum;https://lp-bavaria.org/cd021782-f8f0-4146-a815-db9ec776eb1a;https://lp-bavaria.org/lis_live_isb.c.1625.de
Bayern;Realschule;Physik;Physik 7 (I);Jahrgangsstufe 7;Sekundarbereich I;;;;lehrplan;themenbereich;http://purl.obolibrary.org/obo/BFO_0000001 | http://purl.obolibrary.org/obo/BFO_0000002 | http://purl.obolibrary.org/obo/BFO_0000031 | http://purl.obolibrary.org/obo/IAO_0000030 | http://www.w3.org/2002/07/owl#NamedIndividual | Curriculares Element | CE-Bereich | Element (BY) | Lernbereich (BY);Physik 7 (I);Optik;https://lp-bavaria.org/lis_live_isb.c.67248.de;https://lp-bavaria.org/lis_live_isb.c.1625.de
Bayern;Realschule;Physik;Physik 7 (I);Jahrgangsstufe 7;Sekundarbereich I;;;;lehrplan;inhalt;http://purl.obolibrary.org/obo/BFO_0000001 | http://purl.obolibrary.org/obo/BFO_0000002 | http://purl.obolibrary.org/obo/BFO_0000031 | http://purl.obolibrary.org/obo/IAO_0000030 | http://www.w3.org/2002/07/owl#NamedIndividual | Curriculares Element | CE-Lerninhalt | Element (BY) | Inhalt zu den Kompetenzen (BY);Optik;Reflexion des Lichts: gerichtete/diffuse Reflexion, Spiegelbild;https://lp-bavaria.org/f13c4b91-d21f-4824-ae17-1df1f71ac554;https://lp-bavaria.org/lis_live_isb.c.1625.de
Bayern;Realschule;Physik;Physik 7 (I);Jahrgangsstufe 7;Sekundarbereich I;;;;lehrplan;kompetenz;http://purl.obolibrary.org/obo/BFO_0000001 | http://purl.obolibrary.org/obo/BFO_0000002 | http://purl.obolibrary.org/obo/BFO_0000031 | http://purl.obolibrary.org/obo/IAO_0000030 | http://www.w3.org/2002/07/owl#NamedIndividual | Curriculares Element | CE-Kompetenzspezifikation | Element (BY) | Kompetenzerwartung (BY);Optik;"führen die Brechung des Lichts an Grenzflächen optisch verschieden dichter Medien auf die unterschiedliche Lichtgeschwindigkeit in diesen zurück und beschreiben damit auch unter Verwendung von Zeichnungen Alltagsphänomene, z.&nbsp;B. optische Hebung, Totalreflexion und Dispersion.";https://lp-bavaria.org/706fdcbe-4e99-422b-a908-da25ee3b5cb8;https://lp-bavaria.org/lis_live_isb.c.1625.de
Bayern;Realschule;Physik;Physik 7 (I);Jahrgangsstufe 7;Sekundarbereich I;;;;lehrplan;kompetenz;http://purl.obolibrary.org/obo/BFO_0000001 | http://purl.obolibrary.org/obo/BFO_0000002 | http://purl.obolibrary.org/obo/BFO_0000031 | http://purl.obolibrary.org/obo/IAO_0000030 | http://www.w3.org/2002/07/owl#NamedIndividual | Curriculares Element | CE-Kompetenzspezifikation | Element (BY) | Kompetenzerwartung (BY);Optik;"nutzen ihre Kenntnisse über das Modell der Lichtausbreitung und das Sender-Empfänger-Modell als zentrale Elemente der Optik, um z.&nbsp;B. den Sehprozess zu beschreiben und Schatten und Finsternisse zu modellieren. Dabei reflektieren sie ihre bisherigen Vorstellungen kritisch und verbessern sie gegebenenfalls.";https://lp-bavaria.org/54b1224f-b818-4485-9d78-fde58963ac65;https://lp-bavaria.org/lis_live_isb.c.1625.de
Bayern;Realschule;Physik;Physik 7 (I);Jahrgangsstufe 7;Sekundarbereich I;;;;lehrplan;inhalt;http://purl.obolibrary.org/obo/BFO_0000001 | http://purl.obolibrary.org/obo/BFO_0000002 | http://purl.obolibrary.org/obo/BFO_0000031 | http://purl.obolibrary.org/obo/IAO_0000030 | http://www.w3.org/2002/07/owl#NamedIndividual | Curriculares Element | CE-Lerninhalt | Element (BY) | Inhalt zu den Kompetenzen (BY);Optik;optische Linsen: Arten und Wirkung, optische Abbildung, Korrektur der Kurz- und Weitsichtigkeit des menschlichen Auges;https://lp-bavaria.org/4c6f1500-78f2-4971-942e-0bf2def4aa05;https://lp-bavaria.org/lis_live_isb.c.1625.de
Bayern;Realschule;Physik;Physik 7 (I);Jahrgangsstufe 7;Sekundarbereich I;;;;lehrplan;kompetenz;http://purl.obolibrary.org/obo/BFO_0000001 | http://purl.obolibrary.org/obo/BFO_0000002 | http://purl.obolibrary.org/obo/BFO_0000031 | http://purl.obolibrary.org/obo/IAO_0000030 | http://www.w3.org/2002/07/owl#NamedIndividual | Curriculares Element | CE-Kompetenzspezifikation | Element (BY) | Kompetenzerwartung (BY);Optik;"skizzieren und begründen optische Phänomene zur Reflexion unter Zuhilfenahme des Lichtstrahlmodells und unter Verwendung von altersgemäßer Fachsprache. Dabei erkennen sie die Bedeutung der Reflexion im Alltag bei nicht selbstleuchtenden Körpern, z.&nbsp;B. bei Spiegeln, Straßenschildern, Reflektoren.";https://lp-bavaria.org/0197e23d-3cf4-49a6-833a-7c3d67226841;https://lp-bavaria.org/lis_live_isb.c.1625.de
Bayern;Realschule;Physik;Physik 7 (I);Jahrgangsstufe 7;Sekundarbereich I;;;;lehrplan;kompetenz;http://purl.obolibrary.org/obo/BFO_0000001 | http://purl.obolibrary.org/obo/BFO_0000002 | http://purl.obolibrary.org/obo/BFO_0000031 | http://purl.obolibrary.org/obo/IAO_0000030 | http://www.w3.org/2002/07/owl#NamedIndividual | Curriculares Element | CE-Kompetenzspezifikation | Element (BY) | Kompetenzerwartung (BY);Optik;verwenden das Lichtstrahlmodell zur Konstruktion von Strahlengängen bei der Abbildung durch Sammellinsen und nutzen ihre Kenntnisse für die Begründung der Entstehung und der Eigenschaften reeller und virtueller Bilder. Sie erschließen sich Anwendungen im Alltag und beschreiben mithilfe von Strahlengängen Bau und Funktionsweise eines optischen Geräts.;https://lp-bavaria.org/d2b61602-b0d6-4a91-b776-d81275e702b3;https://lp-bavaria.org/lis_live_isb.c.1625.de
Bayern;Realschule;Physik;Physik 8 (I);Jahrgangsstufe 8;Sekundarbereich I;;;;lehrplan;inhalt;http://purl.obolibrary.org/obo/BFO_0000001 | http://purl.obolibrary.org/obo/BFO_0000002 | http://purl.obolibrary.org/obo/BFO_0000031 | http://purl.obolibrary.org/obo/IAO_0000030 | http://www.w3.org/2002/07/owl#NamedIndividual | Curriculares Element | CE-Lerninhalt | Element (BY) | Inhalt zu den Kompetenzen (BY);Wärmelehre;Energietransport durch Wärmeleitung und -strahlung, Konvektion;https://lp-bavaria.org/82f5ce86-ec20-477d-9e93-cab35dc35c3a;https://lp-bavaria.org/lis_live_isb.c.1626.de
Bayern;Realschule;Physik;Physik 8 (I);Jahrgangsstufe 8;Sekundarbereich I;;;;lehrplan;kompetenz;http://purl.obolibrary.org/obo/BFO_0000001 | http://purl.obolibrary.org/obo/BFO_0000002 | http://purl.obolibrary.org/obo/BFO_0000031 | http://purl.obolibrary.org/obo/IAO_0000030 | http://www.w3.org/2002/07/owl#NamedIndividual | Curriculares Element | CE-Kompetenzspezifikation | Element (BY) | Kompetenzerwartung (BY);Wärmelehre;erklären mithilfe des Teilchenmodells Phänomene der Wärmeleitung, beschreiben Eigenschaften der Wärmestrahlung und begründen die Konvektion in Flüssigkeiten und Gasen mit den entstehenden Dichteunterschieden infolge von Temperaturänderungen.;https://lp-bavaria.org/f465de08-0bf5-4938-a75a-b9f133bc714a;https://lp-bavaria.org/lis_live_isb.c.1626.de
Bayern;Realschule;Physik;Physik 8 (I);Jahrgangsstufe 8;Sekundarbereich I;;;;lehrplan;kompetenz;http://purl.obolibrary.org/obo/BFO_0000001 | http://purl.obolibrary.org/obo/BFO_0000002 | http://purl.obolibrary.org/obo/BFO_0000031 | http://purl.obolibrary.org/obo/IAO_0000030 | http://www.w3.org/2002/07/owl#NamedIndividual | Curriculares Element | CE-Kompetenzspezifikation | Element (BY) | Kompetenzerwartung (BY);Wärmelehre;recherchieren auf der Grundlage vorbereiteter Quellen Beispiele aus Alltag, Natur und Technik zu Wärmeleitung, Wärmestrahlung und Konvektion und zeigen Möglichkeiten auf, den Energietransport zu beeinflussen. Diese Informationen bereiten sie adressatengerecht auf und präsentieren sie unter Verwendung der Fachsprache.;https://lp-bavaria.org/e91482ba-959c-4b71-a9df-0fdd1a43bc51;https://lp-bavaria.org/lis_live_isb.c.1626.de
Bayern;Realschule;Physik;Physik 8 (I);Jahrgangsstufe 8;Sekundarbereich I;;;;lehrplan;kompetenz;http://purl.obolibrary.org/obo/BFO_0000001 | http://purl.obolibrary.org/obo/BFO_0000002 | http://purl.obolibrary.org/obo/BFO_0000031 | http://purl.obolibrary.org/obo/IAO_0000030 | http://www.w3.org/2002/07/owl#NamedIndividual | Curriculares Element | CE-Kompetenzspezifikation | Element (BY) | Kompetenzerwartung (BY);Astronomie;"wenden Modelle der Optik und Mechanik sowie elektronische Hilfen an, um Himmels&shy;phänomene, grundlegende Zusammenhänge des Sonnen- und Planetenaufbaus (auch von Monden) und deren Bahnen unter Verwendung von fachsprachlichen Formulierungen zu beschreiben und sich am Himmel zu orientieren.";https://lp-bavaria.org/0e2728e6-4914-486a-9833-bca0a9337409;https://lp-bavaria.org/lis_live_isb.c.1626.de
Bayern;Realschule;Physik;Physik 8 (II/III);Jahrgangsstufe 8;Sekundarbereich I;;;;lehrplan;inhalt;http://purl.obolibrary.org/obo/BFO_0000001 | http://purl.obolibrary.org/obo/BFO_0000002 | http://purl.obolibrary.org/obo/BFO_0000031 | http://purl.obolibrary.org/obo/IAO_0000030 | http://www.w3.org/2002/07/owl#NamedIndividual | Curriculares Element | CE-Lerninhalt | Element (BY) | Inhalt zu den Kompetenzen (BY);Optik;Ausbreitung des Lichts: Sender, Empfänger, Lichtgeschwindigkeit, Lichtstrahl als Modell, Schatten, Finsternisse;https://lp-bavaria.org/a7264284-f784-4930-80b0-395bba2b7e44;https://lp-bavaria.org/lis_live_isb.c.1629.de
Bayern;Realschule;Physik;Physik 8 (II/III);Jahrgangsstufe 8;Sekundarbereich I;;;;lehrplan;inhalt;http://purl.obolibrary.org/obo/BFO_0000001 | http://purl.obolibrary.org/obo/BFO_0000002 | http://purl.obolibrary.org/obo/BFO_0000031 | http://purl.obolibrary.org/obo/IAO_0000030 | http://www.w3.org/2002/07/owl#NamedIndividual | Curriculares Element | CE-Lerninhalt | Element (BY) | Inhalt zu den Kompetenzen (BY);Optik;"Bau und Funktionsweise eines optischen Geräts (z.&nbsp;B. Fotoapparat, Fernrohr)";https://lp-bavaria.org/4e6d4e4d-b057-40cb-ba99-2e9bd6f388ae;https://lp-bavaria.org/lis_live_isb.c.1629.de
Bayern;Realschule;Physik;Physik 8 (II/III);Jahrgangsstufe 8;Sekundarbereich I;;;;lehrplan;inhalt;http://purl.obolibrary.org/obo/BFO_0000001 | http://purl.obolibrary.org/obo/BFO_0000002 | http://purl.obolibrary.org/obo/BFO_0000031 | http://purl.obolibrary.org/obo/IAO_0000030 | http://www.w3.org/2002/07/owl#NamedIndividual | Curriculares Element | CE-Lerninhalt | Element (BY) | Inhalt zu den Kompetenzen (BY);Optik;Brechung, Totalreflexion;https://lp-bavaria.org/d9448eb2-3a60-4802-a529-ba9753d624de;https://lp-bavaria.org/lis_live_isb.c.1629.de
Bayern;Realschule;Physik;Physik 8 (II/III);Jahrgangsstufe 8;Sekundarbereich I;;;;lehrplan;themenbereich;http://purl.obolibrary.org/obo/BFO_0000001 | http://purl.obolibrary.org/obo/BFO_0000002 | http://purl.obolibrary.org/obo/BFO_0000031 | http://purl.obolibrary.org/obo/IAO_0000030 | http://www.w3.org/2002/07/owl#NamedIndividual | Curriculares Element | CE-Bereich | Element (BY) | Lernbereich (BY);Physik 8 (II/III);Optik;https://lp-bavaria.org/lis_live_isb.c.68132.de;https://lp-bavaria.org/lis_live_isb.c.1629.de
Bayern;Realschule;Physik;Physik 8 (II/III);Jahrgangsstufe 8;Sekundarbereich I;;;;lehrplan;inhalt;http://purl.obolibrary.org/obo/BFO_0000001 | http://purl.obolibrary.org/obo/BFO_0000002 | http://purl.obolibrary.org/obo/BFO_0000031 | http://purl.obolibrary.org/obo/IAO_0000030 | http://www.w3.org/2002/07/owl#NamedIndividual | Curriculares Element | CE-Lerninhalt | Element (BY) | Inhalt zu den Kompetenzen (BY);Optik;Reflexion des Lichts: gerichtete/diffuse Reflexion, Spiegelbild;https://lp-bavaria.org/a6437b4d-9f23-4746-acd0-79c8a963f58e;https://lp-bavaria.org/lis_live_isb.c.1629.de
Bayern;Realschule;Physik;Physik 8 (II/III);Jahrgangsstufe 8;Sekundarbereich I;;;;lehrplan;kompetenz;http://purl.obolibrary.org/obo/BFO_0000001 | http://purl.obolibrary.org/obo/BFO_0000002 | http://purl.obolibrary.org/obo/BFO_0000031 | http://purl.obolibrary.org/obo/IAO_0000030 | http://www.w3.org/2002/07/owl#NamedIndividual | Curriculares Element | CE-Kompetenzspezifikation | Element (BY) | Kompetenzerwartung (BY);Optik;"führen die Brechung des Lichts an Grenzflächen optisch verschieden dichter Medien auf die unterschiedliche Lichtgeschwindigkeit in diesen zurück und beschreiben damit auch unter Verwendung von Zeichnungen Alltagsphänomene, z.&nbsp;B. optische Hebung und Totalreflexion.";https://lp-bavaria.org/9b6e2345-f907-4b30-ad30-863703042898;https://lp-bavaria.org/lis_live_isb.c.1629.de
Bayern;Realschule;Physik;Physik 8 (II/III);Jahrgangsstufe 8;Sekundarbereich I;;;;lehrplan;kompetenz;http://purl.obolibrary.org/obo/BFO_0000001 | http://purl.obolibrary.org/obo/BFO_0000002 | http://purl.obolibrary.org/obo/BFO_0000031 | http://purl.obolibrary.org/obo/IAO_0000030 | http://www.w3.org/2002/07/owl#NamedIndividual | Curriculares Element | CE-Kompetenzspezifikation | Element (BY) | Kompetenzerwartung (BY);Optik;"nutzen ihre Kenntnisse über das Modell der Lichtausbreitung und das Sender-Empfänger-Modell als zentrale Elemente der Optik, um z.&nbsp;B. den Sehprozess zu beschreiben und Schatten und Finsternisse zu modellieren. Dabei reflektieren sie ihre bisherigen Vorstellungen kritisch und verbessern sie gegebenenfalls.";https://lp-bavaria.org/f01c0f37-fd0b-4a93-aa8f-68c1e4dda135;https://lp-bavaria.org/lis_live_isb.c.1629.de
Bayern;Realschule;Physik;Physik 8 (II/III);Jahrgangsstufe 8;Sekundarbereich I;;;;lehrplan;inhalt;http://purl.obolibrary.org/obo/BFO_0000001 | http://purl.obolibrary.org/obo/BFO_0000002 | http://purl.obolibrary.org/obo/BFO_0000031 | http://purl.obolibrary.org/obo/IAO_0000030 | http://www.w3.org/2002/07/owl#NamedIndividual | Curriculares Element | CE-Lerninhalt | Element (BY) | Inhalt zu den Kompetenzen (BY);Optik;optische Linsen: Arten und Wirkung, optische Abbildung, Korrektur der Kurz- und Weitsichtigkeit des menschlichen Auges;https://lp-bavaria.org/aed9f9cf-0ac5-4992-8dd7-0289ac22d9d1;https://lp-bavaria.org/lis_live_isb.c.1629.de
Bayern;Realschule;Physik;Physik 8 (II/III);Jahrgangsstufe 8;Sekundarbereich I;;;;lehrplan;kompetenz;http://purl.obolibrary.org/obo/BFO_0000001 | http://purl.obolibrary.org/obo/BFO_0000002 | http://purl.obolibrary.org/obo/BFO_0000031 | http://purl.obolibrary.org/obo/IAO_0000030 | http://www.w3.org/2002/07/owl#NamedIndividual | Curriculares Element | CE-Kompetenzspezifikation | Element (BY) | Kompetenzerwartung (BY);Optik;"skizzieren und begründen optische Phänomene zur Reflexion unter Zuhilfenahme des Lichtstrahlmodells und unter Verwendung von altersgemäßer Fachsprache. Dabei erkennen sie die Bedeutung der Reflexion im Alltag bei nicht selbstleuchtenden Körpern, z.&nbsp;B. bei Spiegeln, Straßenschildern, Reflektoren.";https://lp-bavaria.org/4523fe11-7784-49ca-870f-66650584806e;https://lp-bavaria.org/lis_live_isb.c.1629.de
Bayern;Realschule;Physik;Physik 8 (II/III);Jahrgangsstufe 8;Sekundarbereich I;;;;lehrplan;kompetenz;http://purl.obolibrary.org/obo/BFO_0000001 | http://purl.obolibrary.org/obo/BFO_0000002 | http://purl.obolibrary.org/obo/BFO_0000031 | http://purl.obolibrary.org/obo/IAO_0000030 | http://www.w3.org/2002/07/owl#NamedIndividual | Curriculares Element | CE-Kompetenzspezifikation | Element (BY) | Kompetenzerwartung (BY);Optik;verwenden das Lichtstrahlmodell zur Konstruktion von Strahlengängen bei der Abbildung durch Sammellinsen und nutzen ihre Kenntnisse für die Begründung der Entstehung und der Eigenschaften reeller und virtueller Bilder. Sie erschließen sich Anwendungen im Alltag und beschreiben mithilfe von Strahlengängen Bau und Funktionsweise eines optischen Geräts.;https://lp-bavaria.org/2fddb6c5-0f0d-4f70-b9c5-afaaeb0828da;https://lp-bavaria.org/lis_live_isb.c.1629.de
Bayern;Gymnasium;Physik;Physik 8 – Phänomene experimentell untersuchen und modellieren;Jahrgangsstufe 8;Sekundarbereich I;;;;lehrplan;inhalt;http://purl.obolibrary.org/obo/BFO_0000001 | http://purl.obolibrary.org/obo/BFO_0000002 | http://purl.obolibrary.org/obo/BFO_0000031 | http://purl.obolibrary.org/obo/IAO_0000030 | http://www.w3.org/2002/07/owl#NamedIndividual | Curriculares Element | CE-Lerninhalt | Element (BY) | Inhalt zu den Kompetenzen (BY);Optik;//Schülerexperiment: Bildentstehung am Spiegel\\, Reflexionsgesetz, Spiegel und virtuelles Bild;https://lp-bavaria.org/3ff9b69c-4268-4bd2-9424-623b39266d11;https://lp-bavaria.org/lis_live_isb.c.223670.de
Bayern;Gymnasium;Physik;Physik 8 – Phänomene experimentell untersuchen und modellieren;Jahrgangsstufe 8;Sekundarbereich I;;;;lehrplan;inhalt;http://purl.obolibrary.org/obo/BFO_0000001 | http://purl.obolibrary.org/obo/BFO_0000002 | http://purl.obolibrary.org/obo/BFO_0000031 | http://purl.obolibrary.org/obo/IAO_0000030 | http://www.w3.org/2002/07/owl#NamedIndividual | Curriculares Element | CE-Lerninhalt | Element (BY) | Inhalt zu den Kompetenzen (BY);Optik;//Schülerexperiment: Abbildung durch eine Sammellinse\\, Entstehung reeller und virtueller Bilder ;https://lp-bavaria.org/1ee1e846-f214-4b26-9093-ba8605c6299c;https://lp-bavaria.org/lis_live_isb.c.223670.de
Bayern;Gymnasium;Physik;Physik 8 – Phänomene experimentell untersuchen und modellieren;Jahrgangsstufe 8;Sekundarbereich I;;;;lehrplan;inhalt;http://purl.obolibrary.org/obo/BFO_0000001 | http://purl.obolibrary.org/obo/BFO_0000002 | http://purl.obolibrary.org/obo/BFO_0000031 | http://purl.obolibrary.org/obo/IAO_0000030 | http://www.w3.org/2002/07/owl#NamedIndividual | Curriculares Element | CE-Lerninhalt | Element (BY) | Inhalt zu den Kompetenzen (BY);Optik;Auge und Fehlsichtigkeit, Zerstreuungslinsen;https://lp-bavaria.org/993f7639-0ae3-4622-a208-4eb9263a3392;https://lp-bavaria.org/lis_live_isb.c.223670.de
Bayern;Gymnasium;Physik;Physik 8 – Phänomene experimentell untersuchen und modellieren;Jahrgangsstufe 8;Sekundarbereich I;;;;lehrplan;inhalt;http://purl.obolibrary.org/obo/BFO_0000001 | http://purl.obolibrary.org/obo/BFO_0000002 | http://purl.obolibrary.org/obo/BFO_0000031 | http://purl.obolibrary.org/obo/IAO_0000030 | http://www.w3.org/2002/07/owl#NamedIndividual | Curriculares Element | CE-Lerninhalt | Element (BY) | Inhalt zu den Kompetenzen (BY);Optik;Brechung;https://lp-bavaria.org/e35f7f46-e9b8-4c15-bf58-9f5e3719e19e;https://lp-bavaria.org/lis_live_isb.c.223670.de
Bayern;Gymnasium;Physik;Physik 8 – Phänomene experimentell untersuchen und modellieren;Jahrgangsstufe 8;Sekundarbereich I;;;;lehrplan;inhalt;http://purl.obolibrary.org/obo/BFO_0000001 | http://purl.obolibrary.org/obo/BFO_0000002 | http://purl.obolibrary.org/obo/BFO_0000031 | http://purl.obolibrary.org/obo/IAO_0000030 | http://www.w3.org/2002/07/owl#NamedIndividual | Curriculares Element | CE-Lerninhalt | Element (BY) | Inhalt zu den Kompetenzen (BY);Vertiefung prozessbezogener Kompetenzen anhand ausgewählter Inhalte;Farbwahrnehmung und Farbmischung, Dispersion bei der Brechung von Licht;https://lp-bavaria.org/bd7bf318-190b-4f97-b89a-a07344e7ac1a;https://lp-bavaria.org/lis_live_isb.c.223670.de
Bayern;Gymnasium;Physik;Physik 8 – Phänomene experimentell untersuchen und modellieren;Jahrgangsstufe 8;Sekundarbereich I;;;;lehrplan;themenbereich;http://purl.obolibrary.org/obo/BFO_0000001 | http://purl.obolibrary.org/obo/BFO_0000002 | http://purl.obolibrary.org/obo/BFO_0000031 | http://purl.obolibrary.org/obo/IAO_0000030 | http://www.w3.org/2002/07/owl#NamedIndividual | Curriculares Element | CE-Bereich | Element (BY) | Lernbereich (BY);Physik 8 – Phänomene experimentell untersuchen und modellieren;Optik;https://lp-bavaria.org/lis_live_isb.c.273317.de;https://lp-bavaria.org/lis_live_isb.c.223670.de
Bayern;Gymnasium;Physik;Physik 8 – Phänomene experimentell untersuchen und modellieren;Jahrgangsstufe 8;Sekundarbereich I;;;;lehrplan;inhalt;http://purl.obolibrary.org/obo/BFO_0000001 | http://purl.obolibrary.org/obo/BFO_0000002 | http://purl.obolibrary.org/obo/BFO_0000031 | http://purl.obolibrary.org/obo/IAO_0000030 | http://www.w3.org/2002/07/owl#NamedIndividual | Curriculares Element | CE-Lerninhalt | Element (BY) | Inhalt zu den Kompetenzen (BY);Vertiefung prozessbezogener Kompetenzen anhand ausgewählter Inhalte;Reflexion und Bildentstehung an gewölbten Spiegeln, Lupe, Bau optischer Instrumente, Ergänzung der experimentellen Untersuchungen durch geeignete Simulationssoftware;https://lp-bavaria.org/bac00bfc-808c-4d42-83d4-08eaf1eaa47b;https://lp-bavaria.org/lis_live_isb.c.223670.de
Bayern;Gymnasium;Physik;Physik 8 – Phänomene experimentell untersuchen und modellieren;Jahrgangsstufe 8;Sekundarbereich I;;;;lehrplan;inhalt;http://purl.obolibrary.org/obo/BFO_0000001 | http://purl.obolibrary.org/obo/BFO_0000002 | http://purl.obolibrary.org/obo/BFO_0000031 | http://purl.obolibrary.org/obo/IAO_0000030 | http://www.w3.org/2002/07/owl#NamedIndividual | Curriculares Element | CE-Lerninhalt | Element (BY) | Inhalt zu den Kompetenzen (BY);Optik;Totalreflexion und technische Anwendungen, Lichtleiter;https://lp-bavaria.org/1b77d9bd-84e4-448c-b36d-5303c8566e51;https://lp-bavaria.org/lis_live_isb.c.223670.de
Bayern;Gymnasium;Physik;Physik 8 – Phänomene experimentell untersuchen und modellieren;Jahrgangsstufe 8;Sekundarbereich I;;;;lehrplan;kompetenz;http://purl.obolibrary.org/obo/BFO_0000001 | http://purl.obolibrary.org/obo/BFO_0000002 | http://purl.obolibrary.org/obo/BFO_0000031 | http://purl.obolibrary.org/obo/IAO_0000030 | http://www.w3.org/2002/07/owl#NamedIndividual | Curriculares Element | CE-Kompetenzspezifikation | Element (BY) | Kompetenzerwartung (BY);Optik;analysieren mithilfe einer geeigneten Simulationssoftware die Lichtausbreitung an einer Sammellinse und übertragen unter Verwendung halbquantitativer Aussagen zum Brechungsgesetz die Struktur physikalischer Argumentationsweisen auf eigene Erklärungen zur Entstehung virtueller und reeller Bilder bei einer Sammellinse. Sie veranschaulichen ihre Erklärungen mithilfe selbst angefertigter Zeichnungen.;https://lp-bavaria.org/6a0eca53-df3e-4e97-bcb6-9bdeba53d998;https://lp-bavaria.org/lis_live_isb.c.223670.de
Bayern;Gymnasium;Physik;Physik 8 – Phänomene experimentell untersuchen und modellieren;Jahrgangsstufe 8;Sekundarbereich I;;;;lehrplan;kompetenz;http://purl.obolibrary.org/obo/BFO_0000001 | http://purl.obolibrary.org/obo/BFO_0000002 | http://purl.obolibrary.org/obo/BFO_0000031 | http://purl.obolibrary.org/obo/IAO_0000030 | http://www.w3.org/2002/07/owl#NamedIndividual | Curriculares Element | CE-Kompetenzspezifikation | Element (BY) | Kompetenzerwartung (BY);Optik;"benennen Risiken bei Experimenten in der Optik und beim Umgang mit Lichtquellen und optischen Geräten im Alltag (z.&nbsp;B. bei der Verwendung von Sammellinsen und bei der Handhabung von Laserpointern) und reflektieren vorgegebene Sicherheitshinweise.";https://lp-bavaria.org/12deabe5-ff8f-440f-97b7-7027cd262927;https://lp-bavaria.org/lis_live_isb.c.223670.de
Bayern;Gymnasium;Physik;Physik 8 – Phänomene experimentell untersuchen und modellieren;Jahrgangsstufe 8;Sekundarbereich I;;;;lehrplan;kompetenz;http://purl.obolibrary.org/obo/BFO_0000001 | http://purl.obolibrary.org/obo/BFO_0000002 | http://purl.obolibrary.org/obo/BFO_0000031 | http://purl.obolibrary.org/obo/IAO_0000030 | http://www.w3.org/2002/07/owl#NamedIndividual | Curriculares Element | CE-Kompetenzspezifikation | Element (BY) | Kompetenzerwartung (BY);Optik;"beschreiben auf der Grundlage physikalischer Kenntnisse technische Anwendungen der Totalreflexion und erläutern die Bedeutung dieser Technologien z.&nbsp;B. in der Medizin oder in der Nachrichtentechnik.";https://lp-bavaria.org/0b0fcf35-88eb-42f9-aae6-4969eae4b8ed;https://lp-bavaria.org/lis_live_isb.c.223670.de
Bayern;Gymnasium;Physik;Physik 8 – Phänomene experimentell untersuchen und modellieren;Jahrgangsstufe 8;Sekundarbereich I;;;;lehrplan;kompetenz;http://purl.obolibrary.org/obo/BFO_0000001 | http://purl.obolibrary.org/obo/BFO_0000002 | http://purl.obolibrary.org/obo/BFO_0000031 | http://purl.obolibrary.org/obo/IAO_0000030 | http://www.w3.org/2002/07/owl#NamedIndividual | Curriculares Element | CE-Kompetenzspezifikation | Element (BY) | Kompetenzerwartung (BY);Optik;"formulieren auf der Grundlage von Alltagserfahrungen, einfachen Experimenten und physikalischen Vorkenntnissen eigene Vermutungen und Erklärungsansätze zu optischen Phänomenen (z.&nbsp;B. Spiegelbilder, Brechung).";https://lp-bavaria.org/b7f4dd55-402f-4494-bb0a-4c866bce52a7;https://lp-bavaria.org/lis_live_isb.c.223670.de
Bayern;Gymnasium;Physik;Physik 8 – Phänomene experimentell untersuchen und modellieren;Jahrgangsstufe 8;Sekundarbereich I;;;;lehrplan;kompetenz;http://purl.obolibrary.org/obo/BFO_0000001 | http://purl.obolibrary.org/obo/BFO_0000002 | http://purl.obolibrary.org/obo/BFO_0000031 | http://purl.obolibrary.org/obo/IAO_0000030 | http://www.w3.org/2002/07/owl#NamedIndividual | Curriculares Element | CE-Kompetenzspezifikation | Element (BY) | Kompetenzerwartung (BY);Optik;planen unter Anleitung ein Experiment zur Untersuchung der Abbildung durch eine Sammellinse, das sie selbständig durchführen und dokumentieren. Sie formulieren auf der Grundlage ihrer Beobachtungen und Messergebnisse halbquantitative Aussagen über Zusammenhänge zwischen den dabei relevanten Größen.;https://lp-bavaria.org/b6e29ae4-abd7-4ea0-8831-6781948d8760;https://lp-bavaria.org/lis_live_isb.c.223670.de
Bayern;Gymnasium;Physik;Physik 8 – Phänomene experimentell untersuchen und modellieren;Jahrgangsstufe 8;Sekundarbereich I;;;;lehrplan;kompetenz;http://purl.obolibrary.org/obo/BFO_0000001 | http://purl.obolibrary.org/obo/BFO_0000002 | http://purl.obolibrary.org/obo/BFO_0000031 | http://purl.obolibrary.org/obo/IAO_0000030 | http://www.w3.org/2002/07/owl#NamedIndividual | Curriculares Element | CE-Kompetenzspezifikation | Element (BY) | Kompetenzerwartung (BY);Optik;"vergleichen Rechercheergebnisse im Internet mit einem vorgegebenen, passgenauen Sachtext, z.&nbsp;B. zur Bildentstehung beim Auge. Sie erstellen fachsprachlich korrekte Zusammenfassungen dieser Quellen und fertigen aussagekräftige Zeichnungen sorgfältig an bzw. nutzen digitale Medien zur Veranschaulichung. ";https://lp-bavaria.org/e4553c8a-daf6-40a9-8390-618733ce7b9f;https://lp-bavaria.org/lis_live_isb.c.223670.de
Bayern;Gymnasium;Physik;Physik 8 – Phänomene experimentell untersuchen und modellieren;Jahrgangsstufe 8;Sekundarbereich I;;;;lehrplan;kompetenz;http://purl.obolibrary.org/obo/BFO_0000001 | http://purl.obolibrary.org/obo/BFO_0000002 | http://purl.obolibrary.org/obo/BFO_0000031 | http://purl.obolibrary.org/obo/IAO_0000030 | http://www.w3.org/2002/07/owl#NamedIndividual | Curriculares Element | CE-Kompetenzspezifikation | Element (BY) | Kompetenzerwartung (BY);Optik;verwenden ein einfaches Modell der Lichtausbreitung und des Reflexionsgesetzes, um am Beispiel des Spiegels eine physikalisch strukturierte Erklärung der Entstehung von Bildern nachzuvollziehen.;https://lp-bavaria.org/76122e57-351c-4228-b1e2-c828f16d119c;https://lp-bavaria.org/lis_live_isb.c.223670.de
Bayern;Realschule;Physik;Physik 9 (I);Jahrgangsstufe 9;Sekundarbereich I;;;;lehrplan;inhalt;http://purl.obolibrary.org/obo/BFO_0000001 | http://purl.obolibrary.org/obo/BFO_0000002 | http://purl.obolibrary.org/obo/BFO_0000031 | http://purl.obolibrary.org/obo/IAO_0000030 | http://www.w3.org/2002/07/owl#NamedIndividual | Curriculares Element | CE-Lerninhalt | Element (BY) | Inhalt zu den Kompetenzen (BY);Wärmelehre;Wärmekraftmaschinen: Otto- und Dieselmotor, Dampfturbine oder Strahltriebwerk oder Stirlingmotor;https://lp-bavaria.org/5b0df144-8397-4056-b5b4-f137c21365d4;https://lp-bavaria.org/lis_live_isb.c.1627.de
Bayern;Realschule;Physik;Physik 9 (II/III);Jahrgangsstufe 9;Sekundarbereich I;;;;lehrplan;inhalt;http://purl.obolibrary.org/obo/BFO_0000001 | http://purl.obolibrary.org/obo/BFO_0000002 | http://purl.obolibrary.org/obo/BFO_0000031 | http://purl.obolibrary.org/obo/IAO_0000030 | http://www.w3.org/2002/07/owl#NamedIndividual | Curriculares Element | CE-Lerninhalt | Element (BY) | Inhalt zu den Kompetenzen (BY);Wärmelehre;Energietransport durch Wärmeleitung und -strahlung, Konvektion;https://lp-bavaria.org/8fc73695-ed52-4893-83dc-a2359e323278;https://lp-bavaria.org/lis_live_isb.c.1630.de
Bayern;Realschule;Physik;Physik 9 (II/III);Jahrgangsstufe 9;Sekundarbereich I;;;;lehrplan;kompetenz;http://purl.obolibrary.org/obo/BFO_0000001 | http://purl.obolibrary.org/obo/BFO_0000002 | http://purl.obolibrary.org/obo/BFO_0000031 | http://purl.obolibrary.org/obo/IAO_0000030 | http://www.w3.org/2002/07/owl#NamedIndividual | Curriculares Element | CE-Kompetenzspezifikation | Element (BY) | Kompetenzerwartung (BY);Wärmelehre;erklären mithilfe des Teilchenmodells Phänomene der Wärmeleitung, beschreiben Eigenschaften der Wärmestrahlung und begründen die Konvektion in Flüssigkeiten und Gasen mit den entstehenden Dichteunterschieden infolge von Temperaturänderungen.;https://lp-bavaria.org/e98d4bcb-9180-4a9b-9d33-e0f113849823;https://lp-bavaria.org/lis_live_isb.c.1630.de
Bayern;Realschule;Physik;Physik 9 (II/III);Jahrgangsstufe 9;Sekundarbereich I;;;;lehrplan;kompetenz;http://purl.obolibrary.org/obo/BFO_0000001 | http://purl.obolibrary.org/obo/BFO_0000002 | http://purl.obolibrary.org/obo/BFO_0000031 | http://purl.obolibrary.org/obo/IAO_0000030 | http://www.w3.org/2002/07/owl#NamedIndividual | Curriculares Element | CE-Kompetenzspezifikation | Element (BY) | Kompetenzerwartung (BY);Wärmelehre;"recherchieren auf der Grundlage vorbereiteter Quellen Beispiele aus Alltag, Natur und Technik zu Wärmeleitung, Wärmestrahlung und Konvektion und zeigen Möglichkeiten auf, den Energietransport zu beeinflussen. Diese Informationen bereiten sie adressatengerecht auf und präsentieren sie unter Verwendung der Fachsprache.
";https://lp-bavaria.org/4a1aeb83-7ca8-4ed8-9a3a-a959bc04eb8b;https://lp-bavaria.org/lis_live_isb.c.1630.de
Bayern;Gymnasium;Physik;Physik 9 – Physikalische Erkenntnisse für Argumentationen nutzen;Jahrgangsstufe 9;Sekundarbereich I;;;;lehrplan;inhalt;http://purl.obolibrary.org/obo/BFO_0000001 | http://purl.obolibrary.org/obo/BFO_0000002 | http://purl.obolibrary.org/obo/BFO_0000031 | http://purl.obolibrary.org/obo/IAO_0000030 | http://www.w3.org/2002/07/owl#NamedIndividual | Curriculares Element | CE-Lerninhalt | Element (BY) | Inhalt zu den Kompetenzen (BY);Atome;Photonenmodell des Lichts, Zusammenhang zwischen Farbe und Photonenenergie, Ultraviolettstrahlung und Infrarotstrahlung;https://lp-bavaria.org/37d688a9-f62d-4759-bc9d-93d74a73ccf5;https://lp-bavaria.org/lis_live_isb.c.219078.de
Bayern;Gymnasium;Physik;Physik 9 – Physikalische Erkenntnisse für Argumentationen nutzen;Jahrgangsstufe 9;Sekundarbereich I;;;;lehrplan;inhalt;http://purl.obolibrary.org/obo/BFO_0000001 | http://purl.obolibrary.org/obo/BFO_0000002 | http://purl.obolibrary.org/obo/BFO_0000031 | http://purl.obolibrary.org/obo/IAO_0000030 | http://www.w3.org/2002/07/owl#NamedIndividual | Curriculares Element | CE-Lerninhalt | Element (BY) | Inhalt zu den Kompetenzen (BY);Vertiefung prozessbezogener Kompetenzen anhand ausgewählter weiterer Inhalte;Spektren von Temperaturstrahlern in den Strahlungsbereichen ultraviolett, sichtbar und infrarot, Reflexions-, Absorptions- und Transmissionseigenschaften von Materie in den unterschiedlichen Strahlungsbereichen;https://lp-bavaria.org/971ddc2c-fe6c-4502-9ad9-f863c73c1f7f;https://lp-bavaria.org/lis_live_isb.c.219078.de
Bayern;Gymnasium;Physik;Physik 9 – Physikalische Erkenntnisse für Argumentationen nutzen;Jahrgangsstufe 9;Sekundarbereich I;;;;lehrplan;inhalt;http://purl.obolibrary.org/obo/BFO_0000001 | http://purl.obolibrary.org/obo/BFO_0000002 | http://purl.obolibrary.org/obo/BFO_0000031 | http://purl.obolibrary.org/obo/IAO_0000030 | http://www.w3.org/2002/07/owl#NamedIndividual | Curriculares Element | CE-Lerninhalt | Element (BY) | Inhalt zu den Kompetenzen (BY);Thermischer Energietransport und Einflüsse auf unser Klima;Strahlungsgleichgewicht der Erde, natürliche und anthropogene Beiträge zum Treibhauseffekt und ihre Auswirkungen auf die Erderwärmung;https://lp-bavaria.org/a4f96b43-fce4-459b-896c-4356887392a8;https://lp-bavaria.org/lis_live_isb.c.219078.de
Bayern;Gymnasium;Physik;Physik 9 – Physikalische Erkenntnisse für Argumentationen nutzen;Jahrgangsstufe 9;Sekundarbereich I;;;;lehrplan;inhalt;http://purl.obolibrary.org/obo/BFO_0000001 | http://purl.obolibrary.org/obo/BFO_0000002 | http://purl.obolibrary.org/obo/BFO_0000031 | http://purl.obolibrary.org/obo/IAO_0000030 | http://www.w3.org/2002/07/owl#NamedIndividual | Curriculares Element | CE-Lerninhalt | Element (BY) | Inhalt zu den Kompetenzen (BY);Thermischer Energietransport und Einflüsse auf unser Klima;Temperaturunterschied als Ursache für einen Energiestrom: Wärmeleitung, Konvektion, Wärmestrahlung;https://lp-bavaria.org/9d86caed-8953-457e-b0a8-5d2c9b58f08d;https://lp-bavaria.org/lis_live_isb.c.219078.de
Bayern;Gymnasium;Physik;Physik 9 – Physikalische Erkenntnisse für Argumentationen nutzen;Jahrgangsstufe 9;Sekundarbereich I;;;;lehrplan;kompetenz;http://purl.obolibrary.org/obo/BFO_0000001 | http://purl.obolibrary.org/obo/BFO_0000002 | http://purl.obolibrary.org/obo/BFO_0000031 | http://purl.obolibrary.org/obo/IAO_0000030 | http://www.w3.org/2002/07/owl#NamedIndividual | Curriculares Element | CE-Kompetenzspezifikation | Element (BY) | Kompetenzerwartung (BY);Thermischer Energietransport und Einflüsse auf unser Klima;beschreiben anhand ausgewählter Beispiele Ursachen und Prozesse des thermischen Energietransports: Wärmeleitung, Konvektion und Wärmestrahlung. Sie nutzen diese Kenntnisse, um in physikalisch schlüssigen Argumentationen die Vorgänge zu erklären, die zur Erwärmung der Erdatmosphäre führen.;https://lp-bavaria.org/3976cc34-0016-4351-af1e-9fb502f9c1f4;https://lp-bavaria.org/lis_live_isb.c.219078.de
Bayern;Gymnasium;Physik;Physik 9 – Physikalische Erkenntnisse für Argumentationen nutzen;Jahrgangsstufe 9;Sekundarbereich I;;;;lehrplan;kompetenz;http://purl.obolibrary.org/obo/BFO_0000001 | http://purl.obolibrary.org/obo/BFO_0000002 | http://purl.obolibrary.org/obo/BFO_0000031 | http://purl.obolibrary.org/obo/IAO_0000030 | http://www.w3.org/2002/07/owl#NamedIndividual | Curriculares Element | CE-Kompetenzspezifikation | Element (BY) | Kompetenzerwartung (BY);Atome;erklären Emissions- und Absorptionsspektren auf der Grundlage des Energiestufenmodells des Atoms sowie des Photonenmodells des Lichts und führen einfache Berechnungen mit Energiewerten durch.;https://lp-bavaria.org/6305aaba-b760-4efa-8a82-69003b69f1a4;https://lp-bavaria.org/lis_live_isb.c.219078.de
Bayern;Gymnasium;Physik;Physik 9 – Physikalische Erkenntnisse für Argumentationen nutzen;Jahrgangsstufe 9;Sekundarbereich I;;;;lehrplan;kompetenz;http://purl.obolibrary.org/obo/BFO_0000001 | http://purl.obolibrary.org/obo/BFO_0000002 | http://purl.obolibrary.org/obo/BFO_0000031 | http://purl.obolibrary.org/obo/IAO_0000030 | http://www.w3.org/2002/07/owl#NamedIndividual | Curriculares Element | CE-Kompetenzspezifikation | Element (BY) | Kompetenzerwartung (BY);Thermischer Energietransport und Einflüsse auf unser Klima;stellen graphisch Energieflüsse in der Erdatmosphäre dar und erkennen daran den Einfluss von Treibhausgasen auf die Temperatur der Erdoberfläche im Strahlungsgleichgewicht. Dazu nutzen sie auch geeignete Simulationssoftware. ;https://lp-bavaria.org/7b796263-8ebd-4da1-9e17-94f06a1ad1ad;https://lp-bavaria.org/lis_live_isb.c.219078.de
Bayern;Gymnasium;Physik;Physik 9 – Physikalische Erkenntnisse für Argumentationen nutzen;Jahrgangsstufe 9;Sekundarbereich I;;;;lehrplan;inhalt;http://purl.obolibrary.org/obo/BFO_0000001 | http://purl.obolibrary.org/obo/BFO_0000002 | http://purl.obolibrary.org/obo/BFO_0000031 | http://purl.obolibrary.org/obo/IAO_0000030 | http://www.w3.org/2002/07/owl#NamedIndividual | Curriculares Element | CE-Lerninhalt | Element (BY) | Inhalt zu den Kompetenzen (BY);Klima;thermische Ausdehnung als eine der Ursachen für den Meeresspiegelanstieg, dämpfende Wirkung der Ozeane auf die Erwärmungsgeschwindigkeit der Erde;https://lp-bavaria.org/1db78282-0a95-4ca6-8c96-9d795d741840;https://lp-bavaria.org/lis_live_isb.c.219078.de
Bayern;Gymnasium;Physik;Physik 9 – Physikalische Erkenntnisse für Argumentationen nutzen;Jahrgangsstufe 9;Sekundarbereich I;;;;lehrplan;kompetenz;http://purl.obolibrary.org/obo/BFO_0000001 | http://purl.obolibrary.org/obo/BFO_0000002 | http://purl.obolibrary.org/obo/BFO_0000031 | http://purl.obolibrary.org/obo/IAO_0000030 | http://www.w3.org/2002/07/owl#NamedIndividual | Curriculares Element | CE-Kompetenzspezifikation | Element (BY) | Kompetenzerwartung (BY);Atome;"verwenden das Photonenmodell, um experimentelle Beobachtungen, z.&nbsp;B. zur Fluoreszenzanregung durch unterschiedliche Lichtquellen, plausibel zu machen. Sie beurteilen die von Photonen unterschiedlicher Spektralbereiche ausgehenden Risiken.";https://lp-bavaria.org/fc1d2454-bdce-43fe-b16b-a9a5429f9f9e;https://lp-bavaria.org/lis_live_isb.c.219078.de
Bayern;Berufsoberschule;Physik;Physik Additum 13 (ABU);Jahrgangsstufe 13;;;;;lehrplan;inhalt;http://purl.obolibrary.org/obo/BFO_0000001 | http://purl.obolibrary.org/obo/BFO_0000002 | http://purl.obolibrary.org/obo/BFO_0000031 | http://purl.obolibrary.org/obo/IAO_0000030 | http://www.w3.org/2002/07/owl#NamedIndividual | Curriculares Element | CE-Lerninhalt | Element (BY) | Inhalt zu den Kompetenzen (BY);Kernphysik;"Absorption von &#x03B1;&#x2011;, &#x03B2;&#x2011; und &#x03B3;&#x2011;Strahlung, Halbwertsdicke ";https://lp-bavaria.org/39c38e6d-0ce4-4a71-9c66-870d3550c80a;https://lp-bavaria.org/lis_live_isb.c.107520.de
Bayern;Berufsoberschule;Physik;Physik Additum 13 (ABU);Jahrgangsstufe 13;;;;;lehrplan;inhalt;http://purl.obolibrary.org/obo/BFO_0000001 | http://purl.obolibrary.org/obo/BFO_0000002 | http://purl.obolibrary.org/obo/BFO_0000031 | http://purl.obolibrary.org/obo/IAO_0000030 | http://www.w3.org/2002/07/owl#NamedIndividual | Curriculares Element | CE-Lerninhalt | Element (BY) | Inhalt zu den Kompetenzen (BY);Kernphysik;Auswirkung der Strahlungsarten auf Organismen, Strahlenschutz ;https://lp-bavaria.org/ad7d02f5-8887-4ddb-9585-f400cf752a33;https://lp-bavaria.org/lis_live_isb.c.107520.de
Bayern;Berufsoberschule;Physik;Physik Additum 13 (ABU);Jahrgangsstufe 13;;;;;lehrplan;inhalt;http://purl.obolibrary.org/obo/BFO_0000001 | http://purl.obolibrary.org/obo/BFO_0000002 | http://purl.obolibrary.org/obo/BFO_0000031 | http://purl.obolibrary.org/obo/IAO_0000030 | http://www.w3.org/2002/07/owl#NamedIndividual | Curriculares Element | CE-Lerninhalt | Element (BY) | Inhalt zu den Kompetenzen (BY);Wellen;Interferenz am Gitter (Mehrfachspalt), Wellenlänge von Laserlicht ;https://lp-bavaria.org/342af1b6-558f-46dc-a9ba-15c0d3f3ccc6;https://lp-bavaria.org/lis_live_isb.c.107520.de
Bayern;Berufsoberschule;Physik;Physik Additum 13 (ABU);Jahrgangsstufe 13;;;;;lehrplan;inhalt;http://purl.obolibrary.org/obo/BFO_0000001 | http://purl.obolibrary.org/obo/BFO_0000002 | http://purl.obolibrary.org/obo/BFO_0000031 | http://purl.obolibrary.org/obo/IAO_0000030 | http://www.w3.org/2002/07/owl#NamedIndividual | Curriculares Element | CE-Lerninhalt | Element (BY) | Inhalt zu den Kompetenzen (BY);Kernphysik;Nachweisgeräte für radioaktive Strahlung ;https://lp-bavaria.org/eabfd23b-3ffa-4eae-b0d7-81f0a5bd16bd;https://lp-bavaria.org/lis_live_isb.c.107520.de
Bayern;Berufsoberschule;Physik;Physik Additum 13 (ABU);Jahrgangsstufe 13;;;;;lehrplan;inhalt;http://purl.obolibrary.org/obo/BFO_0000001 | http://purl.obolibrary.org/obo/BFO_0000002 | http://purl.obolibrary.org/obo/BFO_0000031 | http://purl.obolibrary.org/obo/IAO_0000030 | http://www.w3.org/2002/07/owl#NamedIndividual | Curriculares Element | CE-Lerninhalt | Element (BY) | Inhalt zu den Kompetenzen (BY);Wellen;Wellenmodell zur Beschreibung von Phänomenen des Lichts ;https://lp-bavaria.org/8f5bda7a-2798-49a2-8f89-dfa26f8ac66b;https://lp-bavaria.org/lis_live_isb.c.107520.de
Bayern;Berufsoberschule;Physik;Physik Additum 13 (ABU);Jahrgangsstufe 13;;;;;lehrplan;kompetenz;http://purl.obolibrary.org/obo/BFO_0000001 | http://purl.obolibrary.org/obo/BFO_0000002 | http://purl.obolibrary.org/obo/BFO_0000031 | http://purl.obolibrary.org/obo/IAO_0000030 | http://www.w3.org/2002/07/owl#NamedIndividual | Curriculares Element | CE-Kompetenzspezifikation | Element (BY) | Kompetenzerwartung (BY);Wellen;ermitteln experimentell die Wellenlänge von monochromatischem Laserlicht, indem sie Licht als elektromagnetische Welle identifizieren und Interferenzerscheinungen am Beugungsgitter mithilfe des Wellenmodells erklären.;https://lp-bavaria.org/1d60822b-2880-48cd-9b64-5d466aa9ca2f;https://lp-bavaria.org/lis_live_isb.c.107520.de
Bayern;Berufsoberschule;Physik;Physik Additum 13 (ABU);Jahrgangsstufe 13;;;;;lehrplan;kompetenz;http://purl.obolibrary.org/obo/BFO_0000001 | http://purl.obolibrary.org/obo/BFO_0000002 | http://purl.obolibrary.org/obo/BFO_0000031 | http://purl.obolibrary.org/obo/IAO_0000030 | http://www.w3.org/2002/07/owl#NamedIndividual | Curriculares Element | CE-Kompetenzspezifikation | Element (BY) | Kompetenzerwartung (BY);Kernphysik;schließen aus Berechnungen mit dem radioaktiven Zerfallsgesetz auf mögliche Langzeitauswirkungen von natürlicher und künstlicher Radioaktivität auf Mensch und Umwelt. Sie leiten anhand des Absorptionsgesetzes und des Abstandsgesetzes mögliche Schutzmaßnahmen gegenüber radioaktiver Strahlung ab. ;https://lp-bavaria.org/a05a9fb1-5a45-4093-85f6-2954a99464ca;https://lp-bavaria.org/lis_live_isb.c.107520.de
Bayern;Berufsoberschule;Physik;Physik Additum 13 (ABU);Jahrgangsstufe 13;;;;;lehrplan;kompetenz;http://purl.obolibrary.org/obo/BFO_0000001 | http://purl.obolibrary.org/obo/BFO_0000002 | http://purl.obolibrary.org/obo/BFO_0000031 | http://purl.obolibrary.org/obo/IAO_0000030 | http://www.w3.org/2002/07/owl#NamedIndividual | Curriculares Element | CE-Kompetenzspezifikation | Element (BY) | Kompetenzerwartung (BY);Kernphysik;unterscheiden radioaktive Strahlungsarten aufgrund ihrer unterschiedlichen physikalischen Eigenschaften, um die prinzipielle Funktionsweise von Nachweisgeräten für radioaktive Strahlung zu erklären. ;https://lp-bavaria.org/e9b3a756-d776-4367-8a64-e11c6c573577;https://lp-bavaria.org/lis_live_isb.c.107520.de
Bayern;Fachoberschule;Physik;Physik Additum 13 (ABU);Jahrgangsstufe 13;;;;;lehrplan;inhalt;http://purl.obolibrary.org/obo/BFO_0000001 | http://purl.obolibrary.org/obo/BFO_0000002 | http://purl.obolibrary.org/obo/BFO_0000031 | http://purl.obolibrary.org/obo/IAO_0000030 | http://www.w3.org/2002/07/owl#NamedIndividual | Curriculares Element | CE-Lerninhalt | Element (BY) | Inhalt zu den Kompetenzen (BY);Kernphysik;"Absorption von &#x03B1;&#x2011;, &#x03B2;&#x2011; und &#x03B3;&#x2011;Strahlung, Halbwertsdicke ";https://lp-bavaria.org/49764b9a-ec63-4936-849e-ae7da96e194b;https://lp-bavaria.org/lis_live_isb.c.76673.de
Bayern;Fachoberschule;Physik;Physik Additum 13 (ABU);Jahrgangsstufe 13;;;;;lehrplan;inhalt;http://purl.obolibrary.org/obo/BFO_0000001 | http://purl.obolibrary.org/obo/BFO_0000002 | http://purl.obolibrary.org/obo/BFO_0000031 | http://purl.obolibrary.org/obo/IAO_0000030 | http://www.w3.org/2002/07/owl#NamedIndividual | Curriculares Element | CE-Lerninhalt | Element (BY) | Inhalt zu den Kompetenzen (BY);Kernphysik;Auswirkung der Strahlungsarten auf Organismen, Strahlenschutz ;https://lp-bavaria.org/ff9a700d-bcaa-42d1-8786-7347721e0fa2;https://lp-bavaria.org/lis_live_isb.c.76673.de
Bayern;Fachoberschule;Physik;Physik Additum 13 (ABU);Jahrgangsstufe 13;;;;;lehrplan;inhalt;http://purl.obolibrary.org/obo/BFO_0000001 | http://purl.obolibrary.org/obo/BFO_0000002 | http://purl.obolibrary.org/obo/BFO_0000031 | http://purl.obolibrary.org/obo/IAO_0000030 | http://www.w3.org/2002/07/owl#NamedIndividual | Curriculares Element | CE-Lerninhalt | Element (BY) | Inhalt zu den Kompetenzen (BY);Wellen;Interferenz am Gitter (Mehrfachspalt), Wellenlänge von Laserlicht ;https://lp-bavaria.org/87715139-4bc2-4cea-917d-946686a93923;https://lp-bavaria.org/lis_live_isb.c.76673.de
Bayern;Fachoberschule;Physik;Physik Additum 13 (ABU);Jahrgangsstufe 13;;;;;lehrplan;inhalt;http://purl.obolibrary.org/obo/BFO_0000001 | http://purl.obolibrary.org/obo/BFO_0000002 | http://purl.obolibrary.org/obo/BFO_0000031 | http://purl.obolibrary.org/obo/IAO_0000030 | http://www.w3.org/2002/07/owl#NamedIndividual | Curriculares Element | CE-Lerninhalt | Element (BY) | Inhalt zu den Kompetenzen (BY);Kernphysik;Nachweisgeräte für radioaktive Strahlung ;https://lp-bavaria.org/c0cfdad2-08ca-401b-bee9-0fabee8f16b4;https://lp-bavaria.org/lis_live_isb.c.76673.de
Bayern;Fachoberschule;Physik;Physik Additum 13 (ABU);Jahrgangsstufe 13;;;;;lehrplan;inhalt;http://purl.obolibrary.org/obo/BFO_0000001 | http://purl.obolibrary.org/obo/BFO_0000002 | http://purl.obolibrary.org/obo/BFO_0000031 | http://purl.obolibrary.org/obo/IAO_0000030 | http://www.w3.org/2002/07/owl#NamedIndividual | Curriculares Element | CE-Lerninhalt | Element (BY) | Inhalt zu den Kompetenzen (BY);Wellen;Wellenmodell zur Beschreibung von Phänomenen des Lichts ;https://lp-bavaria.org/545bc84e-16f5-4e09-a686-bf775b3afee1;https://lp-bavaria.org/lis_live_isb.c.76673.de
Bayern;Fachoberschule;Physik;Physik Additum 13 (ABU);Jahrgangsstufe 13;;;;;lehrplan;kompetenz;http://purl.obolibrary.org/obo/BFO_0000001 | http://purl.obolibrary.org/obo/BFO_0000002 | http://purl.obolibrary.org/obo/BFO_0000031 | http://purl.obolibrary.org/obo/IAO_0000030 | http://www.w3.org/2002/07/owl#NamedIndividual | Curriculares Element | CE-Kompetenzspezifikation | Element (BY) | Kompetenzerwartung (BY);Wellen;ermitteln experimentell die Wellenlänge von monochromatischem Laserlicht, indem sie Licht als elektromagnetische Welle identifizieren und Interferenzerscheinungen am Beugungsgitter mithilfe des Wellenmodells erklären.;https://lp-bavaria.org/bec174f2-08c8-44d0-835b-4cf3a95d2947;https://lp-bavaria.org/lis_live_isb.c.76673.de
Bayern;Fachoberschule;Physik;Physik Additum 13 (ABU);Jahrgangsstufe 13;;;;;lehrplan;kompetenz;http://purl.obolibrary.org/obo/BFO_0000001 | http://purl.obolibrary.org/obo/BFO_0000002 | http://purl.obolibrary.org/obo/BFO_0000031 | http://purl.obolibrary.org/obo/IAO_0000030 | http://www.w3.org/2002/07/owl#NamedIndividual | Curriculares Element | CE-Kompetenzspezifikation | Element (BY) | Kompetenzerwartung (BY);Kernphysik;schließen aus Berechnungen mit dem radioaktiven Zerfallsgesetz auf mögliche Langzeitauswirkungen von natürlicher und künstlicher Radioaktivität auf Mensch und Umwelt. Sie leiten anhand des Absorptionsgesetzes und des Abstandsgesetzes mögliche Schutzmaßnahmen gegenüber radioaktiver Strahlung ab. ;https://lp-bavaria.org/09cf229a-943d-4c93-affb-3cd1d766da60;https://lp-bavaria.org/lis_live_isb.c.76673.de
Bayern;Fachoberschule;Physik;Physik Additum 13 (ABU);Jahrgangsstufe 13;;;;;lehrplan;kompetenz;http://purl.obolibrary.org/obo/BFO_0000001 | http://purl.obolibrary.org/obo/BFO_0000002 | http://purl.obolibrary.org/obo/BFO_0000031 | http://purl.obolibrary.org/obo/IAO_0000030 | http://www.w3.org/2002/07/owl#NamedIndividual | Curriculares Element | CE-Kompetenzspezifikation | Element (BY) | Kompetenzerwartung (BY);Kernphysik;unterscheiden radioaktive Strahlungsarten aufgrund ihrer unterschiedlichen physikalischen Eigenschaften, um die prinzipielle Funktionsweise von Nachweisgeräten für radioaktive Strahlung zu erklären. ;https://lp-bavaria.org/7ff2c1eb-490f-41e9-a236-a18f78f43e93;https://lp-bavaria.org/lis_live_isb.c.76673.de
Bayern;Berufsoberschule;Physik;Physik Vorklasse (T, ABU);Jahrgangsstufe 10;Sekundarbereich I;;;;lehrplan;inhalt;http://purl.obolibrary.org/obo/BFO_0000001 | http://purl.obolibrary.org/obo/BFO_0000002 | http://purl.obolibrary.org/obo/BFO_0000031 | http://purl.obolibrary.org/obo/IAO_0000030 | http://www.w3.org/2002/07/owl#NamedIndividual | Curriculares Element | CE-Lerninhalt | Element (BY) | Inhalt zu den Kompetenzen (BY);Grundlagen der Optik;"Abbildungen mit Sammellinsen, z.&nbsp;B. Auge";https://lp-bavaria.org/1f00ad28-460b-4d65-9e9c-7acad23d7208;https://lp-bavaria.org/lis_live_isb.c.106949.de
Bayern;Berufsoberschule;Physik;Physik Vorklasse (T, ABU);Jahrgangsstufe 10;Sekundarbereich I;;;;lehrplan;inhalt;http://purl.obolibrary.org/obo/BFO_0000001 | http://purl.obolibrary.org/obo/BFO_0000002 | http://purl.obolibrary.org/obo/BFO_0000031 | http://purl.obolibrary.org/obo/IAO_0000030 | http://www.w3.org/2002/07/owl#NamedIndividual | Curriculares Element | CE-Lerninhalt | Element (BY) | Inhalt zu den Kompetenzen (BY);Grundlagen der Optik;Ausbreitung von Licht, Lichtstrahl als Modell ;https://lp-bavaria.org/02126153-3e16-482e-a8b7-c3d395bc76ba;https://lp-bavaria.org/lis_live_isb.c.106949.de
Bayern;Berufsoberschule;Physik;Physik Vorklasse (T, ABU);Jahrgangsstufe 10;Sekundarbereich I;;;;lehrplan;inhalt;http://purl.obolibrary.org/obo/BFO_0000001 | http://purl.obolibrary.org/obo/BFO_0000002 | http://purl.obolibrary.org/obo/BFO_0000031 | http://purl.obolibrary.org/obo/IAO_0000030 | http://www.w3.org/2002/07/owl#NamedIndividual | Curriculares Element | CE-Lerninhalt | Element (BY) | Inhalt zu den Kompetenzen (BY);Grundlagen der Optik;Brechungsgesetz, Totalreflexion ;https://lp-bavaria.org/3b9f719a-0727-42a8-9dc1-2d61647d1130;https://lp-bavaria.org/lis_live_isb.c.106949.de
Bayern;Berufsoberschule;Physik;Physik Vorklasse (T, ABU);Jahrgangsstufe 10;Sekundarbereich I;;;;lehrplan;inhalt;http://purl.obolibrary.org/obo/BFO_0000001 | http://purl.obolibrary.org/obo/BFO_0000002 | http://purl.obolibrary.org/obo/BFO_0000031 | http://purl.obolibrary.org/obo/IAO_0000030 | http://www.w3.org/2002/07/owl#NamedIndividual | Curriculares Element | CE-Lerninhalt | Element (BY) | Inhalt zu den Kompetenzen (BY);Grundlagen der Wärmelehre;Energietransport durch Wärmeleitung und Wärmestrahlung, Konvektion ;https://lp-bavaria.org/85c6e75b-8696-4420-92ee-5b7bb5afe151;https://lp-bavaria.org/lis_live_isb.c.106949.de
Bayern;Berufsoberschule;Physik;Physik Vorklasse (T, ABU);Jahrgangsstufe 10;Sekundarbereich I;;;;lehrplan;themenbereich;http://purl.obolibrary.org/obo/BFO_0000001 | http://purl.obolibrary.org/obo/BFO_0000002 | http://purl.obolibrary.org/obo/BFO_0000031 | http://purl.obolibrary.org/obo/IAO_0000030 | http://www.w3.org/2002/07/owl#NamedIndividual | Curriculares Element | CE-Bereich | Element (BY) | Lernbereich (BY);Physik Vorklasse (T, ABU);Grundlagen der Optik;https://lp-bavaria.org/lis_live_isb.c.106947.de;https://lp-bavaria.org/lis_live_isb.c.106949.de
Bayern;Berufsoberschule;Physik;Physik Vorklasse (T, ABU);Jahrgangsstufe 10;Sekundarbereich I;;;;lehrplan;inhalt;http://purl.obolibrary.org/obo/BFO_0000001 | http://purl.obolibrary.org/obo/BFO_0000002 | http://purl.obolibrary.org/obo/BFO_0000031 | http://purl.obolibrary.org/obo/IAO_0000030 | http://www.w3.org/2002/07/owl#NamedIndividual | Curriculares Element | CE-Lerninhalt | Element (BY) | Inhalt zu den Kompetenzen (BY);Grundlagen der Optik;"Kern&#x2011; und Halbschatten";https://lp-bavaria.org/ce03b6ee-38d2-4ecd-9fc3-82dd7e9235c6;https://lp-bavaria.org/lis_live_isb.c.106949.de
Bayern;Berufsoberschule;Physik;Physik Vorklasse (T, ABU);Jahrgangsstufe 10;Sekundarbereich I;;;;lehrplan;inhalt;http://purl.obolibrary.org/obo/BFO_0000001 | http://purl.obolibrary.org/obo/BFO_0000002 | http://purl.obolibrary.org/obo/BFO_0000031 | http://purl.obolibrary.org/obo/IAO_0000030 | http://www.w3.org/2002/07/owl#NamedIndividual | Curriculares Element | CE-Lerninhalt | Element (BY) | Inhalt zu den Kompetenzen (BY);Grundlagen der Optik;Reflexionsgesetz ;https://lp-bavaria.org/f7b973ea-4450-4db9-9e25-dd7d1569a53a;https://lp-bavaria.org/lis_live_isb.c.106949.de
Bayern;Berufsoberschule;Physik;Physik Vorklasse (T, ABU);Jahrgangsstufe 10;Sekundarbereich I;;;;lehrplan;inhalt;http://purl.obolibrary.org/obo/BFO_0000001 | http://purl.obolibrary.org/obo/BFO_0000002 | http://purl.obolibrary.org/obo/BFO_0000031 | http://purl.obolibrary.org/obo/IAO_0000030 | http://www.w3.org/2002/07/owl#NamedIndividual | Curriculares Element | CE-Lerninhalt | Element (BY) | Inhalt zu den Kompetenzen (BY);Grundlagen der Elektrizitätslehre;Wärmewirkung, magnetische Wirkung, Lichtwirkung, physiologische Wirkung des elektrischen Stroms ;https://lp-bavaria.org/a24db339-4323-4c08-8990-fd0516c3827d;https://lp-bavaria.org/lis_live_isb.c.106949.de
Bayern;Berufsoberschule;Physik;Physik Vorklasse (T, ABU);Jahrgangsstufe 10;Sekundarbereich I;;;;lehrplan;kompetenz;http://purl.obolibrary.org/obo/BFO_0000001 | http://purl.obolibrary.org/obo/BFO_0000002 | http://purl.obolibrary.org/obo/BFO_0000031 | http://purl.obolibrary.org/obo/IAO_0000030 | http://www.w3.org/2002/07/owl#NamedIndividual | Curriculares Element | CE-Kompetenzspezifikation | Element (BY) | Kompetenzerwartung (BY);Grundlagen der Wärmelehre;"beschreiben mit einfachen Modellvorstellungen Phänomene der Wärmeleitung und Wärmestrahlung und begründen die Konvektion in Flüssigkeiten mithilfe der infolge von Temperaturänderungen in ihnen entstehenden Dichteunterschiede, um u.&nbsp;a. die jahreszeitlich unterschiedlichen Temperaturschichtungen in Gewässern zu erklären. ";https://lp-bavaria.org/00f3c709-b4c7-40d4-8e0d-8d8cfba2ac02;https://lp-bavaria.org/lis_live_isb.c.106949.de
Bayern;Berufsoberschule;Physik;Physik Vorklasse (T, ABU);Jahrgangsstufe 10;Sekundarbereich I;;;;lehrplan;kompetenz;http://purl.obolibrary.org/obo/BFO_0000001 | http://purl.obolibrary.org/obo/BFO_0000002 | http://purl.obolibrary.org/obo/BFO_0000031 | http://purl.obolibrary.org/obo/IAO_0000030 | http://www.w3.org/2002/07/owl#NamedIndividual | Curriculares Element | CE-Kompetenzspezifikation | Element (BY) | Kompetenzerwartung (BY);Grundlagen der Optik;"erklären auf  Grundlage des Strahlenmodells der Lichtausbreitung die Entstehung verschiedener Schattenbereiche. Sie konstruieren hierzu Strahlengänge und erläutern damit unter anderem die Entstehung von Sonnen&#x2011; und Mondfinsternissen sowie der Mondphasen.";https://lp-bavaria.org/a2d8eb0c-94e8-4adb-81f3-247e02f14a96;https://lp-bavaria.org/lis_live_isb.c.106949.de
Bayern;Berufsoberschule;Physik;Physik Vorklasse (T, ABU);Jahrgangsstufe 10;Sekundarbereich I;;;;lehrplan;kompetenz;http://purl.obolibrary.org/obo/BFO_0000001 | http://purl.obolibrary.org/obo/BFO_0000002 | http://purl.obolibrary.org/obo/BFO_0000031 | http://purl.obolibrary.org/obo/IAO_0000030 | http://www.w3.org/2002/07/owl#NamedIndividual | Curriculares Element | CE-Kompetenzspezifikation | Element (BY) | Kompetenzerwartung (BY);Grundlagen der Optik;"konstruieren Strahlengänge durch Sammellinsen, überprüfen ihre Ergebnisse bezüglich der Bildgröße und &#x2011;weite experimentell und erklären damit unter anderem die Bildentstehung im Auge samt auftretender Kurz&#x2011; und Weitsichtigkeit als Sehfehler.";https://lp-bavaria.org/50a67bbd-7814-49af-b5b7-a219c182ee55;https://lp-bavaria.org/lis_live_isb.c.106949.de
Bayern;Berufsoberschule;Physik;Physik Vorklasse (T, ABU);Jahrgangsstufe 10;Sekundarbereich I;;;;lehrplan;inhalt;http://purl.obolibrary.org/obo/BFO_0000001 | http://purl.obolibrary.org/obo/BFO_0000002 | http://purl.obolibrary.org/obo/BFO_0000031 | http://purl.obolibrary.org/obo/IAO_0000030 | http://www.w3.org/2002/07/owl#NamedIndividual | Curriculares Element | CE-Lerninhalt | Element (BY) | Inhalt zu den Kompetenzen (BY);Grundlagen der Optik;"optische Geräte, z.&nbsp;B. Mikroskop, [lang=en]Newton[/lang]fernrohr, Lichtleiter ";https://lp-bavaria.org/bedc00de-104d-4198-81c8-76f01d5f7c92;https://lp-bavaria.org/lis_live_isb.c.106949.de
Bayern;Berufsoberschule;Physik;Physik Vorklasse (T, ABU);Jahrgangsstufe 10;Sekundarbereich I;;;;lehrplan;kompetenz;http://purl.obolibrary.org/obo/BFO_0000001 | http://purl.obolibrary.org/obo/BFO_0000002 | http://purl.obolibrary.org/obo/BFO_0000031 | http://purl.obolibrary.org/obo/IAO_0000030 | http://www.w3.org/2002/07/owl#NamedIndividual | Curriculares Element | CE-Kompetenzspezifikation | Element (BY) | Kompetenzerwartung (BY);Grundlagen der Optik;"planen unter Anleitung Experimente zur Reflexion und Brechung und führen diese durch. Sie bestimmen mit den Messergebnissen den Brechungsindex und den Grenzwinkel für Totalreflexion bei unterschiedlichen optischen Medien, um damit z.&nbsp;B. die Funktionsweise von Lichtleitern zu erklären.";https://lp-bavaria.org/e0816524-fb97-4dfd-bd78-6ff3fe67a27d;https://lp-bavaria.org/lis_live_isb.c.106949.de
Bayern;Berufsoberschule;Physik;Physik Vorklasse (T, ABU);Jahrgangsstufe 10;Sekundarbereich I;;;;lehrplan;inhalt;http://purl.obolibrary.org/obo/BFO_0000001 | http://purl.obolibrary.org/obo/BFO_0000002 | http://purl.obolibrary.org/obo/BFO_0000031 | http://purl.obolibrary.org/obo/IAO_0000030 | http://www.w3.org/2002/07/owl#NamedIndividual | Curriculares Element | CE-Lerninhalt | Element (BY) | Inhalt zu den Kompetenzen (BY);Grundlagen der Optik;primäre und sekundäre Lichtquellen, Streuung ;https://lp-bavaria.org/618e282f-5884-44ac-af21-c42cd3ce7a3e;https://lp-bavaria.org/lis_live_isb.c.106949.de
Bayern;Berufsoberschule;Physik;Physik Vorklasse (T, ABU);Jahrgangsstufe 10;Sekundarbereich I;;;;lehrplan;kompetenz;http://purl.obolibrary.org/obo/BFO_0000001 | http://purl.obolibrary.org/obo/BFO_0000002 | http://purl.obolibrary.org/obo/BFO_0000031 | http://purl.obolibrary.org/obo/IAO_0000030 | http://www.w3.org/2002/07/owl#NamedIndividual | Curriculares Element | CE-Kompetenzspezifikation | Element (BY) | Kompetenzerwartung (BY);Grundlagen der Optik;unterscheiden zwischen primären und sekundären Lichtquellen und erklären damit den Sehvorgang als direkten oder gestreuten Lichteinfall ins Auge.;https://lp-bavaria.org/3aa15dc0-d0cb-4706-b4e6-807c3f946bf6;https://lp-bavaria.org/lis_live_isb.c.106949.de
Bayern;Fachoberschule;Physik;Physik Vorklasse (T, ABU);Jahrgangsstufe 10;Sekundarbereich I;;;;lehrplan;inhalt;http://purl.obolibrary.org/obo/BFO_0000001 | http://purl.obolibrary.org/obo/BFO_0000002 | http://purl.obolibrary.org/obo/BFO_0000031 | http://purl.obolibrary.org/obo/IAO_0000030 | http://www.w3.org/2002/07/owl#NamedIndividual | Curriculares Element | CE-Lerninhalt | Element (BY) | Inhalt zu den Kompetenzen (BY);Grundlagen der Optik;"Abbildungen mit Sammellinsen, z.&nbsp;B. Auge";https://lp-bavaria.org/801693b8-ecf9-4136-ba35-67e2d0479f35;https://lp-bavaria.org/lis_live_isb.c.56074.de
Bayern;Fachoberschule;Physik;Physik Vorklasse (T, ABU);Jahrgangsstufe 10;Sekundarbereich I;;;;lehrplan;inhalt;http://purl.obolibrary.org/obo/BFO_0000001 | http://purl.obolibrary.org/obo/BFO_0000002 | http://purl.obolibrary.org/obo/BFO_0000031 | http://purl.obolibrary.org/obo/IAO_0000030 | http://www.w3.org/2002/07/owl#NamedIndividual | Curriculares Element | CE-Lerninhalt | Element (BY) | Inhalt zu den Kompetenzen (BY);Grundlagen der Optik;Ausbreitung von Licht, Lichtstrahl als Modell ;https://lp-bavaria.org/f055e7a8-835c-4dfa-b35e-dae42c6d9bef;https://lp-bavaria.org/lis_live_isb.c.56074.de
Bayern;Fachoberschule;Physik;Physik Vorklasse (T, ABU);Jahrgangsstufe 10;Sekundarbereich I;;;;lehrplan;inhalt;http://purl.obolibrary.org/obo/BFO_0000001 | http://purl.obolibrary.org/obo/BFO_0000002 | http://purl.obolibrary.org/obo/BFO_0000031 | http://purl.obolibrary.org/obo/IAO_0000030 | http://www.w3.org/2002/07/owl#NamedIndividual | Curriculares Element | CE-Lerninhalt | Element (BY) | Inhalt zu den Kompetenzen (BY);Grundlagen der Optik;Brechungsgesetz, Totalreflexion ;https://lp-bavaria.org/bf79b90f-8bb2-4e10-9aa6-ae03ea4767a2;https://lp-bavaria.org/lis_live_isb.c.56074.de
Bayern;Fachoberschule;Physik;Physik Vorklasse (T, ABU);Jahrgangsstufe 10;Sekundarbereich I;;;;lehrplan;inhalt;http://purl.obolibrary.org/obo/BFO_0000001 | http://purl.obolibrary.org/obo/BFO_0000002 | http://purl.obolibrary.org/obo/BFO_0000031 | http://purl.obolibrary.org/obo/IAO_0000030 | http://www.w3.org/2002/07/owl#NamedIndividual | Curriculares Element | CE-Lerninhalt | Element (BY) | Inhalt zu den Kompetenzen (BY);Grundlagen der Wärmelehre;Energietransport durch Wärmeleitung und Wärmestrahlung, Konvektion ;https://lp-bavaria.org/aa203621-0657-4d97-8612-d6812cbf716e;https://lp-bavaria.org/lis_live_isb.c.56074.de
Bayern;Fachoberschule;Physik;Physik Vorklasse (T, ABU);Jahrgangsstufe 10;Sekundarbereich I;;;;lehrplan;themenbereich;http://purl.obolibrary.org/obo/BFO_0000001 | http://purl.obolibrary.org/obo/BFO_0000002 | http://purl.obolibrary.org/obo/BFO_0000031 | http://purl.obolibrary.org/obo/IAO_0000030 | http://www.w3.org/2002/07/owl#NamedIndividual | Curriculares Element | CE-Bereich | Element (BY) | Lernbereich (BY);Physik Vorklasse (T, ABU);Grundlagen der Optik;https://lp-bavaria.org/lis_live_isb.c.85908.de;https://lp-bavaria.org/lis_live_isb.c.56074.de
Bayern;Fachoberschule;Physik;Physik Vorklasse (T, ABU);Jahrgangsstufe 10;Sekundarbereich I;;;;lehrplan;inhalt;http://purl.obolibrary.org/obo/BFO_0000001 | http://purl.obolibrary.org/obo/BFO_0000002 | http://purl.obolibrary.org/obo/BFO_0000031 | http://purl.obolibrary.org/obo/IAO_0000030 | http://www.w3.org/2002/07/owl#NamedIndividual | Curriculares Element | CE-Lerninhalt | Element (BY) | Inhalt zu den Kompetenzen (BY);Grundlagen der Optik;"Kern&#x2011; und Halbschatten";https://lp-bavaria.org/b3ddf21d-0827-4818-b0ee-68d109325e27;https://lp-bavaria.org/lis_live_isb.c.56074.de
Bayern;Fachoberschule;Physik;Physik Vorklasse (T, ABU);Jahrgangsstufe 10;Sekundarbereich I;;;;lehrplan;inhalt;http://purl.obolibrary.org/obo/BFO_0000001 | http://purl.obolibrary.org/obo/BFO_0000002 | http://purl.obolibrary.org/obo/BFO_0000031 | http://purl.obolibrary.org/obo/IAO_0000030 | http://www.w3.org/2002/07/owl#NamedIndividual | Curriculares Element | CE-Lerninhalt | Element (BY) | Inhalt zu den Kompetenzen (BY);Grundlagen der Optik;Reflexionsgesetz ;https://lp-bavaria.org/3df9253b-bdd6-4a71-87ef-409a78586aee;https://lp-bavaria.org/lis_live_isb.c.56074.de
Bayern;Fachoberschule;Physik;Physik Vorklasse (T, ABU);Jahrgangsstufe 10;Sekundarbereich I;;;;lehrplan;inhalt;http://purl.obolibrary.org/obo/BFO_0000001 | http://purl.obolibrary.org/obo/BFO_0000002 | http://purl.obolibrary.org/obo/BFO_0000031 | http://purl.obolibrary.org/obo/IAO_0000030 | http://www.w3.org/2002/07/owl#NamedIndividual | Curriculares Element | CE-Lerninhalt | Element (BY) | Inhalt zu den Kompetenzen (BY);Grundlagen der Elektrizitätslehre;Wärmewirkung, magnetische Wirkung, Lichtwirkung, physiologische Wirkung des elektrischen Stroms ;https://lp-bavaria.org/cd3b5fe2-fd87-4e16-96e9-de94b4f2c50d;https://lp-bavaria.org/lis_live_isb.c.56074.de
Bayern;Fachoberschule;Physik;Physik Vorklasse (T, ABU);Jahrgangsstufe 10;Sekundarbereich I;;;;lehrplan;kompetenz;http://purl.obolibrary.org/obo/BFO_0000001 | http://purl.obolibrary.org/obo/BFO_0000002 | http://purl.obolibrary.org/obo/BFO_0000031 | http://purl.obolibrary.org/obo/IAO_0000030 | http://www.w3.org/2002/07/owl#NamedIndividual | Curriculares Element | CE-Kompetenzspezifikation | Element (BY) | Kompetenzerwartung (BY);Grundlagen der Wärmelehre;"beschreiben mit einfachen Modellvorstellungen Phänomene der Wärmeleitung und Wärmestrahlung und begründen die Konvektion in Flüssigkeiten mithilfe der infolge von Temperaturänderungen in ihnen entstehenden Dichteunterschiede, um u.&nbsp;a. die jahreszeitlich unterschiedlichen Temperaturschichtungen in Gewässern zu erklären. ";https://lp-bavaria.org/324c4474-aa45-4a5a-babc-dc8beff365e3;https://lp-bavaria.org/lis_live_isb.c.56074.de
Bayern;Fachoberschule;Physik;Physik Vorklasse (T, ABU);Jahrgangsstufe 10;Sekundarbereich I;;;;lehrplan;kompetenz;http://purl.obolibrary.org/obo/BFO_0000001 | http://purl.obolibrary.org/obo/BFO_0000002 | http://purl.obolibrary.org/obo/BFO_0000031 | http://purl.obolibrary.org/obo/IAO_0000030 | http://www.w3.org/2002/07/owl#NamedIndividual | Curriculares Element | CE-Kompetenzspezifikation | Element (BY) | Kompetenzerwartung (BY);Grundlagen der Optik;"erklären auf  Grundlage des Strahlenmodells der Lichtausbreitung die Entstehung verschiedener Schattenbereiche. Sie konstruieren hierzu Strahlengänge und erläutern damit unter anderem die Entstehung von Sonnen&#x2011; und Mondfinsternissen sowie der Mondphasen.";https://lp-bavaria.org/c0db677e-22d4-4efd-b4b4-23157c1eb68b;https://lp-bavaria.org/lis_live_isb.c.56074.de
Bayern;Fachoberschule;Physik;Physik Vorklasse (T, ABU);Jahrgangsstufe 10;Sekundarbereich I;;;;lehrplan;kompetenz;http://purl.obolibrary.org/obo/BFO_0000001 | http://purl.obolibrary.org/obo/BFO_0000002 | http://purl.obolibrary.org/obo/BFO_0000031 | http://purl.obolibrary.org/obo/IAO_0000030 | http://www.w3.org/2002/07/owl#NamedIndividual | Curriculares Element | CE-Kompetenzspezifikation | Element (BY) | Kompetenzerwartung (BY);Grundlagen der Optik;"konstruieren Strahlengänge durch Sammellinsen, überprüfen ihre Ergebnisse bezüglich der Bildgröße und &#x2011;weite experimentell und erklären damit unter anderem die Bildentstehung im Auge samt auftretender Kurz&#x2011; und Weitsichtigkeit als Sehfehler.";https://lp-bavaria.org/afbd7e9d-9a33-4334-9baf-45dea8458d64;https://lp-bavaria.org/lis_live_isb.c.56074.de
Bayern;Fachoberschule;Physik;Physik Vorklasse (T, ABU);Jahrgangsstufe 10;Sekundarbereich I;;;;lehrplan;inhalt;http://purl.obolibrary.org/obo/BFO_0000001 | http://purl.obolibrary.org/obo/BFO_0000002 | http://purl.obolibrary.org/obo/BFO_0000031 | http://purl.obolibrary.org/obo/IAO_0000030 | http://www.w3.org/2002/07/owl#NamedIndividual | Curriculares Element | CE-Lerninhalt | Element (BY) | Inhalt zu den Kompetenzen (BY);Grundlagen der Optik;"optische Geräte, z.&nbsp;B. Mikroskop, [lang=en]Newton[/lang]fernrohr, Lichtleiter ";https://lp-bavaria.org/47187eea-06ff-4e62-afd6-742a95693a89;https://lp-bavaria.org/lis_live_isb.c.56074.de
Bayern;Fachoberschule;Physik;Physik Vorklasse (T, ABU);Jahrgangsstufe 10;Sekundarbereich I;;;;lehrplan;kompetenz;http://purl.obolibrary.org/obo/BFO_0000001 | http://purl.obolibrary.org/obo/BFO_0000002 | http://purl.obolibrary.org/obo/BFO_0000031 | http://purl.obolibrary.org/obo/IAO_0000030 | http://www.w3.org/2002/07/owl#NamedIndividual | Curriculares Element | CE-Kompetenzspezifikation | Element (BY) | Kompetenzerwartung (BY);Grundlagen der Optik;"planen unter Anleitung Experimente zur Reflexion und Brechung und führen diese durch. Sie bestimmen mit den Messergebnissen den Brechungsindex und den Grenzwinkel für Totalreflexion bei unterschiedlichen optischen Medien, um damit z.&nbsp;B. die Funktionsweise von Lichtleitern zu erklären.";https://lp-bavaria.org/3be8d028-d118-495b-83f5-e1c7f5e2237c;https://lp-bavaria.org/lis_live_isb.c.56074.de
Bayern;Fachoberschule;Physik;Physik Vorklasse (T, ABU);Jahrgangsstufe 10;Sekundarbereich I;;;;lehrplan;inhalt;http://purl.obolibrary.org/obo/BFO_0000001 | http://purl.obolibrary.org/obo/BFO_0000002 | http://purl.obolibrary.org/obo/BFO_0000031 | http://purl.obolibrary.org/obo/IAO_0000030 | http://www.w3.org/2002/07/owl#NamedIndividual | Curriculares Element | CE-Lerninhalt | Element (BY) | Inhalt zu den Kompetenzen (BY);Grundlagen der Optik;primäre und sekundäre Lichtquellen, Streuung ;https://lp-bavaria.org/19f99446-bf40-4342-965d-d1b9ff7addaa;https://lp-bavaria.org/lis_live_isb.c.56074.de
Bayern;Fachoberschule;Physik;Physik Vorklasse (T, ABU);Jahrgangsstufe 10;Sekundarbereich I;;;;lehrplan;kompetenz;http://purl.obolibrary.org/obo/BFO_0000001 | http://purl.obolibrary.org/obo/BFO_0000002 | http://purl.obolibrary.org/obo/BFO_0000031 | http://purl.obolibrary.org/obo/IAO_0000030 | http://www.w3.org/2002/07/owl#NamedIndividual | Curriculares Element | CE-Kompetenzspezifikation | Element (BY) | Kompetenzerwartung (BY);Grundlagen der Optik;unterscheiden zwischen primären und sekundären Lichtquellen und erklären damit den Sehvorgang als direkten oder gestreuten Lichteinfall ins Auge.;https://lp-bavaria.org/91a1bad7-e6bf-493f-bdb8-383972f9f545;https://lp-bavaria.org/lis_live_isb.c.56074.de
Bayern;Gymnasium;Physik;"Physik&nbsp;12 (erhöhtes Anforderungsniveau)";Jahrgangsstufe 12;;;;Erhöhtes Anforderungsniveau (BY);lehrplan;kompetenz;http://purl.obolibrary.org/obo/BFO_0000001 | http://purl.obolibrary.org/obo/BFO_0000002 | http://purl.obolibrary.org/obo/BFO_0000031 | http://purl.obolibrary.org/obo/IAO_0000030 | http://www.w3.org/2002/07/owl#NamedIndividual | Curriculares Element | CE-Kompetenzspezifikation | Element (BY) | Kompetenzerwartung (BY);Elektromagnetische Wellen;"Bei der Betrachtung der Interferenz von Licht am Doppelspalt reflektieren sie verwendete Annahmen und Näherungen und erläutern Abweichungen der experimentellen Beobachtungen von der mathematischen Modellierung. Sie identifizieren Licht als sichtbaren Teil des elektromagnetischen Spektrums und reflektieren die Generalisierbarkeit theoretischer Überlegungen.
";https://lp-bavaria.org/32d8ca1c-ba2c-424c-b4f8-d94e706ac83a;https://lp-bavaria.org/lis_live_isb.c.313662.de
Bayern;Gymnasium;Physik;"Physik&nbsp;12 (erhöhtes Anforderungsniveau)";Jahrgangsstufe 12;;;;Erhöhtes Anforderungsniveau (BY);lehrplan;inhalt;http://purl.obolibrary.org/obo/BFO_0000001 | http://purl.obolibrary.org/obo/BFO_0000002 | http://purl.obolibrary.org/obo/BFO_0000031 | http://purl.obolibrary.org/obo/IAO_0000030 | http://www.w3.org/2002/07/owl#NamedIndividual | Curriculares Element | CE-Lerninhalt | Element (BY) | Inhalt zu den Kompetenzen (BY);Experimentelles Arbeiten;Interferenzversuche mit Licht;https://lp-bavaria.org/1826b9dc-73fc-4be4-b177-e33137782f15;https://lp-bavaria.org/lis_live_isb.c.313662.de
Bayern;Gymnasium;Physik;"Physik&nbsp;12 (erhöhtes Anforderungsniveau)";Jahrgangsstufe 12;;;;Erhöhtes Anforderungsniveau (BY);lehrplan;inhalt;http://purl.obolibrary.org/obo/BFO_0000001 | http://purl.obolibrary.org/obo/BFO_0000002 | http://purl.obolibrary.org/obo/BFO_0000031 | http://purl.obolibrary.org/obo/IAO_0000030 | http://www.w3.org/2002/07/owl#NamedIndividual | Curriculares Element | CE-Lerninhalt | Element (BY) | Inhalt zu den Kompetenzen (BY);Elektromagnetische Wellen;"Maxwellgleichungen, Ausbreitung elektromagnetischer Wellen, Hinweis auf Abstrahlung elektromagnetischer Wellen durch beschleunigte Ladungen
";https://lp-bavaria.org/413af1b0-b47c-4b6b-8cc1-e1e7efa6cfd4;https://lp-bavaria.org/lis_live_isb.c.313662.de
Bayern;Gymnasium;Physik;"Physik&nbsp;12 (erhöhtes Anforderungsniveau)";Jahrgangsstufe 12;;;;Erhöhtes Anforderungsniveau (BY);lehrplan;inhalt;http://purl.obolibrary.org/obo/BFO_0000001 | http://purl.obolibrary.org/obo/BFO_0000002 | http://purl.obolibrary.org/obo/BFO_0000031 | http://purl.obolibrary.org/obo/IAO_0000030 | http://www.w3.org/2002/07/owl#NamedIndividual | Curriculares Element | CE-Lerninhalt | Element (BY) | Inhalt zu den Kompetenzen (BY);Elektromagnetische Wellen;"Struktur des elektromagnetischen Wechselfeldes im Fernbereich eines Dipols; Eigenschaften der Dipol&#8209 oder Mikrowellenstrahlung: Ausbreitungsgeschwindigkeit, Polarisation, Schwingungsebene, Brechung, Beugung, Reflexion, Phasenbeziehungen bei der Reflexion
";https://lp-bavaria.org/b557fb1d-a5af-400e-92ab-66e49b8b24ad;https://lp-bavaria.org/lis_live_isb.c.313662.de
Bayern;Gymnasium;Physik;"Physik&nbsp;12 (erhöhtes Anforderungsniveau)";Jahrgangsstufe 12;;;;Erhöhtes Anforderungsniveau (BY);lehrplan;inhalt;http://purl.obolibrary.org/obo/BFO_0000001 | http://purl.obolibrary.org/obo/BFO_0000002 | http://purl.obolibrary.org/obo/BFO_0000031 | http://purl.obolibrary.org/obo/IAO_0000030 | http://www.w3.org/2002/07/owl#NamedIndividual | Curriculares Element | CE-Lerninhalt | Element (BY) | Inhalt zu den Kompetenzen (BY);Elektromagnetische Wellen;Wellenlängenbestimmung bei monochromatischem und polychromatischem Licht, //Experimentelles Arbeiten: Interferenzversuche mit Licht\\;https://lp-bavaria.org/7fa6a183-4cdf-4988-b952-41477fb9ba01;https://lp-bavaria.org/lis_live_isb.c.313662.de
Bayern;Gymnasium;Physik;"Physik&nbsp;12 (erhöhtes Anforderungsniveau)";Jahrgangsstufe 12;;;;Erhöhtes Anforderungsniveau (BY);lehrplan;kompetenz;http://purl.obolibrary.org/obo/BFO_0000001 | http://purl.obolibrary.org/obo/BFO_0000002 | http://purl.obolibrary.org/obo/BFO_0000031 | http://purl.obolibrary.org/obo/IAO_0000030 | http://www.w3.org/2002/07/owl#NamedIndividual | Curriculares Element | CE-Kompetenzspezifikation | Element (BY) | Kompetenzerwartung (BY);Experimentelles Arbeiten;bestimmen die Wellenlängen verschiedenfarbigen, von Leuchtdioden emittierten Lichts mithilfe eines Gitters. Sie minimieren die Auswirkungen der Messunsicherheiten, indem sie den quantitativen Einfluss der Unsicherheiten der Eingangsgrößen auf das Ergebnis ermitteln. Sie erläutern die Funktion der einzelnen Komponenten des Aufbaus und kombinieren Größengleichungen zur Auswertung des Experiments. Zur Bestimmung von Strukturgrößen mittels Interferenz planen sie ein Experiment und vergleichen die ermittelten Abmessungen mit den bekannten Strukturgrößen.;https://lp-bavaria.org/1492e01f-8a09-489b-b880-38774ea90edb;https://lp-bavaria.org/lis_live_isb.c.313662.de
Bayern;Gymnasium;Physik;"Physik&nbsp;12 (erhöhtes Anforderungsniveau)";Jahrgangsstufe 12;;;;Erhöhtes Anforderungsniveau (BY);lehrplan;kompetenz;http://purl.obolibrary.org/obo/BFO_0000001 | http://purl.obolibrary.org/obo/BFO_0000002 | http://purl.obolibrary.org/obo/BFO_0000031 | http://purl.obolibrary.org/obo/IAO_0000030 | http://www.w3.org/2002/07/owl#NamedIndividual | Curriculares Element | CE-Kompetenzspezifikation | Element (BY) | Kompetenzerwartung (BY);Elektromagnetische Wellen;"beziehen bei der Untersuchung der Interferenz von Dipol&#8209; und Mikrowellenstrahlung sowie der Ausbildung einer stehenden Welle durch Reflexion theoretische Überlegungen und experimentelle Erkenntnisse aufeinander. Die resultierende Amplitude und Intensität an beliebigen Punkten ermitteln sie durch die Addition von Zeigern.";https://lp-bavaria.org/3024fa6c-716d-4ce9-aca0-f1585b19851f;https://lp-bavaria.org/lis_live_isb.c.313662.de
Bayern;Gymnasium;Physik;"Physik&nbsp;12 (erhöhtes Anforderungsniveau)";Jahrgangsstufe 12;;;;Erhöhtes Anforderungsniveau (BY);lehrplan;kompetenz;http://purl.obolibrary.org/obo/BFO_0000001 | http://purl.obolibrary.org/obo/BFO_0000002 | http://purl.obolibrary.org/obo/BFO_0000031 | http://purl.obolibrary.org/obo/IAO_0000030 | http://www.w3.org/2002/07/owl#NamedIndividual | Curriculares Element | CE-Kompetenzspezifikation | Element (BY) | Kompetenzerwartung (BY);Elektromagnetische Wellen;erklären Beobachtungen zur Bragg-Reflexion in einem Modellversuch mit Mikrowellen oder Ultraschall.;https://lp-bavaria.org/f9d17e11-1cd7-48ba-b09c-46c71fed7c40;https://lp-bavaria.org/lis_live_isb.c.313662.de
Bayern;Gymnasium;Physik;"Physik&nbsp;12 (erhöhtes Anforderungsniveau)";Jahrgangsstufe 12;;;;Erhöhtes Anforderungsniveau (BY);lehrplan;kompetenz;http://purl.obolibrary.org/obo/BFO_0000001 | http://purl.obolibrary.org/obo/BFO_0000002 | http://purl.obolibrary.org/obo/BFO_0000031 | http://purl.obolibrary.org/obo/IAO_0000030 | http://www.w3.org/2002/07/owl#NamedIndividual | Curriculares Element | CE-Kompetenzspezifikation | Element (BY) | Kompetenzerwartung (BY);Elektromagnetische Wellen;"erklären die Entstehung von Röntgenbremsstrahlung durch die Beschleunigung von Elektronen sowie das Bremsspektrum durch Rückgriff auf das Photonenmodell. Sie reflektieren die Folgen einer Entscheidung für den Einsatz von Röntgenstrahlung in der Medizin unter Berücksichtigung des Spektralbereichs von Röntgenstrahlung.
";https://lp-bavaria.org/207f915b-4048-4cf3-9f29-5293d873dc81;https://lp-bavaria.org/lis_live_isb.c.313662.de
Bayern;Gymnasium;Physik;"Physik&nbsp;12 (erhöhtes Anforderungsniveau)";Jahrgangsstufe 12;;;;Erhöhtes Anforderungsniveau (BY);lehrplan;kompetenz;http://purl.obolibrary.org/obo/BFO_0000001 | http://purl.obolibrary.org/obo/BFO_0000002 | http://purl.obolibrary.org/obo/BFO_0000031 | http://purl.obolibrary.org/obo/IAO_0000030 | http://www.w3.org/2002/07/owl#NamedIndividual | Curriculares Element | CE-Kompetenzspezifikation | Element (BY) | Kompetenzerwartung (BY);Elektromagnetische Wellen;"erklären die im Experiment beobachtete Intensitätsverteilung bei der Beugung am Einfachspalt mithilfe des Zeigerformalismus. Sie erläutern die Einflüsse der Beugung am Einfachspalt auf die beobachtete Intensitätsverteilung bei der Interferenz von Licht an Doppelspalt und Gitter.
";https://lp-bavaria.org/1c3d7dec-a46f-4c8e-a862-18f8c5218e14;https://lp-bavaria.org/lis_live_isb.c.313662.de
Bayern;Gymnasium;Physik;"Physik&nbsp;12 (erhöhtes Anforderungsniveau)";Jahrgangsstufe 12;;;;Erhöhtes Anforderungsniveau (BY);lehrplan;kompetenz;http://purl.obolibrary.org/obo/BFO_0000001 | http://purl.obolibrary.org/obo/BFO_0000002 | http://purl.obolibrary.org/obo/BFO_0000031 | http://purl.obolibrary.org/obo/IAO_0000030 | http://www.w3.org/2002/07/owl#NamedIndividual | Curriculares Element | CE-Kompetenzspezifikation | Element (BY) | Kompetenzerwartung (BY);Elektromagnetische Wellen;erläutern die Wellenlängenbestimmung mithilfe eines optischen Gitters sowie die Bedeutung einzelner Komponenten des Versuchsaufbaus und untersuchen die Spektren alltagsrelevanter Lichtquellen. Sie ziehen in Alltagskontexten Rückschlüsse von beobachteten Spektren auf Eigenschaften der Lichtquelle.;https://lp-bavaria.org/3554cdcf-608a-4a0b-9456-0899f1840fa3;https://lp-bavaria.org/lis_live_isb.c.313662.de
Bayern;Gymnasium;Physik;"Physik&nbsp;12 (erhöhtes Anforderungsniveau)";Jahrgangsstufe 12;;;;Erhöhtes Anforderungsniveau (BY);lehrplan;kompetenz;http://purl.obolibrary.org/obo/BFO_0000001 | http://purl.obolibrary.org/obo/BFO_0000002 | http://purl.obolibrary.org/obo/BFO_0000031 | http://purl.obolibrary.org/obo/IAO_0000030 | http://www.w3.org/2002/07/owl#NamedIndividual | Curriculares Element | CE-Kompetenzspezifikation | Element (BY) | Kompetenzerwartung (BY);Experimentelles Arbeiten;"verifizieren die theoretisch hergeleitete Bahnkurve der Elektronen im elektrischen Querfeld durch Messungen an der Elektronenablenkröhre. Zur Auswertung mittels Regression nutzen sie digitale Werkzeuge.
Sie bestimmen die Masse des Elektrons mit dem Fadenstrahlrohr. Dazu identifizieren sie zu messende Eingangsgrößen, schätzen deren Messunsicherheiten ab und ermitteln die Messgröße mit ihrer Messunsicherheit. Sie beurteilen die Güte ihrer Messung anhand der Messabweichung vom Tabellenwert.
";https://lp-bavaria.org/6300c4ed-1d6b-4d28-936b-d1aa99f8599b;https://lp-bavaria.org/lis_live_isb.c.313662.de
Bayern;Gymnasium;Physik;"Physik&nbsp;13 (erhöhtes Anforderungsniveau)";Jahrgangsstufe 13;;;;Erhöhtes Anforderungsniveau (BY);lehrplan;inhalt;http://purl.obolibrary.org/obo/BFO_0000001 | http://purl.obolibrary.org/obo/BFO_0000002 | http://purl.obolibrary.org/obo/BFO_0000031 | http://purl.obolibrary.org/obo/IAO_0000030 | http://www.w3.org/2002/07/owl#NamedIndividual | Curriculares Element | CE-Lerninhalt | Element (BY) | Inhalt zu den Kompetenzen (BY);Radioaktivität und Kernenergietechnik;"//Experimentelles Arbeiten: Radioaktivität im Alltag\\; Strahlenbelastung des Menschen durch natürliche und künstliche Strahlung, Energiedosis und Äquivalentdosis, Maßnahmen zum Strahlenschutz";https://lp-bavaria.org/694ce936-a97d-40aa-972e-d13004f06dad;https://lp-bavaria.org/lis_live_isb.c.313718.de
Bayern;Gymnasium;Physik;"Physik&nbsp;13 (erhöhtes Anforderungsniveau)";Jahrgangsstufe 13;;;;Erhöhtes Anforderungsniveau (BY);lehrplan;inhalt;http://purl.obolibrary.org/obo/BFO_0000001 | http://purl.obolibrary.org/obo/BFO_0000002 | http://purl.obolibrary.org/obo/BFO_0000031 | http://purl.obolibrary.org/obo/IAO_0000030 | http://www.w3.org/2002/07/owl#NamedIndividual | Curriculares Element | CE-Lerninhalt | Element (BY) | Inhalt zu den Kompetenzen (BY);Experimentelles Arbeiten;"Absorption und Reichweite von β&#8209; oder γ&#8209;Strahlung";https://lp-bavaria.org/fe28b5a2-acaf-4228-92aa-89d724fa5510;https://lp-bavaria.org/lis_live_isb.c.313718.de
Bayern;Gymnasium;Physik;"Physik&nbsp;13 (erhöhtes Anforderungsniveau)";Jahrgangsstufe 13;;;;Erhöhtes Anforderungsniveau (BY);lehrplan;inhalt;http://purl.obolibrary.org/obo/BFO_0000001 | http://purl.obolibrary.org/obo/BFO_0000002 | http://purl.obolibrary.org/obo/BFO_0000031 | http://purl.obolibrary.org/obo/IAO_0000030 | http://www.w3.org/2002/07/owl#NamedIndividual | Curriculares Element | CE-Lerninhalt | Element (BY) | Inhalt zu den Kompetenzen (BY);Ein einfaches Kernmodell;"Energie&#8209; und Impulsbilanzen bei Zerfällen und Kernreaktionen; Energiespektren der Strahlungsarten; //Experimentelles Arbeiten: Absorption und Reichweite von β&#8209; oder γ&#8209;Strahlung\\";https://lp-bavaria.org/b2335a85-340f-46fa-aa85-80f4ac902a84;https://lp-bavaria.org/lis_live_isb.c.313718.de
Bayern;Gymnasium;Physik;"Physik&nbsp;13 (erhöhtes Anforderungsniveau)";Jahrgangsstufe 13;;;;Erhöhtes Anforderungsniveau (BY);lehrplan;inhalt;http://purl.obolibrary.org/obo/BFO_0000001 | http://purl.obolibrary.org/obo/BFO_0000002 | http://purl.obolibrary.org/obo/BFO_0000031 | http://purl.obolibrary.org/obo/IAO_0000030 | http://www.w3.org/2002/07/owl#NamedIndividual | Curriculares Element | CE-Lerninhalt | Element (BY) | Inhalt zu den Kompetenzen (BY);Ein einfaches Kernmodell;"Entstehung von α&#8209;, β<sup>-</sup>&#8209;, β<sup>+</sup>&#8209; und γ&#8209;Strahlung, Tunneleffekt beim α&#8209;Zerfall, β&#8209;Zerfälle im Standardmodell, Stabilität von Atomkernen";https://lp-bavaria.org/66dc9321-8b40-4ca5-9e80-5c412f61e192;https://lp-bavaria.org/lis_live_isb.c.313718.de
Bayern;Gymnasium;Physik;"Physik&nbsp;13 (erhöhtes Anforderungsniveau)";Jahrgangsstufe 13;;;;Erhöhtes Anforderungsniveau (BY);lehrplan;inhalt;http://purl.obolibrary.org/obo/BFO_0000001 | http://purl.obolibrary.org/obo/BFO_0000002 | http://purl.obolibrary.org/obo/BFO_0000031 | http://purl.obolibrary.org/obo/IAO_0000030 | http://www.w3.org/2002/07/owl#NamedIndividual | Curriculares Element | CE-Lerninhalt | Element (BY) | Inhalt zu den Kompetenzen (BY);Eigenschaften von Quantenobjekten;"Hallwachs&#8209;Experiment, Lichtquantenhypothese, Einstein&#8209;Gleichung zur Deutung des Photoeffekts; Energie und Impuls des Photons; //Experimentelles Arbeiten: Bestimmung des Planck&rsquo;schen Wirkungsquantums mit der Gegenfeldmethode\\
";https://lp-bavaria.org/c4dc383a-c3a8-4d77-9f74-74683bee2c75;https://lp-bavaria.org/lis_live_isb.c.313718.de
Bayern;Gymnasium;Physik;"Physik&nbsp;13 (erhöhtes Anforderungsniveau)";Jahrgangsstufe 13;;;;Erhöhtes Anforderungsniveau (BY);lehrplan;inhalt;http://purl.obolibrary.org/obo/BFO_0000001 | http://purl.obolibrary.org/obo/BFO_0000002 | http://purl.obolibrary.org/obo/BFO_0000031 | http://purl.obolibrary.org/obo/IAO_0000030 | http://www.w3.org/2002/07/owl#NamedIndividual | Curriculares Element | CE-Lerninhalt | Element (BY) | Inhalt zu den Kompetenzen (BY);Experimentelles Arbeiten;Informationsübertragung mit Licht;https://lp-bavaria.org/123d4ea0-93b5-4e8d-aa89-9dacd35aadaf;https://lp-bavaria.org/lis_live_isb.c.313718.de
Bayern;Gymnasium;Physik;"Physik&nbsp;13 (erhöhtes Anforderungsniveau)";Jahrgangsstufe 13;;;;Erhöhtes Anforderungsniveau (BY);lehrplan;inhalt;http://purl.obolibrary.org/obo/BFO_0000001 | http://purl.obolibrary.org/obo/BFO_0000002 | http://purl.obolibrary.org/obo/BFO_0000031 | http://purl.obolibrary.org/obo/IAO_0000030 | http://www.w3.org/2002/07/owl#NamedIndividual | Curriculares Element | CE-Lerninhalt | Element (BY) | Inhalt zu den Kompetenzen (BY);Radioaktivität und Kernenergietechnik;"Ionisierende Wirkung und Nachweis von α&#8209;, β&#8209; und γ&#8209;Strahlung";https://lp-bavaria.org/777f8ba2-76fe-4233-9be4-e0bb3ebe3212;https://lp-bavaria.org/lis_live_isb.c.313718.de
Bayern;Gymnasium;Physik;"Physik&nbsp;13 (erhöhtes Anforderungsniveau)";Jahrgangsstufe 13;;;;Erhöhtes Anforderungsniveau (BY);lehrplan;inhalt;http://purl.obolibrary.org/obo/BFO_0000001 | http://purl.obolibrary.org/obo/BFO_0000002 | http://purl.obolibrary.org/obo/BFO_0000031 | http://purl.obolibrary.org/obo/IAO_0000030 | http://www.w3.org/2002/07/owl#NamedIndividual | Curriculares Element | CE-Lerninhalt | Element (BY) | Inhalt zu den Kompetenzen (BY);Ein Atommodell der Quantenphysik;"Pauli&#8209;Prinzip, Energieniveauschema der Atomhülle;  Emission und Absorption von Licht atomarer Gase; charakteristisches Röntgenspektrum, Moseley&#8209;Gesetz
";https://lp-bavaria.org/9459610b-aa3b-4453-b229-2d08e750b6fe;https://lp-bavaria.org/lis_live_isb.c.313718.de
Bayern;Gymnasium;Physik;"Physik&nbsp;13 (erhöhtes Anforderungsniveau)";Jahrgangsstufe 13;;;;Erhöhtes Anforderungsniveau (BY);lehrplan;inhalt;http://purl.obolibrary.org/obo/BFO_0000001 | http://purl.obolibrary.org/obo/BFO_0000002 | http://purl.obolibrary.org/obo/BFO_0000031 | http://purl.obolibrary.org/obo/IAO_0000030 | http://www.w3.org/2002/07/owl#NamedIndividual | Curriculares Element | CE-Lerninhalt | Element (BY) | Inhalt zu den Kompetenzen (BY);Experimentelles Arbeiten;Polarisationsversuche mit Licht;https://lp-bavaria.org/4925075e-5fc9-4303-81f1-e09947ce18aa;https://lp-bavaria.org/lis_live_isb.c.313718.de
Bayern;Gymnasium;Physik;"Physik&nbsp;13 (erhöhtes Anforderungsniveau)";Jahrgangsstufe 13;;;;Erhöhtes Anforderungsniveau (BY);lehrplan;inhalt;http://purl.obolibrary.org/obo/BFO_0000001 | http://purl.obolibrary.org/obo/BFO_0000002 | http://purl.obolibrary.org/obo/BFO_0000031 | http://purl.obolibrary.org/obo/IAO_0000030 | http://www.w3.org/2002/07/owl#NamedIndividual | Curriculares Element | CE-Lerninhalt | Element (BY) | Inhalt zu den Kompetenzen (BY);Eigenschaften von Quantenobjekten;"Quantitative Experimente mit der Elektronenbeugungsröhre, Bragg&#8209;Reflexion, //Experimentelles Arbeiten: Elektronenbeugung\\";https://lp-bavaria.org/84769a98-9392-42c2-a5bc-cada5fd3846c;https://lp-bavaria.org/lis_live_isb.c.313718.de
Bayern;Gymnasium;Physik;"Physik&nbsp;13 (erhöhtes Anforderungsniveau)";Jahrgangsstufe 13;;;;Erhöhtes Anforderungsniveau (BY);lehrplan;inhalt;http://purl.obolibrary.org/obo/BFO_0000001 | http://purl.obolibrary.org/obo/BFO_0000002 | http://purl.obolibrary.org/obo/BFO_0000031 | http://purl.obolibrary.org/obo/IAO_0000030 | http://www.w3.org/2002/07/owl#NamedIndividual | Curriculares Element | CE-Lerninhalt | Element (BY) | Inhalt zu den Kompetenzen (BY);Strukturuntersuchungen zum Aufbau der Materie;"Strukturuntersuchung mit Röntgenstrahlung: Interferenz, Fluoreszenz, Röntgenspektralanalyse; Synchrotronstrahlung";https://lp-bavaria.org/b47a38e9-e9dd-488d-b5ec-11f2e96a6d3a;https://lp-bavaria.org/lis_live_isb.c.313718.de
Bayern;Gymnasium;Physik;"Physik&nbsp;13 (erhöhtes Anforderungsniveau)";Jahrgangsstufe 13;;;;Erhöhtes Anforderungsniveau (BY);lehrplan;kompetenz;http://purl.obolibrary.org/obo/BFO_0000001 | http://purl.obolibrary.org/obo/BFO_0000002 | http://purl.obolibrary.org/obo/BFO_0000031 | http://purl.obolibrary.org/obo/IAO_0000030 | http://www.w3.org/2002/07/owl#NamedIndividual | Curriculares Element | CE-Kompetenzspezifikation | Element (BY) | Kompetenzerwartung (BY);Experimentelles Arbeiten;"bauen einen Gitterspektralapparat auf, erläutern die Funktion der Komponenten, kalibrieren ihn mithilfe eines bekannten Spektrums und bestimmen mit ihm die Wellenlängen emittierten Lichts weiterer Gase mithilfe digitaler Inter&#8209; und Extrapolation des Kalibrierspektrums. Dabei setzen sie sich kritisch mit Fragen der Kalibrierung auseinander.";https://lp-bavaria.org/524cd139-80b1-4699-ad09-51177b6caadb;https://lp-bavaria.org/lis_live_isb.c.313718.de
Bayern;Gymnasium;Physik;"Physik&nbsp;13 (erhöhtes Anforderungsniveau)";Jahrgangsstufe 13;;;;Erhöhtes Anforderungsniveau (BY);lehrplan;kompetenz;http://purl.obolibrary.org/obo/BFO_0000001 | http://purl.obolibrary.org/obo/BFO_0000002 | http://purl.obolibrary.org/obo/BFO_0000031 | http://purl.obolibrary.org/obo/IAO_0000030 | http://www.w3.org/2002/07/owl#NamedIndividual | Curriculares Element | CE-Kompetenzspezifikation | Element (BY) | Kompetenzerwartung (BY);Experimentelles Arbeiten;bauen einen vorgegebenen Versuch zur Übertragung eines Audiosignals mit Licht auf und erklären die Funktion der einzelnen Komponenten. Sie entwickeln mithilfe einer passgenauen, vorgegebenen Quelle einen Modellversuch zum Multiplexing.;https://lp-bavaria.org/6b8c9c17-ed41-431d-b690-ecd6a7ab74b3;https://lp-bavaria.org/lis_live_isb.c.313718.de
Bayern;Gymnasium;Physik;"Physik&nbsp;13 (erhöhtes Anforderungsniveau)";Jahrgangsstufe 13;;;;Erhöhtes Anforderungsniveau (BY);lehrplan;kompetenz;http://purl.obolibrary.org/obo/BFO_0000001 | http://purl.obolibrary.org/obo/BFO_0000002 | http://purl.obolibrary.org/obo/BFO_0000031 | http://purl.obolibrary.org/obo/IAO_0000030 | http://www.w3.org/2002/07/owl#NamedIndividual | Curriculares Element | CE-Kompetenzspezifikation | Element (BY) | Kompetenzerwartung (BY);Ein Atommodell der Quantenphysik;beschreiben Systeme mit mehreren Elektronen durch das Besetzen der Energieniveaus eines einzelnen Elektrons nach dem Pauli-Prinzip und durch das Energieniveauschema der Atomhülle als Ganzes. Sie vergleichen die Aussagen der beiden Darstellungen und erläutern für Atome und weitere quantenphysikalischen Strukturen Beobachtungen zur Emission und Absorption von Strahlung.;https://lp-bavaria.org/da44f67d-86c7-4502-aae8-4f446b777b16;https://lp-bavaria.org/lis_live_isb.c.313718.de
Bayern;Gymnasium;Physik;"Physik&nbsp;13 (erhöhtes Anforderungsniveau)";Jahrgangsstufe 13;;;;Erhöhtes Anforderungsniveau (BY);lehrplan;kompetenz;http://purl.obolibrary.org/obo/BFO_0000001 | http://purl.obolibrary.org/obo/BFO_0000002 | http://purl.obolibrary.org/obo/BFO_0000031 | http://purl.obolibrary.org/obo/IAO_0000030 | http://www.w3.org/2002/07/owl#NamedIndividual | Curriculares Element | CE-Kompetenzspezifikation | Element (BY) | Kompetenzerwartung (BY);Experimentelles Arbeiten;"bestimmen beim lichtelektrischen Effekt mit der Gegenfeldmethode einen Näherungswert für das Planck&rsquo;sche Wirkungsquantum. Sie minimieren die Auswirkungen der Messunsicherheiten, deren Einflüsse sie auch unter Einsatz digitaler Auswerteroutinen quantitativ analysieren.";https://lp-bavaria.org/03c24c6c-5a1f-402d-83be-723772efd2d6;https://lp-bavaria.org/lis_live_isb.c.313718.de
Bayern;Gymnasium;Physik;"Physik&nbsp;13 (erhöhtes Anforderungsniveau)";Jahrgangsstufe 13;;;;Erhöhtes Anforderungsniveau (BY);lehrplan;kompetenz;http://purl.obolibrary.org/obo/BFO_0000001 | http://purl.obolibrary.org/obo/BFO_0000002 | http://purl.obolibrary.org/obo/BFO_0000031 | http://purl.obolibrary.org/obo/IAO_0000030 | http://www.w3.org/2002/07/owl#NamedIndividual | Curriculares Element | CE-Kompetenzspezifikation | Element (BY) | Kompetenzerwartung (BY);Experimentelles Arbeiten;bestimmen die Art und die Intensität der Strahlung radioaktiver Alltagsmaterialien und ziehen Rückschlüsse auf die von diesen Materialien ausgehende Strahlenbelastung im Alltag. Aufbauend auf ihren Erkenntnissen sowie vorgegebenen Quellen entwickeln sie Handlungsoptionen für einen adäquaten Umgang mit diesen Materialien.;https://lp-bavaria.org/abdf3284-8dac-442a-8eb1-c8e0badf083c;https://lp-bavaria.org/lis_live_isb.c.313718.de
Bayern;Gymnasium;Physik;"Physik&nbsp;13 (erhöhtes Anforderungsniveau)";Jahrgangsstufe 13;;;;Erhöhtes Anforderungsniveau (BY);lehrplan;kompetenz;http://purl.obolibrary.org/obo/BFO_0000001 | http://purl.obolibrary.org/obo/BFO_0000002 | http://purl.obolibrary.org/obo/BFO_0000031 | http://purl.obolibrary.org/obo/IAO_0000030 | http://www.w3.org/2002/07/owl#NamedIndividual | Curriculares Element | CE-Kompetenzspezifikation | Element (BY) | Kompetenzerwartung (BY);Eigenschaften von Quantenobjekten;"entnehmen einem vorgegebenen Text zum lichtelektrischen Effekt die Interpretation experimenteller Beobachtungen auf Basis der Lichtquantenhypothese nach Einstein und analysieren die Argumentationsstruktur der Quelle. Sie diskutieren die Bedeutung des Planck&rsquo;schen Wirkungsquantums als universelle Naturkonstante. Den Impuls des Photons leiten sie aus einer relativistischen Betrachtung ab.";https://lp-bavaria.org/bcd8b6a1-4c10-4f90-abc7-a2cfbd6c3000;https://lp-bavaria.org/lis_live_isb.c.313718.de
Bayern;Gymnasium;Physik;"Physik&nbsp;13 (erhöhtes Anforderungsniveau)";Jahrgangsstufe 13;;;;Erhöhtes Anforderungsniveau (BY);lehrplan;kompetenz;http://purl.obolibrary.org/obo/BFO_0000001 | http://purl.obolibrary.org/obo/BFO_0000002 | http://purl.obolibrary.org/obo/BFO_0000031 | http://purl.obolibrary.org/obo/IAO_0000030 | http://www.w3.org/2002/07/owl#NamedIndividual | Curriculares Element | CE-Kompetenzspezifikation | Element (BY) | Kompetenzerwartung (BY);Radioaktivität und Kernenergietechnik;"erläutern ausgehend von der ionisierenden Wirkung der α&#8209;, β&#8209; und γ&#8209;Strahlung die grundsätzliche Funktionsweise eines Geiger&#8209;Müller-Zählers.";https://lp-bavaria.org/77866102-ed47-41fd-85ad-453c5148e4c0;https://lp-bavaria.org/lis_live_isb.c.313718.de
Bayern;Gymnasium;Physik;"Physik&nbsp;13 (erhöhtes Anforderungsniveau)";Jahrgangsstufe 13;;;;Erhöhtes Anforderungsniveau (BY);lehrplan;kompetenz;http://purl.obolibrary.org/obo/BFO_0000001 | http://purl.obolibrary.org/obo/BFO_0000002 | http://purl.obolibrary.org/obo/BFO_0000031 | http://purl.obolibrary.org/obo/IAO_0000030 | http://www.w3.org/2002/07/owl#NamedIndividual | Curriculares Element | CE-Kompetenzspezifikation | Element (BY) | Kompetenzerwartung (BY);Ein einfaches Kernmodell;"nutzen das eingeführte Kernmodell zur Erklärung der Entstehung von α&#8209;, β&#8209; und γ&#8209;Strahlung. Im Rahmen der Interpretation vorgegebener Energiespektren dieser Strahlungsarten erläutern sie auch die Bedeutung dieser Spektren für die experimentelle Bestätigung des eingeführten Kernmodells.";https://lp-bavaria.org/18abab81-2bd5-4fbd-a77c-12d68f446c23;https://lp-bavaria.org/lis_live_isb.c.313718.de
Bayern;Gymnasium;Physik;"Physik&nbsp;13 (erhöhtes Anforderungsniveau)";Jahrgangsstufe 13;;;;Erhöhtes Anforderungsniveau (BY);lehrplan;kompetenz;http://purl.obolibrary.org/obo/BFO_0000001 | http://purl.obolibrary.org/obo/BFO_0000002 | http://purl.obolibrary.org/obo/BFO_0000031 | http://purl.obolibrary.org/obo/IAO_0000030 | http://www.w3.org/2002/07/owl#NamedIndividual | Curriculares Element | CE-Kompetenzspezifikation | Element (BY) | Kompetenzerwartung (BY);Experimentelles Arbeiten;"planen Experimente zur Absorption und Reichweite von β&#8209; oder γ&#8209;Strahlung und ermitteln aus den Messwerten mithilfe digitaler Werkzeuge die zugrunde liegenden Gesetzmäßigkeiten. Bei ihren Ergebnissen unterscheiden sie zwischen Messunsicherheit und Messabweichung.";https://lp-bavaria.org/997c0ce7-9a4c-4f25-9b27-fd070903a3c4;https://lp-bavaria.org/lis_live_isb.c.313718.de
Bayern;Gymnasium;Physik;"Physik&nbsp;13 (erhöhtes Anforderungsniveau)";Jahrgangsstufe 13;;;;Erhöhtes Anforderungsniveau (BY);lehrplan;kompetenz;http://purl.obolibrary.org/obo/BFO_0000001 | http://purl.obolibrary.org/obo/BFO_0000002 | http://purl.obolibrary.org/obo/BFO_0000031 | http://purl.obolibrary.org/obo/IAO_0000030 | http://www.w3.org/2002/07/owl#NamedIndividual | Curriculares Element | CE-Kompetenzspezifikation | Element (BY) | Kompetenzerwartung (BY);Strukturuntersuchungen zum Aufbau der Materie;präsentieren Möglichkeiten zur Strukturuntersuchung mit Röntgenstrahlung und verwenden dabei geeignete Darstellungsformen. Sie formulieren die an die Röntgenquelle zu stellenden Anforderungen und erläutern mit Informationen aus einem vorgegebenen Text, dass diese mit Synchrotronstrahlung erfüllt werden.;https://lp-bavaria.org/5088a4ee-92df-4a88-99e0-8fb793918f25;https://lp-bavaria.org/lis_live_isb.c.313718.de
Bayern;Gymnasium;Physik;"Physik&nbsp;13 (erhöhtes Anforderungsniveau)";Jahrgangsstufe 13;;;;Erhöhtes Anforderungsniveau (BY);lehrplan;kompetenz;http://purl.obolibrary.org/obo/BFO_0000001 | http://purl.obolibrary.org/obo/BFO_0000002 | http://purl.obolibrary.org/obo/BFO_0000031 | http://purl.obolibrary.org/obo/IAO_0000030 | http://www.w3.org/2002/07/owl#NamedIndividual | Curriculares Element | CE-Kompetenzspezifikation | Element (BY) | Kompetenzerwartung (BY);Radioaktivität und Kernenergietechnik;reflektieren vorgegebene Regeln zum Strahlenschutz und formulieren, gestützt auf eigene Modellierungen und Berechnungen, Risikoabschätzungen und Bewertungen. Dabei diskutieren sie auch die Generalisierbarkeit der verwendeten theoretischen Überlegungen und Modellierungen.;https://lp-bavaria.org/65f76766-d4f3-42c1-b111-3fb4e5779c09;https://lp-bavaria.org/lis_live_isb.c.313718.de
Bayern;Gymnasium;Physik;"Physik&nbsp;13 (erhöhtes Anforderungsniveau)";Jahrgangsstufe 13;;;;Erhöhtes Anforderungsniveau (BY);lehrplan;kompetenz;http://purl.obolibrary.org/obo/BFO_0000001 | http://purl.obolibrary.org/obo/BFO_0000002 | http://purl.obolibrary.org/obo/BFO_0000031 | http://purl.obolibrary.org/obo/IAO_0000030 | http://www.w3.org/2002/07/owl#NamedIndividual | Curriculares Element | CE-Kompetenzspezifikation | Element (BY) | Kompetenzerwartung (BY);Experimentelles Arbeiten;untersuchen die Lichtintensität hinter zwei Linearpolarisationsfiltern in Abhängigkeit vom Winkel zwischen ihren Polarisationsrichtungen und vergleichen sie mit den theoretischen Vorhersagen. Sie untersuchen und erklären an ausgewählten Beispielen Auftreten und Anwendung polarisierten Lichts in Natur und Technik auch unter Zuhilfenahme selbst recherchierter, digitaler Quellen.;https://lp-bavaria.org/5e6e6051-1e6c-4f6b-a847-4b6c8ecdb452;https://lp-bavaria.org/lis_live_isb.c.313718.de
Rheinland-Pfalz;Berufsbildende Schule;Physik;Berufliches Gymnasium - Unterrichtsfach: Physik;;;;;;keine;kompetenz;Kompetenz (RP) | http://purl.obolibrary.org/obo/BFO_0000001 | http://purl.obolibrary.org/obo/BFO_0000002 | http://purl.obolibrary.org/obo/BFO_0000031 | http://purl.obolibrary.org/obo/IAO_0000030 | http://www.w3.org/2002/07/owl#NamedIndividual | Curriculares Element | CE-Kompetenzspezifikation | Element (RP);"Lernbereich 8:
Kernphysik verstehen und Chancen und Risiken ihrer Nutzung einschätzen";Gesellschaftspolitische Dimensionen der Nutzung von Kernenergie und ionisierender Strahlung im globalen Kontext beurteilen und kritisch erörtern.;https://lp-rlp.org/resource/kompetenz-22606-1;https://lp-rlp.org/resource/lehrplan-323-1
Rheinland-Pfalz;Berufsbildende Schule;Physik;Berufliches Gymnasium - Unterrichtsfach: Physik;;;;;;keine;kompetenz;Kompetenz (RP) | http://purl.obolibrary.org/obo/BFO_0000001 | http://purl.obolibrary.org/obo/BFO_0000002 | http://purl.obolibrary.org/obo/BFO_0000031 | http://purl.obolibrary.org/obo/IAO_0000030 | http://www.w3.org/2002/07/owl#NamedIndividual | Curriculares Element | CE-Kompetenzspezifikation | Element (RP);"Lernbereich 7:
Quantenobjekte und Atommodelle beschreiben";Licht sowohl als Welle als auch als Teilchen verstehen.;https://lp-rlp.org/resource/kompetenz-22598-1;https://lp-rlp.org/resource/lehrplan-323-1
Rheinland-Pfalz;Berufsbildende Schule;Physik;Berufliches Gymnasium - Unterrichtsfach: Physik;;;;;;keine;kompetenz;Kompetenz (RP) | http://purl.obolibrary.org/obo/BFO_0000001 | http://purl.obolibrary.org/obo/BFO_0000002 | http://purl.obolibrary.org/obo/BFO_0000031 | http://purl.obolibrary.org/obo/IAO_0000030 | http://www.w3.org/2002/07/owl#NamedIndividual | Curriculares Element | CE-Kompetenzspezifikation | Element (RP);"Lernbereich 8:
Kernphysik verstehen und Chancen und Risiken ihrer Nutzung einschätzen";Verschiedene Arten ionisierender Strahlung und deren Wirkungen unterscheiden und beurteilen.;https://lp-rlp.org/resource/kompetenz-22603-1;https://lp-rlp.org/resource/lehrplan-323-1
Rheinland-Pfalz;Berufsbildende Schule;Physik;Berufliches Gymnasium - Unterrichtsfach: Physik;;;;;;keine;themenbereich;Kompetenzbereich (RP) | http://purl.obolibrary.org/obo/BFO_0000001 | http://purl.obolibrary.org/obo/BFO_0000002 | http://purl.obolibrary.org/obo/BFO_0000031 | http://purl.obolibrary.org/obo/IAO_0000030 | http://www.w3.org/2002/07/owl#NamedIndividual | Curriculares Element | Element (RP) | CE-Bereich;Berufliches Gymnasium - Unterrichtsfach: Physik;"Wahlpflichtlernbereich 9:
Thermodynamische Systeme erklären und nutzen";https://lp-rlp.org/resource/kompetenzbereich-5289-1;https://lp-rlp.org/resource/lehrplan-323-1
Rheinland-Pfalz;Berufsbildende Schule;Physik;Berufliches Gymnasium - Unterrichtsfach: Physik;;;;;;keine;themenbereich;Kompetenzbereich (RP) | http://purl.obolibrary.org/obo/BFO_0000001 | http://purl.obolibrary.org/obo/BFO_0000002 | http://purl.obolibrary.org/obo/BFO_0000031 | http://purl.obolibrary.org/obo/IAO_0000030 | http://www.w3.org/2002/07/owl#NamedIndividual | Curriculares Element | Element (RP) | CE-Bereich;Berufliches Gymnasium - Unterrichtsfach: Physik;"Wahlpflichtlernbereich 11:
Aussagen der speziellen Relativitätstheorie interpretieren";https://lp-rlp.org/resource/kompetenzbereich-5291-1;https://lp-rlp.org/resource/lehrplan-323-1
Rheinland-Pfalz;Berufsbildende Schule;Physik;Berufliches Gymnasium - Unterrichtsfach: Physik;;;;;;keine;themenbereich;Kompetenzbereich (RP) | http://purl.obolibrary.org/obo/BFO_0000001 | http://purl.obolibrary.org/obo/BFO_0000002 | http://purl.obolibrary.org/obo/BFO_0000031 | http://purl.obolibrary.org/obo/IAO_0000030 | http://www.w3.org/2002/07/owl#NamedIndividual | Curriculares Element | Element (RP) | CE-Bereich;Berufliches Gymnasium - Unterrichtsfach: Physik;"Wahlpflichtlernbereich 10:
Modelle und Zusammenhänge der Astrophysik erklären";https://lp-rlp.org/resource/kompetenzbereich-5290-1;https://lp-rlp.org/resource/lehrplan-323-1
Rheinland-Pfalz;Berufsbildende Schule;Physik;Berufliches Gymnasium - Unterrichtsfach: Physik (vom 13.06.2022);;;;;;keine;kompetenz;Kompetenz (RP) | http://purl.obolibrary.org/obo/BFO_0000001 | http://purl.obolibrary.org/obo/BFO_0000002 | http://purl.obolibrary.org/obo/BFO_0000031 | http://purl.obolibrary.org/obo/IAO_0000030 | http://www.w3.org/2002/07/owl#NamedIndividual | Curriculares Element | CE-Kompetenzspezifikation | Element (RP);Lernbereich 6: Mechanische und elektromagnetische Schwingungen und Wellen analysieren;Beugung und Interferenz am Einzel- und am Doppelspalt (auch mit polychromatischem Licht) analysieren und quantitativ beschreiben.;https://lp-rlp.org/resource/kompetenz-29126-1;https://lp-rlp.org/resource/lehrplan-363-1
Rheinland-Pfalz;Berufsbildende Schule;Physik;Berufliches Gymnasium - Unterrichtsfach: Physik (vom 13.06.2022);;;;;;keine;kompetenz;Kompetenz (RP) | http://purl.obolibrary.org/obo/BFO_0000001 | http://purl.obolibrary.org/obo/BFO_0000002 | http://purl.obolibrary.org/obo/BFO_0000031 | http://purl.obolibrary.org/obo/IAO_0000030 | http://www.w3.org/2002/07/owl#NamedIndividual | Curriculares Element | CE-Kompetenzspezifikation | Element (RP);Lernbereich 6: Mechanische und elektromagnetische Schwingungen und Wellen analysieren;Brechung, Reflexion und Beugung von Wellen phänomenologisch beschreiben.;https://lp-rlp.org/resource/kompetenz-29123-1;https://lp-rlp.org/resource/lehrplan-363-1
Rheinland-Pfalz;Berufsbildende Schule;Physik;Berufliches Gymnasium - Unterrichtsfach: Physik (vom 13.06.2022);;;;;;keine;kompetenz;Kompetenz (RP) | http://purl.obolibrary.org/obo/BFO_0000001 | http://purl.obolibrary.org/obo/BFO_0000002 | http://purl.obolibrary.org/obo/BFO_0000031 | http://purl.obolibrary.org/obo/IAO_0000030 | http://www.w3.org/2002/07/owl#NamedIndividual | Curriculares Element | CE-Kompetenzspezifikation | Element (RP);Lernbereich 8: Kernphysik verstehen und Chancen und Risiken ihrer Nutzung einschätzen;Gesellschaftspolitische Dimensionen der Nutzung von Kernenergie und ionisierender Strahlung im globalen Kontext beurteilen und kritisch erörtern.;https://lp-rlp.org/resource/kompetenz-29145-1;https://lp-rlp.org/resource/lehrplan-363-1
Rheinland-Pfalz;Berufsbildende Schule;Physik;Berufliches Gymnasium - Unterrichtsfach: Physik (vom 13.06.2022);;;;;;keine;themenbereich;Kompetenzbereich (RP) | http://purl.obolibrary.org/obo/BFO_0000001 | http://purl.obolibrary.org/obo/BFO_0000002 | http://purl.obolibrary.org/obo/BFO_0000031 | http://purl.obolibrary.org/obo/IAO_0000030 | http://www.w3.org/2002/07/owl#NamedIndividual | Curriculares Element | Element (RP) | CE-Bereich;Berufliches Gymnasium - Unterrichtsfach: Physik (vom 13.06.2022);Lernbereich 10: Modelle und Zusammenhänge der Astrophysik erklären (Wahlpflichtlernbereich);https://lp-rlp.org/resource/kompetenzbereich-6710-1;https://lp-rlp.org/resource/lehrplan-363-1
Rheinland-Pfalz;Berufsbildende Schule;Physik;Berufliches Gymnasium - Unterrichtsfach: Physik (vom 13.06.2022);;;;;;keine;themenbereich;Kompetenzbereich (RP) | http://purl.obolibrary.org/obo/BFO_0000001 | http://purl.obolibrary.org/obo/BFO_0000002 | http://purl.obolibrary.org/obo/BFO_0000031 | http://purl.obolibrary.org/obo/IAO_0000030 | http://www.w3.org/2002/07/owl#NamedIndividual | Curriculares Element | Element (RP) | CE-Bereich;Berufliches Gymnasium - Unterrichtsfach: Physik (vom 13.06.2022);Lernbereich 11: Aussagen der speziellen Relativitätstheorie interpretieren (Wahlpflichtlernbereich);https://lp-rlp.org/resource/kompetenzbereich-6711-1;https://lp-rlp.org/resource/lehrplan-363-1
Rheinland-Pfalz;Berufsbildende Schule;Physik;Berufliches Gymnasium - Unterrichtsfach: Physik (vom 13.06.2022);;;;;;keine;themenbereich;Kompetenzbereich (RP) | http://purl.obolibrary.org/obo/BFO_0000001 | http://purl.obolibrary.org/obo/BFO_0000002 | http://purl.obolibrary.org/obo/BFO_0000031 | http://purl.obolibrary.org/obo/IAO_0000030 | http://www.w3.org/2002/07/owl#NamedIndividual | Curriculares Element | Element (RP) | CE-Bereich;Berufliches Gymnasium - Unterrichtsfach: Physik (vom 13.06.2022);Lernbereich 9: Thermodynamische Systeme erklären und nutzen (Wahlpflichtlernbereich);https://lp-rlp.org/resource/kompetenzbereich-6709-1;https://lp-rlp.org/resource/lehrplan-363-1
Rheinland-Pfalz;Berufsbildende Schule;Physik;Berufliches Gymnasium - Unterrichtsfach: Physik (vom 13.06.2022);;;;;;keine;kompetenz;Kompetenz (RP) | http://purl.obolibrary.org/obo/BFO_0000001 | http://purl.obolibrary.org/obo/BFO_0000002 | http://purl.obolibrary.org/obo/BFO_0000031 | http://purl.obolibrary.org/obo/IAO_0000030 | http://www.w3.org/2002/07/owl#NamedIndividual | Curriculares Element | CE-Kompetenzspezifikation | Element (RP);Lernbereich 8: Kernphysik verstehen und Chancen und Risiken ihrer Nutzung einschätzen;Verschiedene Arten ionisierender Strahlung und deren Wirkungen unterscheiden und beurteilen.;https://lp-rlp.org/resource/kompetenz-29142-1;https://lp-rlp.org/resource/lehrplan-363-1
Sachsen;https://w3id.org/lehrplan/ontology/sn/schulart/12-1;Physik;Berufliches Gymnasium Physik;Jahrgangsstufe 11 | Jahrgangsstufe 12 | Jahrgangsstufe 13;Sekundarbereich II | G8 Qualifikationsphase | G8 Einführungsphase | G9 Qualifikationsphase | G9 Einführungsphase;;;;lehrplan;kompetenz+inhalt;http://purl.obolibrary.org/obo/BFO_0000001 | http://purl.obolibrary.org/obo/BFO_0000002 | http://purl.obolibrary.org/obo/BFO_0000031 | http://purl.obolibrary.org/obo/IAO_0000030 | http://www.w3.org/2002/07/owl#NamedIndividual | Curriculares Element | CE-Lerninhalt | Element (SN) | Lernziel und Lerninhalt (SN);Inhalte;Anwenden der Eigenschaften Reflexion, Brechung, Beugung und Interferenz bei der Ausbreitung von Wellen;https://lp-sachsen.org/resource/lernziel-lerninhalt-131374-1;https://lp-sachsen.org/resource/lehrplan-543-1
Sachsen;https://w3id.org/lehrplan/ontology/sn/schulart/12-1;Physik;Berufliches Gymnasium Physik;Jahrgangsstufe 11 | Jahrgangsstufe 12 | Jahrgangsstufe 13;Sekundarbereich II | G8 Qualifikationsphase | G8 Einführungsphase | G9 Qualifikationsphase | G9 Einführungsphase;;;;lehrplan;kompetenz+inhalt;http://purl.obolibrary.org/obo/BFO_0000001 | http://purl.obolibrary.org/obo/BFO_0000002 | http://purl.obolibrary.org/obo/BFO_0000031 | http://purl.obolibrary.org/obo/IAO_0000030 | http://www.w3.org/2002/07/owl#NamedIndividual | Curriculares Element | CE-Lerninhalt | Element (SN) | Lernziel und Lerninhalt (SN);Übertragen der Kenntnisse über Welleneigen­schaften unter Einbeziehung des Lichtes auf die Erklärung von Phänomenen in der Natur sowie der Wirkungsweise von technischen Anwendun­gen;Entstehung des Spektrums von weißem Licht beim Doppelspalt;https://lp-sachsen.org/resource/lernziel-lerninhalt-131424-1;https://lp-sachsen.org/resource/lehrplan-543-1
Sachsen;https://w3id.org/lehrplan/ontology/sn/schulart/12-1;Physik;Berufliches Gymnasium Physik;Jahrgangsstufe 11 | Jahrgangsstufe 12 | Jahrgangsstufe 13;Sekundarbereich II | G8 Qualifikationsphase | G8 Einführungsphase | G9 Qualifikationsphase | G9 Einführungsphase;;;;lehrplan;kompetenz+inhalt;http://purl.obolibrary.org/obo/BFO_0000001 | http://purl.obolibrary.org/obo/BFO_0000002 | http://purl.obolibrary.org/obo/BFO_0000031 | http://purl.obolibrary.org/obo/IAO_0000030 | http://www.w3.org/2002/07/owl#NamedIndividual | Curriculares Element | CE-Lerninhalt | Element (SN) | Lernziel und Lerninhalt (SN);Übertragen physikalischer Kenntnisse über Wellen auf An­wendungen in Technik und Medizin;Erzeugung und Eigenschaften der Röntgenstrahlung;https://lp-sachsen.org/resource/lernziel-lerninhalt-131311-1;https://lp-sachsen.org/resource/lehrplan-543-1
Sachsen;https://w3id.org/lehrplan/ontology/sn/schulart/12-1;Physik;Berufliches Gymnasium Physik;Jahrgangsstufe 11 | Jahrgangsstufe 12 | Jahrgangsstufe 13;Sekundarbereich II | G8 Qualifikationsphase | G8 Einführungsphase | G9 Qualifikationsphase | G9 Einführungsphase;;;;lehrplan;kompetenz+inhalt;http://purl.obolibrary.org/obo/BFO_0000001 | http://purl.obolibrary.org/obo/BFO_0000002 | http://purl.obolibrary.org/obo/BFO_0000031 | http://purl.obolibrary.org/obo/IAO_0000030 | http://www.w3.org/2002/07/owl#NamedIndividual | Curriculares Element | CE-Lerninhalt | Element (SN) | Lernziel und Lerninhalt (SN);Übertragen der Kenntnisse über Welleneigen­schaften unter Einbeziehung des Lichtes auf die Erklärung von Phänomenen in der Natur sowie der Wirkungsweise von technischen Anwendun­gen;Interferenz an Doppelspalt und Gitter auch mit polychromatischem Licht, Kohärenz;https://lp-sachsen.org/resource/lernziel-lerninhalt-131420-1;https://lp-sachsen.org/resource/lehrplan-543-1
Sachsen;https://w3id.org/lehrplan/ontology/sn/schulart/12-1;Physik;Berufliches Gymnasium Physik;Jahrgangsstufe 11 | Jahrgangsstufe 12 | Jahrgangsstufe 13;Sekundarbereich II | G8 Qualifikationsphase | G8 Einführungsphase | G9 Qualifikationsphase | G9 Einführungsphase;;;;lehrplan;kompetenz+inhalt;http://purl.obolibrary.org/obo/BFO_0000001 | http://purl.obolibrary.org/obo/BFO_0000002 | http://purl.obolibrary.org/obo/BFO_0000031 | http://purl.obolibrary.org/obo/IAO_0000030 | http://www.w3.org/2002/07/owl#NamedIndividual | Curriculares Element | CE-Lerninhalt | Element (SN) | Lernziel und Lerninhalt (SN);Einblick gewinnen in die Denkweisen und experimentellen Befunde der speziellen Relativitätstheorie;Konstanz der Lichtgeschwindigkeit;https://lp-sachsen.org/resource/lernziel-lerninhalt-59908-1;https://lp-sachsen.org/resource/lehrplan-543-1
Sachsen;https://w3id.org/lehrplan/ontology/sn/schulart/12-1;Physik;Berufliches Gymnasium Physik;Jahrgangsstufe 11 | Jahrgangsstufe 12 | Jahrgangsstufe 13;Sekundarbereich II | G8 Qualifikationsphase | G8 Einführungsphase | G9 Qualifikationsphase | G9 Einführungsphase;;;;lehrplan;kompetenz+inhalt;http://purl.obolibrary.org/obo/BFO_0000001 | http://purl.obolibrary.org/obo/BFO_0000002 | http://purl.obolibrary.org/obo/BFO_0000031 | http://purl.obolibrary.org/obo/IAO_0000030 | http://www.w3.org/2002/07/owl#NamedIndividual | Curriculares Element | CE-Lerninhalt | Element (SN) | Lernziel und Lerninhalt (SN);Übertragen der Kenntnisse über Welleneigen­schaften unter Einbeziehung des Lichtes auf die Erklärung von Phänomenen in der Natur sowie der Wirkungsweise von technischen Anwendun­gen;Polarisation von Licht;https://lp-sachsen.org/resource/lernziel-lerninhalt-131425-1;https://lp-sachsen.org/resource/lehrplan-543-1
Sachsen;https://w3id.org/lehrplan/ontology/sn/schulart/12-1;Physik;Berufliches Gymnasium Physik;Jahrgangsstufe 11 | Jahrgangsstufe 12 | Jahrgangsstufe 13;Sekundarbereich II | G8 Qualifikationsphase | G8 Einführungsphase | G9 Qualifikationsphase | G9 Einführungsphase;;;;lehrplan;kompetenz+inhalt;http://purl.obolibrary.org/obo/BFO_0000001 | http://purl.obolibrary.org/obo/BFO_0000002 | http://purl.obolibrary.org/obo/BFO_0000031 | http://purl.obolibrary.org/obo/IAO_0000030 | http://www.w3.org/2002/07/owl#NamedIndividual | Curriculares Element | CE-Lerninhalt | Element (SN) | Lernziel und Lerninhalt (SN);Übertragen der Kenntnisse über Welleneigen­schaften unter Einbeziehung des Lichtes auf die Erklärung von Phänomenen in der Natur sowie der Wirkungsweise von technischen Anwendun­gen;Reflexion;https://lp-sachsen.org/resource/lernziel-lerninhalt-131410-1;https://lp-sachsen.org/resource/lehrplan-543-1
Sachsen;https://w3id.org/lehrplan/ontology/sn/schulart/12-1;Physik;Berufliches Gymnasium Physik;Jahrgangsstufe 11 | Jahrgangsstufe 12 | Jahrgangsstufe 13;Sekundarbereich II | G8 Qualifikationsphase | G8 Einführungsphase | G9 Qualifikationsphase | G9 Einführungsphase;;;;lehrplan;kompetenz+inhalt;http://purl.obolibrary.org/obo/BFO_0000001 | http://purl.obolibrary.org/obo/BFO_0000002 | http://purl.obolibrary.org/obo/BFO_0000031 | http://purl.obolibrary.org/obo/IAO_0000030 | http://www.w3.org/2002/07/owl#NamedIndividual | Curriculares Element | CE-Lerninhalt | Element (SN) | Lernziel und Lerninhalt (SN);Wärmestrahlung;Reflexion;https://lp-sachsen.org/resource/lernziel-lerninhalt-59850-1;https://lp-sachsen.org/resource/lehrplan-543-1
Sachsen;https://w3id.org/lehrplan/ontology/sn/schulart/12-1;Physik;Berufliches Gymnasium Physik;Jahrgangsstufe 11 | Jahrgangsstufe 12 | Jahrgangsstufe 13;Sekundarbereich II | G8 Qualifikationsphase | G8 Einführungsphase | G9 Qualifikationsphase | G9 Einführungsphase;;;;lehrplan;kompetenz+inhalt;http://purl.obolibrary.org/obo/BFO_0000001 | http://purl.obolibrary.org/obo/BFO_0000002 | http://purl.obolibrary.org/obo/BFO_0000031 | http://purl.obolibrary.org/obo/IAO_0000030 | http://www.w3.org/2002/07/owl#NamedIndividual | Curriculares Element | CE-Lerninhalt | Element (SN) | Lernziel und Lerninhalt (SN);Sich positionieren zu Möglichkeiten der Wärmedämmung in Technik und Haushalt;Wärmestrahlung;https://lp-sachsen.org/resource/lernziel-lerninhalt-59849-1;https://lp-sachsen.org/resource/lehrplan-543-1
Sachsen;https://w3id.org/lehrplan/ontology/sn/schulart/12-1;Physik;Berufliches Gymnasium Physik;Jahrgangsstufe 11 | Jahrgangsstufe 12 | Jahrgangsstufe 13;Sekundarbereich II | G8 Qualifikationsphase | G8 Einführungsphase | G9 Qualifikationsphase | G9 Einführungsphase;;;;lehrplan;kompetenz+inhalt;http://purl.obolibrary.org/obo/BFO_0000001 | http://purl.obolibrary.org/obo/BFO_0000002 | http://purl.obolibrary.org/obo/BFO_0000031 | http://purl.obolibrary.org/obo/IAO_0000030 | http://www.w3.org/2002/07/owl#NamedIndividual | Curriculares Element | CE-Lerninhalt | Element (SN) | Lernziel und Lerninhalt (SN);Inhalte;Übertragen der Kenntnisse über Welleneigen­schaften unter Einbeziehung des Lichtes auf die Erklärung von Phänomenen in der Natur sowie der Wirkungsweise von technischen Anwendun­gen;https://lp-sachsen.org/resource/lernziel-lerninhalt-131407-1;https://lp-sachsen.org/resource/lehrplan-543-1
Sachsen;https://w3id.org/lehrplan/ontology/sn/schulart/12-1;Physik;Berufliches Gymnasium Physik;Jahrgangsstufe 11 | Jahrgangsstufe 12 | Jahrgangsstufe 13;Sekundarbereich II | G8 Qualifikationsphase | G8 Einführungsphase | G9 Qualifikationsphase | G9 Einführungsphase;;;;lehrplan;kompetenz+inhalt;http://purl.obolibrary.org/obo/BFO_0000001 | http://purl.obolibrary.org/obo/BFO_0000002 | http://purl.obolibrary.org/obo/BFO_0000031 | http://purl.obolibrary.org/obo/IAO_0000030 | http://www.w3.org/2002/07/owl#NamedIndividual | Curriculares Element | CE-Lerninhalt | Element (SN) | Lernziel und Lerninhalt (SN);Kennen der Zusammenhänge der Größen Frequenz, Wellenlänge, Impuls und Energie zur Beschreibung von Quantenobjekten;äußerer lichtelektrischer Effekt und Probleme bei der Deutung mit Wellen- und Teilchenmodell;https://lp-sachsen.org/resource/lernziel-lerninhalt-131827-1;https://lp-sachsen.org/resource/lehrplan-543-1
Sachsen;https://w3id.org/lehrplan/ontology/sn/schulart/22-1;Physik;Fachoberschule Physik;Jahrgangsstufe 11 | Jahrgangsstufe 12;Sekundarbereich II | G8 Qualifikationsphase | G8 Einführungsphase | G9 Qualifikationsphase | G9 Einführungsphase;;;;lehrplan;kompetenz+inhalt;http://purl.obolibrary.org/obo/BFO_0000001 | http://purl.obolibrary.org/obo/BFO_0000002 | http://purl.obolibrary.org/obo/BFO_0000031 | http://purl.obolibrary.org/obo/IAO_0000030 | http://www.w3.org/2002/07/owl#NamedIndividual | Curriculares Element | CE-Lerninhalt | Element (SN) | Lernziel und Lerninhalt (SN);Anwenden des Modells Lichtstrahl auf die Phänomene Reflexion und Brechung;"Abbildungsgleichung und -maßstab für Linsen
1f=1g+1b       GB=gb";https://lp-sachsen.org/resource/lernziel-lerninhalt-63873-1;https://lp-sachsen.org/resource/lehrplan-225-1
Sachsen;https://w3id.org/lehrplan/ontology/sn/schulart/22-1;Physik;Fachoberschule Physik;Jahrgangsstufe 11 | Jahrgangsstufe 12;Sekundarbereich II | G8 Qualifikationsphase | G8 Einführungsphase | G9 Qualifikationsphase | G9 Einführungsphase;;;;lehrplan;kompetenz+inhalt;http://purl.obolibrary.org/obo/BFO_0000001 | http://purl.obolibrary.org/obo/BFO_0000002 | http://purl.obolibrary.org/obo/BFO_0000031 | http://purl.obolibrary.org/obo/IAO_0000030 | http://www.w3.org/2002/07/owl#NamedIndividual | Curriculares Element | CE-Lerninhalt | Element (SN) | Lernziel und Lerninhalt (SN);Inhalte;Anwenden der Kenntnisse über grundlegende Zusammenhänge der Optik in experimentellen Untersuchungen;https://lp-sachsen.org/resource/lernziel-lerninhalt-63884-1;https://lp-sachsen.org/resource/lehrplan-225-1
Sachsen;https://w3id.org/lehrplan/ontology/sn/schulart/22-1;Physik;Fachoberschule Physik;Jahrgangsstufe 11 | Jahrgangsstufe 12;Sekundarbereich II | G8 Qualifikationsphase | G8 Einführungsphase | G9 Qualifikationsphase | G9 Einführungsphase;;;;lehrplan;kompetenz+inhalt;http://purl.obolibrary.org/obo/BFO_0000001 | http://purl.obolibrary.org/obo/BFO_0000002 | http://purl.obolibrary.org/obo/BFO_0000031 | http://purl.obolibrary.org/obo/IAO_0000030 | http://www.w3.org/2002/07/owl#NamedIndividual | Curriculares Element | CE-Lerninhalt | Element (SN) | Lernziel und Lerninhalt (SN);Inhalte;Anwenden des Modells Lichtstrahl auf die Phänomene Reflexion und Brechung;https://lp-sachsen.org/resource/lernziel-lerninhalt-63866-1;https://lp-sachsen.org/resource/lehrplan-225-1
Sachsen;https://w3id.org/lehrplan/ontology/sn/schulart/22-1;Physik;Fachoberschule Physik;Jahrgangsstufe 11 | Jahrgangsstufe 12;Sekundarbereich II | G8 Qualifikationsphase | G8 Einführungsphase | G9 Qualifikationsphase | G9 Einführungsphase;;;;lehrplan;kompetenz+inhalt;http://purl.obolibrary.org/obo/BFO_0000001 | http://purl.obolibrary.org/obo/BFO_0000002 | http://purl.obolibrary.org/obo/BFO_0000031 | http://purl.obolibrary.org/obo/IAO_0000030 | http://www.w3.org/2002/07/owl#NamedIndividual | Curriculares Element | CE-Lerninhalt | Element (SN) | Lernziel und Lerninhalt (SN);Beurteilen der Wirkungen von Kernstrahlung;Arten und Eigenschaften der Kernstrahlung;https://lp-sachsen.org/resource/lernziel-lerninhalt-63927-1;https://lp-sachsen.org/resource/lehrplan-225-1
Sachsen;https://w3id.org/lehrplan/ontology/sn/schulart/22-1;Physik;Fachoberschule Physik;Jahrgangsstufe 11 | Jahrgangsstufe 12;Sekundarbereich II | G8 Qualifikationsphase | G8 Einführungsphase | G9 Qualifikationsphase | G9 Einführungsphase;;;;lehrplan;kompetenz+inhalt;http://purl.obolibrary.org/obo/BFO_0000001 | http://purl.obolibrary.org/obo/BFO_0000002 | http://purl.obolibrary.org/obo/BFO_0000031 | http://purl.obolibrary.org/obo/IAO_0000030 | http://www.w3.org/2002/07/owl#NamedIndividual | Curriculares Element | CE-Lerninhalt | Element (SN) | Lernziel und Lerninhalt (SN);Anwenden der Kenntnisse auf optische Effekte;Ausfiltern von Farben;https://lp-sachsen.org/resource/lernziel-lerninhalt-63977-1;https://lp-sachsen.org/resource/lehrplan-225-1
Sachsen;https://w3id.org/lehrplan/ontology/sn/schulart/22-1;Physik;Fachoberschule Physik;Jahrgangsstufe 11 | Jahrgangsstufe 12;Sekundarbereich II | G8 Qualifikationsphase | G8 Einführungsphase | G9 Qualifikationsphase | G9 Einführungsphase;;;;lehrplan;kompetenz+inhalt;http://purl.obolibrary.org/obo/BFO_0000001 | http://purl.obolibrary.org/obo/BFO_0000002 | http://purl.obolibrary.org/obo/BFO_0000031 | http://purl.obolibrary.org/obo/IAO_0000030 | http://www.w3.org/2002/07/owl#NamedIndividual | Curriculares Element | CE-Lerninhalt | Element (SN) | Lernziel und Lerninhalt (SN);Einblick gewinnen in Lichtwirkungen;Beleuchtung mit Lampenstrahlern;https://lp-sachsen.org/resource/lernziel-lerninhalt-63982-1;https://lp-sachsen.org/resource/lehrplan-225-1
Sachsen;https://w3id.org/lehrplan/ontology/sn/schulart/22-1;Physik;Fachoberschule Physik;Jahrgangsstufe 11 | Jahrgangsstufe 12;Sekundarbereich II | G8 Qualifikationsphase | G8 Einführungsphase | G9 Qualifikationsphase | G9 Einführungsphase;;;;lehrplan;kompetenz+inhalt;http://purl.obolibrary.org/obo/BFO_0000001 | http://purl.obolibrary.org/obo/BFO_0000002 | http://purl.obolibrary.org/obo/BFO_0000031 | http://purl.obolibrary.org/obo/IAO_0000030 | http://www.w3.org/2002/07/owl#NamedIndividual | Curriculares Element | CE-Lerninhalt | Element (SN) | Lernziel und Lerninhalt (SN);Anwenden der Kenntnisse auf optische Effekte;Beleuchtungs- und Schatteneffekte;https://lp-sachsen.org/resource/lernziel-lerninhalt-63973-1;https://lp-sachsen.org/resource/lehrplan-225-1
Sachsen;https://w3id.org/lehrplan/ontology/sn/schulart/22-1;Physik;Fachoberschule Physik;Jahrgangsstufe 11 | Jahrgangsstufe 12;Sekundarbereich II | G8 Qualifikationsphase | G8 Einführungsphase | G9 Qualifikationsphase | G9 Einführungsphase;;;;lehrplan;kompetenz+inhalt;http://purl.obolibrary.org/obo/BFO_0000001 | http://purl.obolibrary.org/obo/BFO_0000002 | http://purl.obolibrary.org/obo/BFO_0000031 | http://purl.obolibrary.org/obo/IAO_0000030 | http://www.w3.org/2002/07/owl#NamedIndividual | Curriculares Element | CE-Lerninhalt | Element (SN) | Lernziel und Lerninhalt (SN);Inhalte;Beurteilen der Wirkungen von Licht;https://lp-sachsen.org/resource/lernziel-lerninhalt-63960-1;https://lp-sachsen.org/resource/lehrplan-225-1
Sachsen;https://w3id.org/lehrplan/ontology/sn/schulart/22-1;Physik;Fachoberschule Physik;Jahrgangsstufe 11 | Jahrgangsstufe 12;Sekundarbereich II | G8 Qualifikationsphase | G8 Einführungsphase | G9 Qualifikationsphase | G9 Einführungsphase;;;;lehrplan;kompetenz+inhalt;http://purl.obolibrary.org/obo/BFO_0000001 | http://purl.obolibrary.org/obo/BFO_0000002 | http://purl.obolibrary.org/obo/BFO_0000031 | http://purl.obolibrary.org/obo/IAO_0000030 | http://www.w3.org/2002/07/owl#NamedIndividual | Curriculares Element | CE-Lerninhalt | Element (SN) | Lernziel und Lerninhalt (SN);Inhalte;Beurteilen der Wirkungen von Kernstrahlung;https://lp-sachsen.org/resource/lernziel-lerninhalt-63920-1;https://lp-sachsen.org/resource/lehrplan-225-1
Sachsen;https://w3id.org/lehrplan/ontology/sn/schulart/22-1;Physik;Fachoberschule Physik;Jahrgangsstufe 11 | Jahrgangsstufe 12;Sekundarbereich II | G8 Qualifikationsphase | G8 Einführungsphase | G9 Qualifikationsphase | G9 Einführungsphase;;;;lehrplan;kompetenz+inhalt;http://purl.obolibrary.org/obo/BFO_0000001 | http://purl.obolibrary.org/obo/BFO_0000002 | http://purl.obolibrary.org/obo/BFO_0000031 | http://purl.obolibrary.org/obo/IAO_0000030 | http://www.w3.org/2002/07/owl#NamedIndividual | Curriculares Element | CE-Lerninhalt | Element (SN) | Lernziel und Lerninhalt (SN);Anwenden des Modells Lichtstrahl auf die Phänomene Reflexion und Brechung;Bildentstehung an Linsen;https://lp-sachsen.org/resource/lernziel-lerninhalt-63872-1;https://lp-sachsen.org/resource/lehrplan-225-1
Sachsen;https://w3id.org/lehrplan/ontology/sn/schulart/22-1;Physik;Fachoberschule Physik;Jahrgangsstufe 11 | Jahrgangsstufe 12;Sekundarbereich II | G8 Qualifikationsphase | G8 Einführungsphase | G9 Qualifikationsphase | G9 Einführungsphase;;;;lehrplan;kompetenz+inhalt;http://purl.obolibrary.org/obo/BFO_0000001 | http://purl.obolibrary.org/obo/BFO_0000002 | http://purl.obolibrary.org/obo/BFO_0000031 | http://purl.obolibrary.org/obo/IAO_0000030 | http://www.w3.org/2002/07/owl#NamedIndividual | Curriculares Element | CE-Lerninhalt | Element (SN) | Lernziel und Lerninhalt (SN);Anwenden des Modells Lichtstrahl auf die Phänomene Reflexion und Brechung;"Brechungsgesetz
sinαsinβ=c1c2=n2n1";https://lp-sachsen.org/resource/lernziel-lerninhalt-63870-1;https://lp-sachsen.org/resource/lehrplan-225-1
Sachsen;https://w3id.org/lehrplan/ontology/sn/schulart/22-1;Physik;Fachoberschule Physik;Jahrgangsstufe 11 | Jahrgangsstufe 12;Sekundarbereich II | G8 Qualifikationsphase | G8 Einführungsphase | G9 Qualifikationsphase | G9 Einführungsphase;;;;lehrplan;kompetenz+inhalt;http://purl.obolibrary.org/obo/BFO_0000001 | http://purl.obolibrary.org/obo/BFO_0000002 | http://purl.obolibrary.org/obo/BFO_0000031 | http://purl.obolibrary.org/obo/IAO_0000030 | http://www.w3.org/2002/07/owl#NamedIndividual | Curriculares Element | CE-Lerninhalt | Element (SN) | Lernziel und Lerninhalt (SN);Inhalte;Einblick gewinnen in Lichtwirkungen;https://lp-sachsen.org/resource/lernziel-lerninhalt-63981-1;https://lp-sachsen.org/resource/lehrplan-225-1
Sachsen;https://w3id.org/lehrplan/ontology/sn/schulart/22-1;Physik;Fachoberschule Physik;Jahrgangsstufe 11 | Jahrgangsstufe 12;Sekundarbereich II | G8 Qualifikationsphase | G8 Einführungsphase | G9 Qualifikationsphase | G9 Einführungsphase;;;;lehrplan;kompetenz+inhalt;http://purl.obolibrary.org/obo/BFO_0000001 | http://purl.obolibrary.org/obo/BFO_0000002 | http://purl.obolibrary.org/obo/BFO_0000031 | http://purl.obolibrary.org/obo/IAO_0000030 | http://www.w3.org/2002/07/owl#NamedIndividual | Curriculares Element | CE-Lerninhalt | Element (SN) | Lernziel und Lerninhalt (SN);Inhalte;Einblick gewinnen in die Bedeutung des Strahlungsfeldes der Sonne für das Leben auf der Erde;https://lp-sachsen.org/resource/lernziel-lerninhalt-63948-1;https://lp-sachsen.org/resource/lehrplan-225-1
Sachsen;https://w3id.org/lehrplan/ontology/sn/schulart/22-1;Physik;Fachoberschule Physik;Jahrgangsstufe 11 | Jahrgangsstufe 12;Sekundarbereich II | G8 Qualifikationsphase | G8 Einführungsphase | G9 Qualifikationsphase | G9 Einführungsphase;;;;lehrplan;kompetenz+inhalt;http://purl.obolibrary.org/obo/BFO_0000001 | http://purl.obolibrary.org/obo/BFO_0000002 | http://purl.obolibrary.org/obo/BFO_0000031 | http://purl.obolibrary.org/obo/IAO_0000030 | http://www.w3.org/2002/07/owl#NamedIndividual | Curriculares Element | CE-Lerninhalt | Element (SN) | Lernziel und Lerninhalt (SN);Kennen des Aufbaus von Atomhülle und -kern;Emission und Absorption von elektromagnetischer Strahlung;https://lp-sachsen.org/resource/lernziel-lerninhalt-63913-1;https://lp-sachsen.org/resource/lehrplan-225-1
Sachsen;https://w3id.org/lehrplan/ontology/sn/schulart/22-1;Physik;Fachoberschule Physik;Jahrgangsstufe 11 | Jahrgangsstufe 12;Sekundarbereich II | G8 Qualifikationsphase | G8 Einführungsphase | G9 Qualifikationsphase | G9 Einführungsphase;;;;lehrplan;kompetenz+inhalt;http://purl.obolibrary.org/obo/BFO_0000001 | http://purl.obolibrary.org/obo/BFO_0000002 | http://purl.obolibrary.org/obo/BFO_0000031 | http://purl.obolibrary.org/obo/IAO_0000030 | http://www.w3.org/2002/07/owl#NamedIndividual | Curriculares Element | CE-Lerninhalt | Element (SN) | Lernziel und Lerninhalt (SN);Anwenden der Kenntnisse auf optische Effekte;Farbendreieck und Verhüllungsdreieck;https://lp-sachsen.org/resource/lernziel-lerninhalt-63979-1;https://lp-sachsen.org/resource/lehrplan-225-1
Sachsen;https://w3id.org/lehrplan/ontology/sn/schulart/22-1;Physik;Fachoberschule Physik;Jahrgangsstufe 11 | Jahrgangsstufe 12;Sekundarbereich II | G8 Qualifikationsphase | G8 Einführungsphase | G9 Qualifikationsphase | G9 Einführungsphase;;;;lehrplan;kompetenz+inhalt;http://purl.obolibrary.org/obo/BFO_0000001 | http://purl.obolibrary.org/obo/BFO_0000002 | http://purl.obolibrary.org/obo/BFO_0000031 | http://purl.obolibrary.org/obo/IAO_0000030 | http://www.w3.org/2002/07/owl#NamedIndividual | Curriculares Element | CE-Lerninhalt | Element (SN) | Lernziel und Lerninhalt (SN);Anwenden der Kenntnisse auf optische Effekte;Farbtemperatur bei Lichtquellen;https://lp-sachsen.org/resource/lernziel-lerninhalt-63972-1;https://lp-sachsen.org/resource/lehrplan-225-1
Sachsen;https://w3id.org/lehrplan/ontology/sn/schulart/22-1;Physik;Fachoberschule Physik;Jahrgangsstufe 11 | Jahrgangsstufe 12;Sekundarbereich II | G8 Qualifikationsphase | G8 Einführungsphase | G9 Qualifikationsphase | G9 Einführungsphase;;;;lehrplan;kompetenz+inhalt;http://purl.obolibrary.org/obo/BFO_0000001 | http://purl.obolibrary.org/obo/BFO_0000002 | http://purl.obolibrary.org/obo/BFO_0000031 | http://purl.obolibrary.org/obo/IAO_0000030 | http://www.w3.org/2002/07/owl#NamedIndividual | Curriculares Element | CE-Lerninhalt | Element (SN) | Lernziel und Lerninhalt (SN);Anwenden des Modells Lichtstrahl auf die Phänomene Reflexion und Brechung;Grenzwinkel der Totalreflexion;https://lp-sachsen.org/resource/lernziel-lerninhalt-63871-1;https://lp-sachsen.org/resource/lehrplan-225-1
Sachsen;https://w3id.org/lehrplan/ontology/sn/schulart/22-1;Physik;Fachoberschule Physik;Jahrgangsstufe 11 | Jahrgangsstufe 12;Sekundarbereich II | G8 Qualifikationsphase | G8 Einführungsphase | G9 Qualifikationsphase | G9 Einführungsphase;;;;lehrplan;kompetenz+inhalt;http://purl.obolibrary.org/obo/BFO_0000001 | http://purl.obolibrary.org/obo/BFO_0000002 | http://purl.obolibrary.org/obo/BFO_0000031 | http://purl.obolibrary.org/obo/IAO_0000030 | http://www.w3.org/2002/07/owl#NamedIndividual | Curriculares Element | CE-Lerninhalt | Element (SN) | Lernziel und Lerninhalt (SN);Inhalte;Kennen der Modelle des Lichts;https://lp-sachsen.org/resource/lernziel-lerninhalt-63862-1;https://lp-sachsen.org/resource/lehrplan-225-1
Sachsen;https://w3id.org/lehrplan/ontology/sn/schulart/22-1;Physik;Fachoberschule Physik;Jahrgangsstufe 11 | Jahrgangsstufe 12;Sekundarbereich II | G8 Qualifikationsphase | G8 Einführungsphase | G9 Qualifikationsphase | G9 Einführungsphase;;;;lehrplan;kompetenz+inhalt;http://purl.obolibrary.org/obo/BFO_0000001 | http://purl.obolibrary.org/obo/BFO_0000002 | http://purl.obolibrary.org/obo/BFO_0000031 | http://purl.obolibrary.org/obo/IAO_0000030 | http://www.w3.org/2002/07/owl#NamedIndividual | Curriculares Element | CE-Lerninhalt | Element (SN) | Lernziel und Lerninhalt (SN);Einblick gewinnen in Lichtwirkungen;Laserlicht und Laserlichteffekte;https://lp-sachsen.org/resource/lernziel-lerninhalt-63984-1;https://lp-sachsen.org/resource/lehrplan-225-1
Sachsen;https://w3id.org/lehrplan/ontology/sn/schulart/22-1;Physik;Fachoberschule Physik;Jahrgangsstufe 11 | Jahrgangsstufe 12;Sekundarbereich II | G8 Qualifikationsphase | G8 Einführungsphase | G9 Qualifikationsphase | G9 Einführungsphase;;;;lehrplan;themenbereich;http://purl.obolibrary.org/obo/BFO_0000001 | http://purl.obolibrary.org/obo/BFO_0000002 | http://purl.obolibrary.org/obo/BFO_0000031 | http://purl.obolibrary.org/obo/IAO_0000030 | http://www.w3.org/2002/07/owl#NamedIndividual | Curriculares Element | CE-Bereich | Element (SN) | Lernbereich (SN);Klassenstufe 12;Lernbereich 1 Optik (15 Ustd.);https://lp-sachsen.org/resource/lernbereich-63778-1;https://lp-sachsen.org/resource/lehrplan-225-1
Sachsen;https://w3id.org/lehrplan/ontology/sn/schulart/22-1;Physik;Fachoberschule Physik;Jahrgangsstufe 11 | Jahrgangsstufe 12;Sekundarbereich II | G8 Qualifikationsphase | G8 Einführungsphase | G9 Qualifikationsphase | G9 Einführungsphase;;;;lehrplan;kompetenz+inhalt;http://purl.obolibrary.org/obo/BFO_0000001 | http://purl.obolibrary.org/obo/BFO_0000002 | http://purl.obolibrary.org/obo/BFO_0000031 | http://purl.obolibrary.org/obo/IAO_0000030 | http://www.w3.org/2002/07/owl#NamedIndividual | Curriculares Element | CE-Lerninhalt | Element (SN) | Lernziel und Lerninhalt (SN);Beurteilen der Wirkungen von Kernstrahlung;Nachweis der Kernstrahlung;https://lp-sachsen.org/resource/lernziel-lerninhalt-63930-1;https://lp-sachsen.org/resource/lehrplan-225-1
Sachsen;https://w3id.org/lehrplan/ontology/sn/schulart/22-1;Physik;Fachoberschule Physik;Jahrgangsstufe 11 | Jahrgangsstufe 12;Sekundarbereich II | G8 Qualifikationsphase | G8 Einführungsphase | G9 Qualifikationsphase | G9 Einführungsphase;;;;lehrplan;kompetenz+inhalt;http://purl.obolibrary.org/obo/BFO_0000001 | http://purl.obolibrary.org/obo/BFO_0000002 | http://purl.obolibrary.org/obo/BFO_0000031 | http://purl.obolibrary.org/obo/IAO_0000030 | http://www.w3.org/2002/07/owl#NamedIndividual | Curriculares Element | CE-Lerninhalt | Element (SN) | Lernziel und Lerninhalt (SN);Anwenden des Modells Lichtstrahl auf die Phänomene Reflexion und Brechung;Reflexionsgesetz;https://lp-sachsen.org/resource/lernziel-lerninhalt-63867-1;https://lp-sachsen.org/resource/lehrplan-225-1
Sachsen;https://w3id.org/lehrplan/ontology/sn/schulart/22-1;Physik;Fachoberschule Physik;Jahrgangsstufe 11 | Jahrgangsstufe 12;Sekundarbereich II | G8 Qualifikationsphase | G8 Einführungsphase | G9 Qualifikationsphase | G9 Einführungsphase;;;;lehrplan;kompetenz+inhalt;http://purl.obolibrary.org/obo/BFO_0000001 | http://purl.obolibrary.org/obo/BFO_0000002 | http://purl.obolibrary.org/obo/BFO_0000031 | http://purl.obolibrary.org/obo/IAO_0000030 | http://www.w3.org/2002/07/owl#NamedIndividual | Curriculares Element | CE-Lerninhalt | Element (SN) | Lernziel und Lerninhalt (SN);Anwenden der Kenntnisse auf optische Effekte;SE: spektrale Untersuchung von Filterlicht;https://lp-sachsen.org/resource/lernziel-lerninhalt-63980-1;https://lp-sachsen.org/resource/lehrplan-225-1
Sachsen;https://w3id.org/lehrplan/ontology/sn/schulart/22-1;Physik;Fachoberschule Physik;Jahrgangsstufe 11 | Jahrgangsstufe 12;Sekundarbereich II | G8 Qualifikationsphase | G8 Einführungsphase | G9 Qualifikationsphase | G9 Einführungsphase;;;;lehrplan;kompetenz+inhalt;http://purl.obolibrary.org/obo/BFO_0000001 | http://purl.obolibrary.org/obo/BFO_0000002 | http://purl.obolibrary.org/obo/BFO_0000031 | http://purl.obolibrary.org/obo/IAO_0000030 | http://www.w3.org/2002/07/owl#NamedIndividual | Curriculares Element | CE-Lerninhalt | Element (SN) | Lernziel und Lerninhalt (SN);Inhalte;Sich positionieren zu Anwendungsmöglichkeiten und Grenzen des Strahlen- und Wellenmodells;https://lp-sachsen.org/resource/lernziel-lerninhalt-63879-1;https://lp-sachsen.org/resource/lehrplan-225-1
Sachsen;https://w3id.org/lehrplan/ontology/sn/schulart/22-1;Physik;Fachoberschule Physik;Jahrgangsstufe 11 | Jahrgangsstufe 12;Sekundarbereich II | G8 Qualifikationsphase | G8 Einführungsphase | G9 Qualifikationsphase | G9 Einführungsphase;;;;lehrplan;kompetenz+inhalt;http://purl.obolibrary.org/obo/BFO_0000001 | http://purl.obolibrary.org/obo/BFO_0000002 | http://purl.obolibrary.org/obo/BFO_0000031 | http://purl.obolibrary.org/obo/IAO_0000030 | http://www.w3.org/2002/07/owl#NamedIndividual | Curriculares Element | CE-Lerninhalt | Element (SN) | Lernziel und Lerninhalt (SN);Beurteilen der Wirkungen von Kernstrahlung;Strahlenschutz;https://lp-sachsen.org/resource/lernziel-lerninhalt-63931-1;https://lp-sachsen.org/resource/lehrplan-225-1
Sachsen;https://w3id.org/lehrplan/ontology/sn/schulart/22-1;Physik;Fachoberschule Physik;Jahrgangsstufe 11 | Jahrgangsstufe 12;Sekundarbereich II | G8 Qualifikationsphase | G8 Einführungsphase | G9 Qualifikationsphase | G9 Einführungsphase;;;;lehrplan;kompetenz+inhalt;http://purl.obolibrary.org/obo/BFO_0000001 | http://purl.obolibrary.org/obo/BFO_0000002 | http://purl.obolibrary.org/obo/BFO_0000031 | http://purl.obolibrary.org/obo/IAO_0000030 | http://www.w3.org/2002/07/owl#NamedIndividual | Curriculares Element | CE-Lerninhalt | Element (SN) | Lernziel und Lerninhalt (SN);Einblick gewinnen in die Bedeutung des Strahlungsfeldes der Sonne für das Leben auf der Erde;Strahlungsarten;https://lp-sachsen.org/resource/lernziel-lerninhalt-63950-1;https://lp-sachsen.org/resource/lehrplan-225-1
Sachsen;https://w3id.org/lehrplan/ontology/sn/schulart/22-1;Physik;Fachoberschule Physik;Jahrgangsstufe 11 | Jahrgangsstufe 12;Sekundarbereich II | G8 Qualifikationsphase | G8 Einführungsphase | G9 Qualifikationsphase | G9 Einführungsphase;;;;lehrplan;themenbereich;http://purl.obolibrary.org/obo/BFO_0000001 | http://purl.obolibrary.org/obo/BFO_0000002 | http://purl.obolibrary.org/obo/BFO_0000031 | http://purl.obolibrary.org/obo/IAO_0000030 | http://www.w3.org/2002/07/owl#NamedIndividual | Curriculares Element | CE-Bereich | Element (SN) | Wahlbereich (SN);Klassenstufe 12;Wahlbereich 2 Licht in der Agrarwirtschaft;https://lp-sachsen.org/resource/wahlbereich-63784-1;https://lp-sachsen.org/resource/lehrplan-225-1
Sachsen;https://w3id.org/lehrplan/ontology/sn/schulart/22-1;Physik;Fachoberschule Physik;Jahrgangsstufe 11 | Jahrgangsstufe 12;Sekundarbereich II | G8 Qualifikationsphase | G8 Einführungsphase | G9 Qualifikationsphase | G9 Einführungsphase;;;;lehrplan;themenbereich;http://purl.obolibrary.org/obo/BFO_0000001 | http://purl.obolibrary.org/obo/BFO_0000002 | http://purl.obolibrary.org/obo/BFO_0000031 | http://purl.obolibrary.org/obo/IAO_0000030 | http://www.w3.org/2002/07/owl#NamedIndividual | Curriculares Element | CE-Bereich | Element (SN) | Wahlbereich (SN);Klassenstufe 12;Wahlbereich 3 Effekte in der Optik;https://lp-sachsen.org/resource/wahlbereich-63785-1;https://lp-sachsen.org/resource/lehrplan-225-1
Sachsen;https://w3id.org/lehrplan/ontology/sn/schulart/22-1;Physik;Fachoberschule Physik;Jahrgangsstufe 11 | Jahrgangsstufe 12;Sekundarbereich II | G8 Qualifikationsphase | G8 Einführungsphase | G9 Qualifikationsphase | G9 Einführungsphase;;;;lehrplan;kompetenz+inhalt;http://purl.obolibrary.org/obo/BFO_0000001 | http://purl.obolibrary.org/obo/BFO_0000002 | http://purl.obolibrary.org/obo/BFO_0000031 | http://purl.obolibrary.org/obo/IAO_0000030 | http://www.w3.org/2002/07/owl#NamedIndividual | Curriculares Element | CE-Lerninhalt | Element (SN) | Lernziel und Lerninhalt (SN);Anwenden der Kenntnisse auf optische Effekte;Wirkung einer Farbe;https://lp-sachsen.org/resource/lernziel-lerninhalt-63975-1;https://lp-sachsen.org/resource/lehrplan-225-1
Sachsen;https://w3id.org/lehrplan/ontology/sn/schulart/22-1;Physik;Fachoberschule Physik;Jahrgangsstufe 11 | Jahrgangsstufe 12;Sekundarbereich II | G8 Qualifikationsphase | G8 Einführungsphase | G9 Qualifikationsphase | G9 Einführungsphase;;;;lehrplan;kompetenz+inhalt;http://purl.obolibrary.org/obo/BFO_0000001 | http://purl.obolibrary.org/obo/BFO_0000002 | http://purl.obolibrary.org/obo/BFO_0000031 | http://purl.obolibrary.org/obo/IAO_0000030 | http://www.w3.org/2002/07/owl#NamedIndividual | Curriculares Element | CE-Lerninhalt | Element (SN) | Lernziel und Lerninhalt (SN);Kennen des Aufbaus von Atomhülle und -kern;ionisierende und nichtionisierende Strahlung;https://lp-sachsen.org/resource/lernziel-lerninhalt-63914-1;https://lp-sachsen.org/resource/lehrplan-225-1
Sachsen;https://w3id.org/lehrplan/ontology/sn/schulart/22-1;Physik;Fachoberschule Physik;Jahrgangsstufe 11 | Jahrgangsstufe 12;Sekundarbereich II | G8 Qualifikationsphase | G8 Einführungsphase | G9 Qualifikationsphase | G9 Einführungsphase;;;;lehrplan;kompetenz+inhalt;http://purl.obolibrary.org/obo/BFO_0000001 | http://purl.obolibrary.org/obo/BFO_0000002 | http://purl.obolibrary.org/obo/BFO_0000031 | http://purl.obolibrary.org/obo/IAO_0000030 | http://www.w3.org/2002/07/owl#NamedIndividual | Curriculares Element | CE-Lerninhalt | Element (SN) | Lernziel und Lerninhalt (SN);Beurteilen der Wirkungen von Licht;lichttechnische Größen;https://lp-sachsen.org/resource/lernziel-lerninhalt-63965-1;https://lp-sachsen.org/resource/lehrplan-225-1
Sachsen;https://w3id.org/lehrplan/ontology/sn/schulart/22-1;Physik;Fachoberschule Physik;Jahrgangsstufe 11 | Jahrgangsstufe 12;Sekundarbereich II | G8 Qualifikationsphase | G8 Einführungsphase | G9 Qualifikationsphase | G9 Einführungsphase;;;;lehrplan;kompetenz+inhalt;http://purl.obolibrary.org/obo/BFO_0000001 | http://purl.obolibrary.org/obo/BFO_0000002 | http://purl.obolibrary.org/obo/BFO_0000031 | http://purl.obolibrary.org/obo/IAO_0000030 | http://www.w3.org/2002/07/owl#NamedIndividual | Curriculares Element | CE-Lerninhalt | Element (SN) | Lernziel und Lerninhalt (SN);Beurteilen der Wirkungen von Licht;physiologische Wirkungen von Licht unterschiedlicher Wellenlänge;https://lp-sachsen.org/resource/lernziel-lerninhalt-63964-1;https://lp-sachsen.org/resource/lehrplan-225-1
Sachsen;https://w3id.org/lehrplan/ontology/sn/schulart/22-1;Physik;Fachoberschule Physik;Jahrgangsstufe 11 | Jahrgangsstufe 12;Sekundarbereich II | G8 Qualifikationsphase | G8 Einführungsphase | G9 Qualifikationsphase | G9 Einführungsphase;;;;lehrplan;kompetenz+inhalt;http://purl.obolibrary.org/obo/BFO_0000001 | http://purl.obolibrary.org/obo/BFO_0000002 | http://purl.obolibrary.org/obo/BFO_0000031 | http://purl.obolibrary.org/obo/IAO_0000030 | http://www.w3.org/2002/07/owl#NamedIndividual | Curriculares Element | CE-Lerninhalt | Element (SN) | Lernziel und Lerninhalt (SN);Inhalte;Übertragen des Wellenmodells zur Beschreibung des Lichtes auf weitere Phänomene seiner Ausbreitung;https://lp-sachsen.org/resource/lernziel-lerninhalt-63875-1;https://lp-sachsen.org/resource/lehrplan-225-1
Sachsen;Grundschule;Sachunterricht;Grundschule Sachunterricht;Jahrgangsstufe 1 | Jahrgangsstufe 2 | Jahrgangsstufe 3 | Jahrgangsstufe 4;Primarbereich;;;;lehrplan;kompetenz+inhalt;http://purl.obolibrary.org/obo/BFO_0000001 | http://purl.obolibrary.org/obo/BFO_0000002 | http://purl.obolibrary.org/obo/BFO_0000031 | http://purl.obolibrary.org/obo/IAO_0000030 | http://www.w3.org/2002/07/owl#NamedIndividual | Curriculares Element | CE-Lerninhalt | Element (SN) | Lernziel und Lerninhalt (SN);Einblick gewinnen in das Phänomen Licht;Bedeutung künstlicher Lichtquellen;https://lp-sachsen.org/resource/lernziel-lerninhalt-5731-1;https://lp-sachsen.org/resource/lehrplan-80-1
Sachsen;Grundschule;Sachunterricht;Grundschule Sachunterricht;Jahrgangsstufe 1 | Jahrgangsstufe 2 | Jahrgangsstufe 3 | Jahrgangsstufe 4;Primarbereich;;;;lehrplan;kompetenz+inhalt;http://purl.obolibrary.org/obo/BFO_0000001 | http://purl.obolibrary.org/obo/BFO_0000002 | http://purl.obolibrary.org/obo/BFO_0000031 | http://purl.obolibrary.org/obo/IAO_0000030 | http://www.w3.org/2002/07/owl#NamedIndividual | Curriculares Element | CE-Lerninhalt | Element (SN) | Lernziel und Lerninhalt (SN);Untersuchungen mit Licht;Beziehungen zwischen Lichtquelle, Gegenstand und Schatten;https://lp-sachsen.org/resource/lernziel-lerninhalt-5738-1;https://lp-sachsen.org/resource/lehrplan-80-1
Sachsen;Grundschule;Sachunterricht;Grundschule Sachunterricht;Jahrgangsstufe 1 | Jahrgangsstufe 2 | Jahrgangsstufe 3 | Jahrgangsstufe 4;Primarbereich;;;;lehrplan;kompetenz+inhalt;http://purl.obolibrary.org/obo/BFO_0000001 | http://purl.obolibrary.org/obo/BFO_0000002 | http://purl.obolibrary.org/obo/BFO_0000031 | http://purl.obolibrary.org/obo/IAO_0000030 | http://www.w3.org/2002/07/owl#NamedIndividual | Curriculares Element | CE-Lerninhalt | Element (SN) | Lernziel und Lerninhalt (SN);Inhalte;Einblick gewinnen in das Phänomen Licht;https://lp-sachsen.org/resource/lernziel-lerninhalt-5721-1;https://lp-sachsen.org/resource/lehrplan-80-1
Sachsen;Grundschule;Sachunterricht;Grundschule Sachunterricht;Jahrgangsstufe 1 | Jahrgangsstufe 2 | Jahrgangsstufe 3 | Jahrgangsstufe 4;Primarbereich;;;;lehrplan;kompetenz+inhalt;http://purl.obolibrary.org/obo/BFO_0000001 | http://purl.obolibrary.org/obo/BFO_0000002 | http://purl.obolibrary.org/obo/BFO_0000031 | http://purl.obolibrary.org/obo/IAO_0000030 | http://www.w3.org/2002/07/owl#NamedIndividual | Curriculares Element | CE-Lerninhalt | Element (SN) | Lernziel und Lerninhalt (SN);Einblick gewinnen in Farbphänomene der Natur;Funktionen der Farben;https://lp-sachsen.org/resource/lernziel-lerninhalt-5916-1;https://lp-sachsen.org/resource/lehrplan-80-1
Sachsen;Grundschule;Sachunterricht;Grundschule Sachunterricht;Jahrgangsstufe 1 | Jahrgangsstufe 2 | Jahrgangsstufe 3 | Jahrgangsstufe 4;Primarbereich;;;;lehrplan;kompetenz+inhalt;http://purl.obolibrary.org/obo/BFO_0000001 | http://purl.obolibrary.org/obo/BFO_0000002 | http://purl.obolibrary.org/obo/BFO_0000031 | http://purl.obolibrary.org/obo/IAO_0000030 | http://www.w3.org/2002/07/owl#NamedIndividual | Curriculares Element | CE-Lerninhalt | Element (SN) | Lernziel und Lerninhalt (SN);Inhalte;Gestalten mit Naturfarben;https://lp-sachsen.org/resource/lernziel-lerninhalt-5919-1;https://lp-sachsen.org/resource/lehrplan-80-1
Sachsen;Grundschule;Sachunterricht;Grundschule Sachunterricht;Jahrgangsstufe 1 | Jahrgangsstufe 2 | Jahrgangsstufe 3 | Jahrgangsstufe 4;Primarbereich;;;;lehrplan;kompetenz+inhalt;http://purl.obolibrary.org/obo/BFO_0000001 | http://purl.obolibrary.org/obo/BFO_0000002 | http://purl.obolibrary.org/obo/BFO_0000031 | http://purl.obolibrary.org/obo/IAO_0000030 | http://www.w3.org/2002/07/owl#NamedIndividual | Curriculares Element | CE-Lerninhalt | Element (SN) | Lernziel und Lerninhalt (SN);Mitgestalten der Lerngemeinschaft und der -umgebung;Rechte und Pflichten;https://lp-sachsen.org/resource/lernziel-lerninhalt-5613-1;https://lp-sachsen.org/resource/lehrplan-80-1
Sachsen;Grundschule;Sachunterricht;Grundschule Sachunterricht;Jahrgangsstufe 1 | Jahrgangsstufe 2 | Jahrgangsstufe 3 | Jahrgangsstufe 4;Primarbereich;;;;lehrplan;kompetenz+inhalt;http://purl.obolibrary.org/obo/BFO_0000001 | http://purl.obolibrary.org/obo/BFO_0000002 | http://purl.obolibrary.org/obo/BFO_0000031 | http://purl.obolibrary.org/obo/IAO_0000030 | http://www.w3.org/2002/07/owl#NamedIndividual | Curriculares Element | CE-Lerninhalt | Element (SN) | Lernziel und Lerninhalt (SN);Einblick gewinnen in das Phänomen Licht;Untersuchungen mit Licht;https://lp-sachsen.org/resource/lernziel-lerninhalt-5734-1;https://lp-sachsen.org/resource/lehrplan-80-1
Sachsen;Grundschule;Sachunterricht;Grundschule Sachunterricht;Jahrgangsstufe 1 | Jahrgangsstufe 2 | Jahrgangsstufe 3 | Jahrgangsstufe 4;Primarbereich;;;;lehrplan;themenbereich;http://purl.obolibrary.org/obo/BFO_0000001 | http://purl.obolibrary.org/obo/BFO_0000002 | http://purl.obolibrary.org/obo/BFO_0000031 | http://purl.obolibrary.org/obo/IAO_0000030 | http://www.w3.org/2002/07/owl#NamedIndividual | Curriculares Element | CE-Bereich | Element (SN) | Wahlbereich (SN);Klassenstufen 1/2;Wahlbereich 5: Farben der Natur;https://lp-sachsen.org/resource/wahlbereich-5909-1;https://lp-sachsen.org/resource/lehrplan-80-1
Sachsen;Grundschule;Sachunterricht;Grundschule Sachunterricht;Jahrgangsstufe 1 | Jahrgangsstufe 2 | Jahrgangsstufe 3 | Jahrgangsstufe 4;Primarbereich;;;;lehrplan;kompetenz+inhalt;http://purl.obolibrary.org/obo/BFO_0000001 | http://purl.obolibrary.org/obo/BFO_0000002 | http://purl.obolibrary.org/obo/BFO_0000031 | http://purl.obolibrary.org/obo/IAO_0000030 | http://www.w3.org/2002/07/owl#NamedIndividual | Curriculares Element | CE-Lerninhalt | Element (SN) | Lernziel und Lerninhalt (SN);Einblick gewinnen in das Phänomen Licht;Wirkung des Sonnenlichts;https://lp-sachsen.org/resource/lernziel-lerninhalt-5725-1;https://lp-sachsen.org/resource/lehrplan-80-1
Sachsen;Grundschule;Sachunterricht;Grundschule Sachunterricht;Jahrgangsstufe 1 | Jahrgangsstufe 2 | Jahrgangsstufe 3 | Jahrgangsstufe 4;Primarbereich;;;;lehrplan;kompetenz+inhalt;http://purl.obolibrary.org/obo/BFO_0000001 | http://purl.obolibrary.org/obo/BFO_0000002 | http://purl.obolibrary.org/obo/BFO_0000031 | http://purl.obolibrary.org/obo/IAO_0000030 | http://www.w3.org/2002/07/owl#NamedIndividual | Curriculares Element | CE-Lerninhalt | Element (SN) | Lernziel und Lerninhalt (SN);Untersuchungen mit Licht;lichtdurchlässige, lichtundurchlässige und reflektierende Materialien;https://lp-sachsen.org/resource/lernziel-lerninhalt-5737-1;https://lp-sachsen.org/resource/lehrplan-80-1
Sachsen;Gymnasium;Physik;Gymnasium Physik;Jahrgangsstufe 6 | Jahrgangsstufe 7 | Jahrgangsstufe 8 | Jahrgangsstufe 9 | Jahrgangsstufe 10 | Jahrgangsstufe 11 | Jahrgangsstufe 12;Sekundarbereich I | Sekundarbereich II | G8 Qualifikationsphase | G8 Einführungsphase | G9 Qualifikationsphase | G9 Einführungsphase;;;;lehrplan;kompetenz+inhalt;http://purl.obolibrary.org/obo/BFO_0000001 | http://purl.obolibrary.org/obo/BFO_0000002 | http://purl.obolibrary.org/obo/BFO_0000031 | http://purl.obolibrary.org/obo/IAO_0000030 | http://www.w3.org/2002/07/owl#NamedIndividual | Curriculares Element | CE-Lerninhalt | Element (SN) | Lernziel und Lerninhalt (SN);Inhalte;Anwenden der Eigenschaften des Lichtes auf optische Phänomene;https://lp-sachsen.org/resource/lernziel-lerninhalt-29683-1;https://lp-sachsen.org/resource/lehrplan-125-1
Sachsen;Gymnasium;Physik;Gymnasium Physik;Jahrgangsstufe 6 | Jahrgangsstufe 7 | Jahrgangsstufe 8 | Jahrgangsstufe 9 | Jahrgangsstufe 10 | Jahrgangsstufe 11 | Jahrgangsstufe 12;Sekundarbereich I | Sekundarbereich II | G8 Qualifikationsphase | G8 Einführungsphase | G9 Qualifikationsphase | G9 Einführungsphase;;;;lehrplan;kompetenz+inhalt;http://purl.obolibrary.org/obo/BFO_0000001 | http://purl.obolibrary.org/obo/BFO_0000002 | http://purl.obolibrary.org/obo/BFO_0000031 | http://purl.obolibrary.org/obo/IAO_0000030 | http://www.w3.org/2002/07/owl#NamedIndividual | Curriculares Element | CE-Lerninhalt | Element (SN) | Lernziel und Lerninhalt (SN);Inhalte;Anwenden der Gesetze der Lichtausbreitung auf optische Phänomene;https://lp-sachsen.org/resource/lernziel-lerninhalt-29356-2;https://lp-sachsen.org/resource/lehrplan-125-1
Sachsen;Gymnasium;Physik;Gymnasium Physik;Jahrgangsstufe 6 | Jahrgangsstufe 7 | Jahrgangsstufe 8 | Jahrgangsstufe 9 | Jahrgangsstufe 10 | Jahrgangsstufe 11 | Jahrgangsstufe 12;Sekundarbereich I | Sekundarbereich II | G8 Qualifikationsphase | G8 Einführungsphase | G9 Qualifikationsphase | G9 Einführungsphase;;;;lehrplan;kompetenz+inhalt;http://purl.obolibrary.org/obo/BFO_0000001 | http://purl.obolibrary.org/obo/BFO_0000002 | http://purl.obolibrary.org/obo/BFO_0000031 | http://purl.obolibrary.org/obo/IAO_0000030 | http://www.w3.org/2002/07/owl#NamedIndividual | Curriculares Element | CE-Lerninhalt | Element (SN) | Lernziel und Lerninhalt (SN);Inhalte;Anwenden der Kenntnisse auf die Brechung des Lichts;https://lp-sachsen.org/resource/lernziel-lerninhalt-27605-2;https://lp-sachsen.org/resource/lehrplan-125-1
Sachsen;Gymnasium;Physik;Gymnasium Physik;Jahrgangsstufe 6 | Jahrgangsstufe 7 | Jahrgangsstufe 8 | Jahrgangsstufe 9 | Jahrgangsstufe 10 | Jahrgangsstufe 11 | Jahrgangsstufe 12;Sekundarbereich I | Sekundarbereich II | G8 Qualifikationsphase | G8 Einführungsphase | G9 Qualifikationsphase | G9 Einführungsphase;;;;lehrplan;kompetenz+inhalt;http://purl.obolibrary.org/obo/BFO_0000001 | http://purl.obolibrary.org/obo/BFO_0000002 | http://purl.obolibrary.org/obo/BFO_0000031 | http://purl.obolibrary.org/obo/IAO_0000030 | http://www.w3.org/2002/07/owl#NamedIndividual | Curriculares Element | CE-Lerninhalt | Element (SN) | Lernziel und Lerninhalt (SN);Inhalte;Anwenden der Kenntnisse bei der Nutzung radioaktiver Strahlung;https://lp-sachsen.org/resource/lernziel-lerninhalt-30834-1;https://lp-sachsen.org/resource/lehrplan-125-1
Sachsen;Gymnasium;Physik;Gymnasium Physik;Jahrgangsstufe 6 | Jahrgangsstufe 7 | Jahrgangsstufe 8 | Jahrgangsstufe 9 | Jahrgangsstufe 10 | Jahrgangsstufe 11 | Jahrgangsstufe 12;Sekundarbereich I | Sekundarbereich II | G8 Qualifikationsphase | G8 Einführungsphase | G9 Qualifikationsphase | G9 Einführungsphase;;;;lehrplan;kompetenz+inhalt;http://purl.obolibrary.org/obo/BFO_0000001 | http://purl.obolibrary.org/obo/BFO_0000002 | http://purl.obolibrary.org/obo/BFO_0000031 | http://purl.obolibrary.org/obo/IAO_0000030 | http://www.w3.org/2002/07/owl#NamedIndividual | Curriculares Element | CE-Lerninhalt | Element (SN) | Lernziel und Lerninhalt (SN);Inhalte;Anwenden der Kenntnisse auf die Reflexion des Lichts;https://lp-sachsen.org/resource/lernziel-lerninhalt-27595-2;https://lp-sachsen.org/resource/lehrplan-125-1
Sachsen;Gymnasium;Physik;Gymnasium Physik;Jahrgangsstufe 6 | Jahrgangsstufe 7 | Jahrgangsstufe 8 | Jahrgangsstufe 9 | Jahrgangsstufe 10 | Jahrgangsstufe 11 | Jahrgangsstufe 12;Sekundarbereich I | Sekundarbereich II | G8 Qualifikationsphase | G8 Einführungsphase | G9 Qualifikationsphase | G9 Einführungsphase;;;;lehrplan;kompetenz+inhalt;http://purl.obolibrary.org/obo/BFO_0000001 | http://purl.obolibrary.org/obo/BFO_0000002 | http://purl.obolibrary.org/obo/BFO_0000031 | http://purl.obolibrary.org/obo/IAO_0000030 | http://www.w3.org/2002/07/owl#NamedIndividual | Curriculares Element | CE-Lerninhalt | Element (SN) | Lernziel und Lerninhalt (SN);Inhalte;Anwenden der Kenntnisse zur Optik auf Fotoapparat und Auge;https://lp-sachsen.org/resource/lernziel-lerninhalt-27790-2;https://lp-sachsen.org/resource/lehrplan-125-1
Sachsen;Gymnasium;Physik;Gymnasium Physik;Jahrgangsstufe 6 | Jahrgangsstufe 7 | Jahrgangsstufe 8 | Jahrgangsstufe 9 | Jahrgangsstufe 10 | Jahrgangsstufe 11 | Jahrgangsstufe 12;Sekundarbereich I | Sekundarbereich II | G8 Qualifikationsphase | G8 Einführungsphase | G9 Qualifikationsphase | G9 Einführungsphase;;;;lehrplan;kompetenz+inhalt;http://purl.obolibrary.org/obo/BFO_0000001 | http://purl.obolibrary.org/obo/BFO_0000002 | http://purl.obolibrary.org/obo/BFO_0000031 | http://purl.obolibrary.org/obo/IAO_0000030 | http://www.w3.org/2002/07/owl#NamedIndividual | Curriculares Element | CE-Lerninhalt | Element (SN) | Lernziel und Lerninhalt (SN);Inhalte;Anwenden der Kenntnisse zur Reflexion und Brechung des Lichts auf die Wirkungsweise von Fernrohren;https://lp-sachsen.org/resource/lernziel-lerninhalt-29396-2;https://lp-sachsen.org/resource/lehrplan-125-1
Sachsen;Gymnasium;Physik;Gymnasium Physik;Jahrgangsstufe 6 | Jahrgangsstufe 7 | Jahrgangsstufe 8 | Jahrgangsstufe 9 | Jahrgangsstufe 10 | Jahrgangsstufe 11 | Jahrgangsstufe 12;Sekundarbereich I | Sekundarbereich II | G8 Qualifikationsphase | G8 Einführungsphase | G9 Qualifikationsphase | G9 Einführungsphase;;;;lehrplan;kompetenz+inhalt;http://purl.obolibrary.org/obo/BFO_0000001 | http://purl.obolibrary.org/obo/BFO_0000002 | http://purl.obolibrary.org/obo/BFO_0000031 | http://purl.obolibrary.org/obo/IAO_0000030 | http://www.w3.org/2002/07/owl#NamedIndividual | Curriculares Element | CE-Lerninhalt | Element (SN) | Lernziel und Lerninhalt (SN);Inhalte;Anwenden der Kenntnisse über Strahlen- und Wellenoptik zum Erklären optischer Geräte;https://lp-sachsen.org/resource/lernziel-lerninhalt-30512-2;https://lp-sachsen.org/resource/lehrplan-125-1
Sachsen;Gymnasium;Physik;Gymnasium Physik;Jahrgangsstufe 6 | Jahrgangsstufe 7 | Jahrgangsstufe 8 | Jahrgangsstufe 9 | Jahrgangsstufe 10 | Jahrgangsstufe 11 | Jahrgangsstufe 12;Sekundarbereich I | Sekundarbereich II | G8 Qualifikationsphase | G8 Einführungsphase | G9 Qualifikationsphase | G9 Einführungsphase;;;;lehrplan;kompetenz+inhalt;http://purl.obolibrary.org/obo/BFO_0000001 | http://purl.obolibrary.org/obo/BFO_0000002 | http://purl.obolibrary.org/obo/BFO_0000031 | http://purl.obolibrary.org/obo/IAO_0000030 | http://www.w3.org/2002/07/owl#NamedIndividual | Curriculares Element | CE-Lerninhalt | Element (SN) | Lernziel und Lerninhalt (SN);Inhalte;Anwenden des Huygens’schen Prinzips auf die Reflexion, Brechung und Beugung von Wellen;https://lp-sachsen.org/resource/lernziel-lerninhalt-30494-2;https://lp-sachsen.org/resource/lehrplan-125-1
Sachsen;Gymnasium;Physik;Gymnasium Physik;Jahrgangsstufe 6 | Jahrgangsstufe 7 | Jahrgangsstufe 8 | Jahrgangsstufe 9 | Jahrgangsstufe 10 | Jahrgangsstufe 11 | Jahrgangsstufe 12;Sekundarbereich I | Sekundarbereich II | G8 Qualifikationsphase | G8 Einführungsphase | G9 Qualifikationsphase | G9 Einführungsphase;;;;lehrplan;kompetenz+inhalt;http://purl.obolibrary.org/obo/BFO_0000001 | http://purl.obolibrary.org/obo/BFO_0000002 | http://purl.obolibrary.org/obo/BFO_0000031 | http://purl.obolibrary.org/obo/IAO_0000030 | http://www.w3.org/2002/07/owl#NamedIndividual | Curriculares Element | CE-Lerninhalt | Element (SN) | Lernziel und Lerninhalt (SN);Anwenden der Kenntnisse zur Reflexion und Brechung des Lichts auf die Wirkungsweise von Fernrohren;Aufbau, Strahlengang und Bildentstehung bei Linsen- und Spiegelfernrohren;https://lp-sachsen.org/resource/lernziel-lerninhalt-29398-2;https://lp-sachsen.org/resource/lehrplan-125-1
Sachsen;Gymnasium;Physik;Gymnasium Physik;Jahrgangsstufe 6 | Jahrgangsstufe 7 | Jahrgangsstufe 8 | Jahrgangsstufe 9 | Jahrgangsstufe 10 | Jahrgangsstufe 11 | Jahrgangsstufe 12;Sekundarbereich I | Sekundarbereich II | G8 Qualifikationsphase | G8 Einführungsphase | G9 Qualifikationsphase | G9 Einführungsphase;;;;lehrplan;kompetenz+inhalt;http://purl.obolibrary.org/obo/BFO_0000001 | http://purl.obolibrary.org/obo/BFO_0000002 | http://purl.obolibrary.org/obo/BFO_0000031 | http://purl.obolibrary.org/obo/IAO_0000030 | http://www.w3.org/2002/07/owl#NamedIndividual | Curriculares Element | CE-Lerninhalt | Element (SN) | Lernziel und Lerninhalt (SN);Problemlösen durch Experimentieren;Aufgaben aus den Bereichen mechanische und elektromagnetische Schwingungen und Optik;https://lp-sachsen.org/resource/lernziel-lerninhalt-30514-2;https://lp-sachsen.org/resource/lehrplan-125-1
Sachsen;Gymnasium;Physik;Gymnasium Physik;Jahrgangsstufe 6 | Jahrgangsstufe 7 | Jahrgangsstufe 8 | Jahrgangsstufe 9 | Jahrgangsstufe 10 | Jahrgangsstufe 11 | Jahrgangsstufe 12;Sekundarbereich I | Sekundarbereich II | G8 Qualifikationsphase | G8 Einführungsphase | G9 Qualifikationsphase | G9 Einführungsphase;;;;lehrplan;kompetenz+inhalt;http://purl.obolibrary.org/obo/BFO_0000001 | http://purl.obolibrary.org/obo/BFO_0000002 | http://purl.obolibrary.org/obo/BFO_0000031 | http://purl.obolibrary.org/obo/IAO_0000030 | http://www.w3.org/2002/07/owl#NamedIndividual | Curriculares Element | CE-Lerninhalt | Element (SN) | Lernziel und Lerninhalt (SN);Kennen von Phänomenen der Lichtausbreitung;Ausbreitungseigenschaften des Lichts;https://lp-sachsen.org/resource/lernziel-lerninhalt-27586-2;https://lp-sachsen.org/resource/lehrplan-125-1
Sachsen;Gymnasium;Physik;Gymnasium Physik;Jahrgangsstufe 6 | Jahrgangsstufe 7 | Jahrgangsstufe 8 | Jahrgangsstufe 9 | Jahrgangsstufe 10 | Jahrgangsstufe 11 | Jahrgangsstufe 12;Sekundarbereich I | Sekundarbereich II | G8 Qualifikationsphase | G8 Einführungsphase | G9 Qualifikationsphase | G9 Einführungsphase;;;;lehrplan;kompetenz+inhalt;http://purl.obolibrary.org/obo/BFO_0000001 | http://purl.obolibrary.org/obo/BFO_0000002 | http://purl.obolibrary.org/obo/BFO_0000031 | http://purl.obolibrary.org/obo/IAO_0000030 | http://www.w3.org/2002/07/owl#NamedIndividual | Curriculares Element | CE-Lerninhalt | Element (SN) | Lernziel und Lerninhalt (SN);Übertragen der Kenntnisse über Welleneigenschaften auf Licht;Ausbreitungsgeschwindigkeit des Lichts;https://lp-sachsen.org/resource/lernziel-lerninhalt-30502-2;https://lp-sachsen.org/resource/lehrplan-125-1
Sachsen;Gymnasium;Physik;Gymnasium Physik;Jahrgangsstufe 6 | Jahrgangsstufe 7 | Jahrgangsstufe 8 | Jahrgangsstufe 9 | Jahrgangsstufe 10 | Jahrgangsstufe 11 | Jahrgangsstufe 12;Sekundarbereich I | Sekundarbereich II | G8 Qualifikationsphase | G8 Einführungsphase | G9 Qualifikationsphase | G9 Einführungsphase;;;;lehrplan;kompetenz+inhalt;http://purl.obolibrary.org/obo/BFO_0000001 | http://purl.obolibrary.org/obo/BFO_0000002 | http://purl.obolibrary.org/obo/BFO_0000031 | http://purl.obolibrary.org/obo/IAO_0000030 | http://www.w3.org/2002/07/owl#NamedIndividual | Curriculares Element | CE-Lerninhalt | Element (SN) | Lernziel und Lerninhalt (SN);Kennen wichtiger Methoden der Erkenntnisgewinnung in der Astronomie;Auswertung der Strahlung von Gestirnen;https://lp-sachsen.org/resource/lernziel-lerninhalt-29349-2;https://lp-sachsen.org/resource/lehrplan-125-1
Sachsen;Gymnasium;Physik;Gymnasium Physik;Jahrgangsstufe 6 | Jahrgangsstufe 7 | Jahrgangsstufe 8 | Jahrgangsstufe 9 | Jahrgangsstufe 10 | Jahrgangsstufe 11 | Jahrgangsstufe 12;Sekundarbereich I | Sekundarbereich II | G8 Qualifikationsphase | G8 Einführungsphase | G9 Qualifikationsphase | G9 Einführungsphase;;;;lehrplan;kompetenz+inhalt;http://purl.obolibrary.org/obo/BFO_0000001 | http://purl.obolibrary.org/obo/BFO_0000002 | http://purl.obolibrary.org/obo/BFO_0000031 | http://purl.obolibrary.org/obo/IAO_0000030 | http://www.w3.org/2002/07/owl#NamedIndividual | Curriculares Element | CE-Lerninhalt | Element (SN) | Lernziel und Lerninhalt (SN);Einblick gewinnen in die Relativität von Zeit und Raum;Belege zur Wirkung der Gravitation auf das Licht;https://lp-sachsen.org/resource/lernziel-lerninhalt-29596-2;https://lp-sachsen.org/resource/lehrplan-125-1
Sachsen;Gymnasium;Physik;Gymnasium Physik;Jahrgangsstufe 6 | Jahrgangsstufe 7 | Jahrgangsstufe 8 | Jahrgangsstufe 9 | Jahrgangsstufe 10 | Jahrgangsstufe 11 | Jahrgangsstufe 12;Sekundarbereich I | Sekundarbereich II | G8 Qualifikationsphase | G8 Einführungsphase | G9 Qualifikationsphase | G9 Einführungsphase;;;;lehrplan;kompetenz+inhalt;http://purl.obolibrary.org/obo/BFO_0000001 | http://purl.obolibrary.org/obo/BFO_0000002 | http://purl.obolibrary.org/obo/BFO_0000031 | http://purl.obolibrary.org/obo/IAO_0000030 | http://www.w3.org/2002/07/owl#NamedIndividual | Curriculares Element | CE-Lerninhalt | Element (SN) | Lernziel und Lerninhalt (SN);Interferenz am Doppelspalt und am Gitter;Bestimmen der Wellenlänge einfarbigen Lichts;https://lp-sachsen.org/resource/lernziel-lerninhalt-29371-2;https://lp-sachsen.org/resource/lehrplan-125-1
Sachsen;Gymnasium;Physik;Gymnasium Physik;Jahrgangsstufe 6 | Jahrgangsstufe 7 | Jahrgangsstufe 8 | Jahrgangsstufe 9 | Jahrgangsstufe 10 | Jahrgangsstufe 11 | Jahrgangsstufe 12;Sekundarbereich I | Sekundarbereich II | G8 Qualifikationsphase | G8 Einführungsphase | G9 Qualifikationsphase | G9 Einführungsphase;;;;lehrplan;kompetenz+inhalt;http://purl.obolibrary.org/obo/BFO_0000001 | http://purl.obolibrary.org/obo/BFO_0000002 | http://purl.obolibrary.org/obo/BFO_0000031 | http://purl.obolibrary.org/obo/IAO_0000030 | http://www.w3.org/2002/07/owl#NamedIndividual | Curriculares Element | CE-Lerninhalt | Element (SN) | Lernziel und Lerninhalt (SN);Beugung und Interferenz von Licht;Bestimmung der Wellenlänge von Licht;https://lp-sachsen.org/resource/lernziel-lerninhalt-30509-1;https://lp-sachsen.org/resource/lehrplan-125-1
Sachsen;Gymnasium;Physik;Gymnasium Physik;Jahrgangsstufe 6 | Jahrgangsstufe 7 | Jahrgangsstufe 8 | Jahrgangsstufe 9 | Jahrgangsstufe 10 | Jahrgangsstufe 11 | Jahrgangsstufe 12;Sekundarbereich I | Sekundarbereich II | G8 Qualifikationsphase | G8 Einführungsphase | G9 Qualifikationsphase | G9 Einführungsphase;;;;lehrplan;kompetenz+inhalt;http://purl.obolibrary.org/obo/BFO_0000001 | http://purl.obolibrary.org/obo/BFO_0000002 | http://purl.obolibrary.org/obo/BFO_0000031 | http://purl.obolibrary.org/obo/IAO_0000030 | http://www.w3.org/2002/07/owl#NamedIndividual | Curriculares Element | CE-Lerninhalt | Element (SN) | Lernziel und Lerninhalt (SN);Übertragen der Kenntnisse über Welleneigenschaften auf Licht;Beugung und Interferenz von Licht;https://lp-sachsen.org/resource/lernziel-lerninhalt-30505-2;https://lp-sachsen.org/resource/lehrplan-125-1
Sachsen;Gymnasium;Physik;Gymnasium Physik;Jahrgangsstufe 6 | Jahrgangsstufe 7 | Jahrgangsstufe 8 | Jahrgangsstufe 9 | Jahrgangsstufe 10 | Jahrgangsstufe 11 | Jahrgangsstufe 12;Sekundarbereich I | Sekundarbereich II | G8 Qualifikationsphase | G8 Einführungsphase | G9 Qualifikationsphase | G9 Einführungsphase;;;;lehrplan;kompetenz+inhalt;http://purl.obolibrary.org/obo/BFO_0000001 | http://purl.obolibrary.org/obo/BFO_0000002 | http://purl.obolibrary.org/obo/BFO_0000031 | http://purl.obolibrary.org/obo/IAO_0000030 | http://www.w3.org/2002/07/owl#NamedIndividual | Curriculares Element | CE-Lerninhalt | Element (SN) | Lernziel und Lerninhalt (SN);Anwenden der Gesetze der Lichtausbreitung auf optische Phänomene;Brechungsgesetz;https://lp-sachsen.org/resource/lernziel-lerninhalt-29357-2;https://lp-sachsen.org/resource/lehrplan-125-1
Sachsen;Gymnasium;Physik;Gymnasium Physik;Jahrgangsstufe 6 | Jahrgangsstufe 7 | Jahrgangsstufe 8 | Jahrgangsstufe 9 | Jahrgangsstufe 10 | Jahrgangsstufe 11 | Jahrgangsstufe 12;Sekundarbereich I | Sekundarbereich II | G8 Qualifikationsphase | G8 Einführungsphase | G9 Qualifikationsphase | G9 Einführungsphase;;;;lehrplan;kompetenz+inhalt;http://purl.obolibrary.org/obo/BFO_0000001 | http://purl.obolibrary.org/obo/BFO_0000002 | http://purl.obolibrary.org/obo/BFO_0000031 | http://purl.obolibrary.org/obo/IAO_0000030 | http://www.w3.org/2002/07/owl#NamedIndividual | Curriculares Element | CE-Lerninhalt | Element (SN) | Lernziel und Lerninhalt (SN);Sich positionieren zur Radioaktivität in Natur und Technik;Eigenschaften radioaktiver Strahlung;https://lp-sachsen.org/resource/lernziel-lerninhalt-28689-2;https://lp-sachsen.org/resource/lehrplan-125-1
Sachsen;Gymnasium;Physik;Gymnasium Physik;Jahrgangsstufe 6 | Jahrgangsstufe 7 | Jahrgangsstufe 8 | Jahrgangsstufe 9 | Jahrgangsstufe 10 | Jahrgangsstufe 11 | Jahrgangsstufe 12;Sekundarbereich I | Sekundarbereich II | G8 Qualifikationsphase | G8 Einführungsphase | G9 Qualifikationsphase | G9 Einführungsphase;;;;lehrplan;kompetenz+inhalt;http://purl.obolibrary.org/obo/BFO_0000001 | http://purl.obolibrary.org/obo/BFO_0000002 | http://purl.obolibrary.org/obo/BFO_0000031 | http://purl.obolibrary.org/obo/IAO_0000030 | http://www.w3.org/2002/07/owl#NamedIndividual | Curriculares Element | CE-Lerninhalt | Element (SN) | Lernziel und Lerninhalt (SN);Kennen der Radioaktivität als Naturerscheinung;Eigenschaften von α-, β-, γ- Strahlung;https://lp-sachsen.org/resource/lernziel-lerninhalt-29668-1;https://lp-sachsen.org/resource/lehrplan-125-1
Sachsen;Gymnasium;Physik;Gymnasium Physik;Jahrgangsstufe 6 | Jahrgangsstufe 7 | Jahrgangsstufe 8 | Jahrgangsstufe 9 | Jahrgangsstufe 10 | Jahrgangsstufe 11 | Jahrgangsstufe 12;Sekundarbereich I | Sekundarbereich II | G8 Qualifikationsphase | G8 Einführungsphase | G9 Qualifikationsphase | G9 Einführungsphase;;;;lehrplan;kompetenz+inhalt;http://purl.obolibrary.org/obo/BFO_0000001 | http://purl.obolibrary.org/obo/BFO_0000002 | http://purl.obolibrary.org/obo/BFO_0000031 | http://purl.obolibrary.org/obo/IAO_0000030 | http://www.w3.org/2002/07/owl#NamedIndividual | Curriculares Element | CE-Lerninhalt | Element (SN) | Lernziel und Lerninhalt (SN);Inhalte;Einblick gewinnen in die Entstehung der Farben;https://lp-sachsen.org/resource/lernziel-lerninhalt-27808-2;https://lp-sachsen.org/resource/lehrplan-125-1
Sachsen;Gymnasium;Physik;Gymnasium Physik;Jahrgangsstufe 6 | Jahrgangsstufe 7 | Jahrgangsstufe 8 | Jahrgangsstufe 9 | Jahrgangsstufe 10 | Jahrgangsstufe 11 | Jahrgangsstufe 12;Sekundarbereich I | Sekundarbereich II | G8 Qualifikationsphase | G8 Einführungsphase | G9 Qualifikationsphase | G9 Einführungsphase;;;;lehrplan;kompetenz+inhalt;http://purl.obolibrary.org/obo/BFO_0000001 | http://purl.obolibrary.org/obo/BFO_0000002 | http://purl.obolibrary.org/obo/BFO_0000031 | http://purl.obolibrary.org/obo/IAO_0000030 | http://www.w3.org/2002/07/owl#NamedIndividual | Curriculares Element | CE-Lerninhalt | Element (SN) | Lernziel und Lerninhalt (SN);Inhalte;Einblick gewinnen in die Ausbreitungseigenschaften Reflexion, Beugung und Brechung;https://lp-sachsen.org/resource/lernziel-lerninhalt-29316-2;https://lp-sachsen.org/resource/lehrplan-125-1
Sachsen;Gymnasium;Physik;Gymnasium Physik;Jahrgangsstufe 6 | Jahrgangsstufe 7 | Jahrgangsstufe 8 | Jahrgangsstufe 9 | Jahrgangsstufe 10 | Jahrgangsstufe 11 | Jahrgangsstufe 12;Sekundarbereich I | Sekundarbereich II | G8 Qualifikationsphase | G8 Einführungsphase | G9 Qualifikationsphase | G9 Einführungsphase;;;;lehrplan;kompetenz+inhalt;http://purl.obolibrary.org/obo/BFO_0000001 | http://purl.obolibrary.org/obo/BFO_0000002 | http://purl.obolibrary.org/obo/BFO_0000031 | http://purl.obolibrary.org/obo/IAO_0000030 | http://www.w3.org/2002/07/owl#NamedIndividual | Curriculares Element | CE-Lerninhalt | Element (SN) | Lernziel und Lerninhalt (SN);"Einstein’sche Gleichung und ihre Interpretation
Ekin = h·f-WA";Einsteins Lichtquantenhypothese;https://lp-sachsen.org/resource/lernziel-lerninhalt-29652-1;https://lp-sachsen.org/resource/lehrplan-125-1
Sachsen;Gymnasium;Physik;Gymnasium Physik;Jahrgangsstufe 6 | Jahrgangsstufe 7 | Jahrgangsstufe 8 | Jahrgangsstufe 9 | Jahrgangsstufe 10 | Jahrgangsstufe 11 | Jahrgangsstufe 12;Sekundarbereich I | Sekundarbereich II | G8 Qualifikationsphase | G8 Einführungsphase | G9 Qualifikationsphase | G9 Einführungsphase;;;;lehrplan;kompetenz+inhalt;http://purl.obolibrary.org/obo/BFO_0000001 | http://purl.obolibrary.org/obo/BFO_0000002 | http://purl.obolibrary.org/obo/BFO_0000031 | http://purl.obolibrary.org/obo/IAO_0000030 | http://www.w3.org/2002/07/owl#NamedIndividual | Curriculares Element | CE-Lerninhalt | Element (SN) | Lernziel und Lerninhalt (SN);"Einstein’sche Gleichung und ihre Interpretation
Ekin = h·f-WA";"Einsteins Lichtquantenhypothese
E = h·f";https://lp-sachsen.org/resource/lernziel-lerninhalt-30525-1;https://lp-sachsen.org/resource/lehrplan-125-1
Sachsen;Gymnasium;Physik;Gymnasium Physik;Jahrgangsstufe 6 | Jahrgangsstufe 7 | Jahrgangsstufe 8 | Jahrgangsstufe 9 | Jahrgangsstufe 10 | Jahrgangsstufe 11 | Jahrgangsstufe 12;Sekundarbereich I | Sekundarbereich II | G8 Qualifikationsphase | G8 Einführungsphase | G9 Qualifikationsphase | G9 Einführungsphase;;;;lehrplan;kompetenz+inhalt;http://purl.obolibrary.org/obo/BFO_0000001 | http://purl.obolibrary.org/obo/BFO_0000002 | http://purl.obolibrary.org/obo/BFO_0000031 | http://purl.obolibrary.org/obo/IAO_0000030 | http://www.w3.org/2002/07/owl#NamedIndividual | Curriculares Element | CE-Lerninhalt | Element (SN) | Lernziel und Lerninhalt (SN);Übertragen der Kenntnisse über Wellen auf Anwendungen in Technik und Medizin;Erzeugung und Eigenschaften der Röntgenstrahlen;https://lp-sachsen.org/resource/lernziel-lerninhalt-30895-1;https://lp-sachsen.org/resource/lehrplan-125-1
Sachsen;Gymnasium;Physik;Gymnasium Physik;Jahrgangsstufe 6 | Jahrgangsstufe 7 | Jahrgangsstufe 8 | Jahrgangsstufe 9 | Jahrgangsstufe 10 | Jahrgangsstufe 11 | Jahrgangsstufe 12;Sekundarbereich I | Sekundarbereich II | G8 Qualifikationsphase | G8 Einführungsphase | G9 Qualifikationsphase | G9 Einführungsphase;;;;lehrplan;kompetenz+inhalt;http://purl.obolibrary.org/obo/BFO_0000001 | http://purl.obolibrary.org/obo/BFO_0000002 | http://purl.obolibrary.org/obo/BFO_0000031 | http://purl.obolibrary.org/obo/IAO_0000030 | http://www.w3.org/2002/07/owl#NamedIndividual | Curriculares Element | CE-Lerninhalt | Element (SN) | Lernziel und Lerninhalt (SN);Anwenden der Gesetze der Lichtausbreitung auf optische Phänomene;Farbzerlegung des weißen Lichts;https://lp-sachsen.org/resource/lernziel-lerninhalt-29363-2;https://lp-sachsen.org/resource/lehrplan-125-1
Sachsen;Gymnasium;Physik;Gymnasium Physik;Jahrgangsstufe 6 | Jahrgangsstufe 7 | Jahrgangsstufe 8 | Jahrgangsstufe 9 | Jahrgangsstufe 10 | Jahrgangsstufe 11 | Jahrgangsstufe 12;Sekundarbereich I | Sekundarbereich II | G8 Qualifikationsphase | G8 Einführungsphase | G9 Qualifikationsphase | G9 Einführungsphase;;;;lehrplan;kompetenz+inhalt;http://purl.obolibrary.org/obo/BFO_0000001 | http://purl.obolibrary.org/obo/BFO_0000002 | http://purl.obolibrary.org/obo/BFO_0000031 | http://purl.obolibrary.org/obo/IAO_0000030 | http://www.w3.org/2002/07/owl#NamedIndividual | Curriculares Element | CE-Lerninhalt | Element (SN) | Lernziel und Lerninhalt (SN);Brechungsgesetz;Grenzwinkel der Totalreflexion;https://lp-sachsen.org/resource/lernziel-lerninhalt-29361-2;https://lp-sachsen.org/resource/lehrplan-125-1
Sachsen;Gymnasium;Physik;Gymnasium Physik;Jahrgangsstufe 6 | Jahrgangsstufe 7 | Jahrgangsstufe 8 | Jahrgangsstufe 9 | Jahrgangsstufe 10 | Jahrgangsstufe 11 | Jahrgangsstufe 12;Sekundarbereich I | Sekundarbereich II | G8 Qualifikationsphase | G8 Einführungsphase | G9 Qualifikationsphase | G9 Einführungsphase;;;;lehrplan;kompetenz+inhalt;http://purl.obolibrary.org/obo/BFO_0000001 | http://purl.obolibrary.org/obo/BFO_0000002 | http://purl.obolibrary.org/obo/BFO_0000031 | http://purl.obolibrary.org/obo/IAO_0000030 | http://www.w3.org/2002/07/owl#NamedIndividual | Curriculares Element | CE-Lerninhalt | Element (SN) | Lernziel und Lerninhalt (SN);Anwenden des Huygens’schen Prinzips auf die Reflexion, Brechung und Beugung von Wellen;Herleitung des Reflexions- und des Brechungsgesetzes sin αsin β = v1v2;https://lp-sachsen.org/resource/lernziel-lerninhalt-30496-2;https://lp-sachsen.org/resource/lehrplan-125-1
Sachsen;Gymnasium;Physik;Gymnasium Physik;Jahrgangsstufe 6 | Jahrgangsstufe 7 | Jahrgangsstufe 8 | Jahrgangsstufe 9 | Jahrgangsstufe 10 | Jahrgangsstufe 11 | Jahrgangsstufe 12;Sekundarbereich I | Sekundarbereich II | G8 Qualifikationsphase | G8 Einführungsphase | G9 Qualifikationsphase | G9 Einführungsphase;;;;lehrplan;kompetenz+inhalt;http://purl.obolibrary.org/obo/BFO_0000001 | http://purl.obolibrary.org/obo/BFO_0000002 | http://purl.obolibrary.org/obo/BFO_0000031 | http://purl.obolibrary.org/obo/IAO_0000030 | http://www.w3.org/2002/07/owl#NamedIndividual | Curriculares Element | CE-Lerninhalt | Element (SN) | Lernziel und Lerninhalt (SN);Beugung und Interferenz von Licht;Interferenz durch Reflexion an dünnen Schichten;https://lp-sachsen.org/resource/lernziel-lerninhalt-30508-1;https://lp-sachsen.org/resource/lehrplan-125-1
Sachsen;Gymnasium;Physik;Gymnasium Physik;Jahrgangsstufe 6 | Jahrgangsstufe 7 | Jahrgangsstufe 8 | Jahrgangsstufe 9 | Jahrgangsstufe 10 | Jahrgangsstufe 11 | Jahrgangsstufe 12;Sekundarbereich I | Sekundarbereich II | G8 Qualifikationsphase | G8 Einführungsphase | G9 Qualifikationsphase | G9 Einführungsphase;;;;lehrplan;kompetenz+inhalt;http://purl.obolibrary.org/obo/BFO_0000001 | http://purl.obolibrary.org/obo/BFO_0000002 | http://purl.obolibrary.org/obo/BFO_0000031 | http://purl.obolibrary.org/obo/IAO_0000030 | http://www.w3.org/2002/07/owl#NamedIndividual | Curriculares Element | CE-Lerninhalt | Element (SN) | Lernziel und Lerninhalt (SN);Inhalte;Kennen der Polarisierbarkeit des Lichts;https://lp-sachsen.org/resource/lernziel-lerninhalt-29630-1;https://lp-sachsen.org/resource/lehrplan-125-1
Sachsen;Gymnasium;Physik;Gymnasium Physik;Jahrgangsstufe 6 | Jahrgangsstufe 7 | Jahrgangsstufe 8 | Jahrgangsstufe 9 | Jahrgangsstufe 10 | Jahrgangsstufe 11 | Jahrgangsstufe 12;Sekundarbereich I | Sekundarbereich II | G8 Qualifikationsphase | G8 Einführungsphase | G9 Qualifikationsphase | G9 Einführungsphase;;;;lehrplan;kompetenz+inhalt;http://purl.obolibrary.org/obo/BFO_0000001 | http://purl.obolibrary.org/obo/BFO_0000002 | http://purl.obolibrary.org/obo/BFO_0000031 | http://purl.obolibrary.org/obo/IAO_0000030 | http://www.w3.org/2002/07/owl#NamedIndividual | Curriculares Element | CE-Lerninhalt | Element (SN) | Lernziel und Lerninhalt (SN);Inhalte;Kennen des Prinzips der Entstehung, der Eigenschaften und der Nutzung der Laserstrahlung;https://lp-sachsen.org/resource/lernziel-lerninhalt-29665-2;https://lp-sachsen.org/resource/lehrplan-125-1
Sachsen;Gymnasium;Physik;Gymnasium Physik;Jahrgangsstufe 6 | Jahrgangsstufe 7 | Jahrgangsstufe 8 | Jahrgangsstufe 9 | Jahrgangsstufe 10 | Jahrgangsstufe 11 | Jahrgangsstufe 12;Sekundarbereich I | Sekundarbereich II | G8 Qualifikationsphase | G8 Einführungsphase | G9 Qualifikationsphase | G9 Einführungsphase;;;;lehrplan;kompetenz+inhalt;http://purl.obolibrary.org/obo/BFO_0000001 | http://purl.obolibrary.org/obo/BFO_0000002 | http://purl.obolibrary.org/obo/BFO_0000031 | http://purl.obolibrary.org/obo/IAO_0000030 | http://www.w3.org/2002/07/owl#NamedIndividual | Curriculares Element | CE-Lerninhalt | Element (SN) | Lernziel und Lerninhalt (SN);Inhalte;Kennen des Prinzips der Entstehung, der Eigenschaften und der Anwendung von Laserstrahlung;https://lp-sachsen.org/resource/lernziel-lerninhalt-30559-2;https://lp-sachsen.org/resource/lehrplan-125-1
Sachsen;Gymnasium;Physik;Gymnasium Physik;Jahrgangsstufe 6 | Jahrgangsstufe 7 | Jahrgangsstufe 8 | Jahrgangsstufe 9 | Jahrgangsstufe 10 | Jahrgangsstufe 11 | Jahrgangsstufe 12;Sekundarbereich I | Sekundarbereich II | G8 Qualifikationsphase | G8 Einführungsphase | G9 Qualifikationsphase | G9 Einführungsphase;;;;lehrplan;kompetenz+inhalt;http://purl.obolibrary.org/obo/BFO_0000001 | http://purl.obolibrary.org/obo/BFO_0000002 | http://purl.obolibrary.org/obo/BFO_0000031 | http://purl.obolibrary.org/obo/IAO_0000030 | http://www.w3.org/2002/07/owl#NamedIndividual | Curriculares Element | CE-Lerninhalt | Element (SN) | Lernziel und Lerninhalt (SN);Inhalte;Kennen von Phänomenen der Lichtausbreitung;https://lp-sachsen.org/resource/lernziel-lerninhalt-27158-2;https://lp-sachsen.org/resource/lehrplan-125-1
Sachsen;Gymnasium;Physik;Gymnasium Physik;Jahrgangsstufe 6 | Jahrgangsstufe 7 | Jahrgangsstufe 8 | Jahrgangsstufe 9 | Jahrgangsstufe 10 | Jahrgangsstufe 11 | Jahrgangsstufe 12;Sekundarbereich I | Sekundarbereich II | G8 Qualifikationsphase | G8 Einführungsphase | G9 Qualifikationsphase | G9 Einführungsphase;;;;lehrplan;kompetenz+inhalt;http://purl.obolibrary.org/obo/BFO_0000001 | http://purl.obolibrary.org/obo/BFO_0000002 | http://purl.obolibrary.org/obo/BFO_0000031 | http://purl.obolibrary.org/obo/IAO_0000030 | http://www.w3.org/2002/07/owl#NamedIndividual | Curriculares Element | CE-Lerninhalt | Element (SN) | Lernziel und Lerninhalt (SN);Inhalte;Kennen von Phänomenen und der technischen Nutzung radioaktiver Strahlung;https://lp-sachsen.org/resource/lernziel-lerninhalt-29675-1;https://lp-sachsen.org/resource/lehrplan-125-1
Sachsen;Gymnasium;Physik;Gymnasium Physik;Jahrgangsstufe 6 | Jahrgangsstufe 7 | Jahrgangsstufe 8 | Jahrgangsstufe 9 | Jahrgangsstufe 10 | Jahrgangsstufe 11 | Jahrgangsstufe 12;Sekundarbereich I | Sekundarbereich II | G8 Qualifikationsphase | G8 Einführungsphase | G9 Qualifikationsphase | G9 Einführungsphase;;;;lehrplan;kompetenz+inhalt;http://purl.obolibrary.org/obo/BFO_0000001 | http://purl.obolibrary.org/obo/BFO_0000002 | http://purl.obolibrary.org/obo/BFO_0000031 | http://purl.obolibrary.org/obo/IAO_0000030 | http://www.w3.org/2002/07/owl#NamedIndividual | Curriculares Element | CE-Lerninhalt | Element (SN) | Lernziel und Lerninhalt (SN);Übertragen der Kenntnisse über Welleneigenschaften auf Licht;Kohärenz des Lichts;https://lp-sachsen.org/resource/lernziel-lerninhalt-30510-1;https://lp-sachsen.org/resource/lehrplan-125-1
Sachsen;Gymnasium;Physik;Gymnasium Physik;Jahrgangsstufe 6 | Jahrgangsstufe 7 | Jahrgangsstufe 8 | Jahrgangsstufe 9 | Jahrgangsstufe 10 | Jahrgangsstufe 11 | Jahrgangsstufe 12;Sekundarbereich I | Sekundarbereich II | G8 Qualifikationsphase | G8 Einführungsphase | G9 Qualifikationsphase | G9 Einführungsphase;;;;lehrplan;kompetenz+inhalt;http://purl.obolibrary.org/obo/BFO_0000001 | http://purl.obolibrary.org/obo/BFO_0000002 | http://purl.obolibrary.org/obo/BFO_0000031 | http://purl.obolibrary.org/obo/IAO_0000030 | http://www.w3.org/2002/07/owl#NamedIndividual | Curriculares Element | CE-Lerninhalt | Element (SN) | Lernziel und Lerninhalt (SN);SE: Schattenbildung;Konstruktion von Schattenräumen;https://lp-sachsen.org/resource/lernziel-lerninhalt-27592-2;https://lp-sachsen.org/resource/lehrplan-125-1
Sachsen;Gymnasium;Physik;Gymnasium Physik;Jahrgangsstufe 6 | Jahrgangsstufe 7 | Jahrgangsstufe 8 | Jahrgangsstufe 9 | Jahrgangsstufe 10 | Jahrgangsstufe 11 | Jahrgangsstufe 12;Sekundarbereich I | Sekundarbereich II | G8 Qualifikationsphase | G8 Einführungsphase | G9 Qualifikationsphase | G9 Einführungsphase;;;;lehrplan;kompetenz+inhalt;http://purl.obolibrary.org/obo/BFO_0000001 | http://purl.obolibrary.org/obo/BFO_0000002 | http://purl.obolibrary.org/obo/BFO_0000031 | http://purl.obolibrary.org/obo/IAO_0000030 | http://www.w3.org/2002/07/owl#NamedIndividual | Curriculares Element | CE-Lerninhalt | Element (SN) | Lernziel und Lerninhalt (SN);Kennen der Möglichkeiten zur Übertragung von thermischer Energie;Leitung, Strahlung, Strömung;https://lp-sachsen.org/resource/lernziel-lerninhalt-28317-2;https://lp-sachsen.org/resource/lehrplan-125-1
Sachsen;Gymnasium;Physik;Gymnasium Physik;Jahrgangsstufe 6 | Jahrgangsstufe 7 | Jahrgangsstufe 8 | Jahrgangsstufe 9 | Jahrgangsstufe 10 | Jahrgangsstufe 11 | Jahrgangsstufe 12;Sekundarbereich I | Sekundarbereich II | G8 Qualifikationsphase | G8 Einführungsphase | G9 Qualifikationsphase | G9 Einführungsphase;;;;lehrplan;themenbereich;http://purl.obolibrary.org/obo/BFO_0000001 | http://purl.obolibrary.org/obo/BFO_0000002 | http://purl.obolibrary.org/obo/BFO_0000031 | http://purl.obolibrary.org/obo/IAO_0000030 | http://www.w3.org/2002/07/owl#NamedIndividual | Curriculares Element | CE-Bereich | Element (SN) | Lernbereich (SN);Klassenstufe 6;Lernbereich 1: Licht und seine Eigenschaften (17 Ustd.);https://lp-sachsen.org/resource/lernbereich-27150-2;https://lp-sachsen.org/resource/lehrplan-125-1
Sachsen;Gymnasium;Physik;Gymnasium Physik;Jahrgangsstufe 6 | Jahrgangsstufe 7 | Jahrgangsstufe 8 | Jahrgangsstufe 9 | Jahrgangsstufe 10 | Jahrgangsstufe 11 | Jahrgangsstufe 12;Sekundarbereich I | Sekundarbereich II | G8 Qualifikationsphase | G8 Einführungsphase | G9 Qualifikationsphase | G9 Einführungsphase;;;;lehrplan;themenbereich;http://purl.obolibrary.org/obo/BFO_0000001 | http://purl.obolibrary.org/obo/BFO_0000002 | http://purl.obolibrary.org/obo/BFO_0000031 | http://purl.obolibrary.org/obo/IAO_0000030 | http://www.w3.org/2002/07/owl#NamedIndividual | Curriculares Element | CE-Bereich | Element (SN) | Lernbereich (SN);Jahrgangsstufe 12 - Grundkurs;Lernbereich 1: Welleneigenschaften des Lichts (8 Ustd.);https://lp-sachsen.org/resource/lernbereich-29598-2;https://lp-sachsen.org/resource/lehrplan-125-1
Sachsen;Gymnasium;Physik;Gymnasium Physik;Jahrgangsstufe 6 | Jahrgangsstufe 7 | Jahrgangsstufe 8 | Jahrgangsstufe 9 | Jahrgangsstufe 10 | Jahrgangsstufe 11 | Jahrgangsstufe 12;Sekundarbereich I | Sekundarbereich II | G8 Qualifikationsphase | G8 Einführungsphase | G9 Qualifikationsphase | G9 Einführungsphase;;;;lehrplan;themenbereich;http://purl.obolibrary.org/obo/BFO_0000001 | http://purl.obolibrary.org/obo/BFO_0000002 | http://purl.obolibrary.org/obo/BFO_0000031 | http://purl.obolibrary.org/obo/IAO_0000030 | http://www.w3.org/2002/07/owl#NamedIndividual | Curriculares Element | CE-Bereich | Element (SN) | Lernbereich (SN);Jahrgangsstufe 12 - Grundkurs;Lernbereich 2: Praktikum Optik (6 Ustd.);https://lp-sachsen.org/resource/lernbereich-29599-2;https://lp-sachsen.org/resource/lehrplan-125-1
Sachsen;Gymnasium;Physik;Gymnasium Physik;Jahrgangsstufe 6 | Jahrgangsstufe 7 | Jahrgangsstufe 8 | Jahrgangsstufe 9 | Jahrgangsstufe 10 | Jahrgangsstufe 11 | Jahrgangsstufe 12;Sekundarbereich I | Sekundarbereich II | G8 Qualifikationsphase | G8 Einführungsphase | G9 Qualifikationsphase | G9 Einführungsphase;;;;lehrplan;themenbereich;http://purl.obolibrary.org/obo/BFO_0000001 | http://purl.obolibrary.org/obo/BFO_0000002 | http://purl.obolibrary.org/obo/BFO_0000031 | http://purl.obolibrary.org/obo/IAO_0000030 | http://www.w3.org/2002/07/owl#NamedIndividual | Curriculares Element | CE-Bereich | Element (SN) | Lernbereich (SN);Klassenstufe 10;Lernbereich 3:  Licht als Strahl und Welle (9 Ustd.);https://lp-sachsen.org/resource/lernbereich-29259-2;https://lp-sachsen.org/resource/lehrplan-125-1
Sachsen;Gymnasium;Physik;Gymnasium Physik;Jahrgangsstufe 6 | Jahrgangsstufe 7 | Jahrgangsstufe 8 | Jahrgangsstufe 9 | Jahrgangsstufe 10 | Jahrgangsstufe 11 | Jahrgangsstufe 12;Sekundarbereich I | Sekundarbereich II | G8 Qualifikationsphase | G8 Einführungsphase | G9 Qualifikationsphase | G9 Einführungsphase;;;;lehrplan;themenbereich;http://purl.obolibrary.org/obo/BFO_0000001 | http://purl.obolibrary.org/obo/BFO_0000002 | http://purl.obolibrary.org/obo/BFO_0000031 | http://purl.obolibrary.org/obo/IAO_0000030 | http://www.w3.org/2002/07/owl#NamedIndividual | Curriculares Element | CE-Bereich | Element (SN) | Lernbereich (SN);Jahrgangsstufe 12 - Leistungskurs;Lernbereich 3: Praktikum Optik und Schwingungen  (8 Ustd.);https://lp-sachsen.org/resource/lernbereich-30442-2;https://lp-sachsen.org/resource/lehrplan-125-1
Sachsen;Gymnasium;Physik;Gymnasium Physik;Jahrgangsstufe 6 | Jahrgangsstufe 7 | Jahrgangsstufe 8 | Jahrgangsstufe 9 | Jahrgangsstufe 10 | Jahrgangsstufe 11 | Jahrgangsstufe 12;Sekundarbereich I | Sekundarbereich II | G8 Qualifikationsphase | G8 Einführungsphase | G9 Qualifikationsphase | G9 Einführungsphase;;;;lehrplan;themenbereich;http://purl.obolibrary.org/obo/BFO_0000001 | http://purl.obolibrary.org/obo/BFO_0000002 | http://purl.obolibrary.org/obo/BFO_0000031 | http://purl.obolibrary.org/obo/IAO_0000030 | http://www.w3.org/2002/07/owl#NamedIndividual | Curriculares Element | CE-Bereich | Element (SN) | Lernbereich (SN);Jahrgangsstufe 12 - Grundkurs;Lernbereich 4: Strahlung aus Atomhülle und Atomkern  (20 Ustd.);https://lp-sachsen.org/resource/lernbereich-29601-2;https://lp-sachsen.org/resource/lehrplan-125-1
Sachsen;Gymnasium;Physik;Gymnasium Physik;Jahrgangsstufe 6 | Jahrgangsstufe 7 | Jahrgangsstufe 8 | Jahrgangsstufe 9 | Jahrgangsstufe 10 | Jahrgangsstufe 11 | Jahrgangsstufe 12;Sekundarbereich I | Sekundarbereich II | G8 Qualifikationsphase | G8 Einführungsphase | G9 Qualifikationsphase | G9 Einführungsphase;;;;lehrplan;kompetenz+inhalt;http://purl.obolibrary.org/obo/BFO_0000001 | http://purl.obolibrary.org/obo/BFO_0000002 | http://purl.obolibrary.org/obo/BFO_0000031 | http://purl.obolibrary.org/obo/IAO_0000030 | http://www.w3.org/2002/07/owl#NamedIndividual | Curriculares Element | CE-Lerninhalt | Element (SN) | Lernziel und Lerninhalt (SN);Kennen wichtiger Methoden der Erkenntnisgewinnung in der Astronomie;Licht als Informationsquelle;https://lp-sachsen.org/resource/lernziel-lerninhalt-29347-2;https://lp-sachsen.org/resource/lehrplan-125-1
Sachsen;Gymnasium;Physik;Gymnasium Physik;Jahrgangsstufe 6 | Jahrgangsstufe 7 | Jahrgangsstufe 8 | Jahrgangsstufe 9 | Jahrgangsstufe 10 | Jahrgangsstufe 11 | Jahrgangsstufe 12;Sekundarbereich I | Sekundarbereich II | G8 Qualifikationsphase | G8 Einführungsphase | G9 Qualifikationsphase | G9 Einführungsphase;;;;lehrplan;kompetenz+inhalt;http://purl.obolibrary.org/obo/BFO_0000001 | http://purl.obolibrary.org/obo/BFO_0000002 | http://purl.obolibrary.org/obo/BFO_0000031 | http://purl.obolibrary.org/obo/IAO_0000030 | http://www.w3.org/2002/07/owl#NamedIndividual | Curriculares Element | CE-Lerninhalt | Element (SN) | Lernziel und Lerninhalt (SN);Übertragen der Kenntnisse über Licht auf das elektromagnetische Spektrum;Licht als elektromagnetischer Sachverhalt;https://lp-sachsen.org/resource/lernziel-lerninhalt-29386-1;https://lp-sachsen.org/resource/lehrplan-125-1
Sachsen;Gymnasium;Physik;Gymnasium Physik;Jahrgangsstufe 6 | Jahrgangsstufe 7 | Jahrgangsstufe 8 | Jahrgangsstufe 9 | Jahrgangsstufe 10 | Jahrgangsstufe 11 | Jahrgangsstufe 12;Sekundarbereich I | Sekundarbereich II | G8 Qualifikationsphase | G8 Einführungsphase | G9 Qualifikationsphase | G9 Einführungsphase;;;;lehrplan;kompetenz+inhalt;http://purl.obolibrary.org/obo/BFO_0000001 | http://purl.obolibrary.org/obo/BFO_0000002 | http://purl.obolibrary.org/obo/BFO_0000031 | http://purl.obolibrary.org/obo/IAO_0000030 | http://www.w3.org/2002/07/owl#NamedIndividual | Curriculares Element | CE-Lerninhalt | Element (SN) | Lernziel und Lerninhalt (SN);Übertragen der Kenntnisse über Welleneigenschaften auf Licht;Licht als transversale Wellenerscheinung, Polarisation;https://lp-sachsen.org/resource/lernziel-lerninhalt-30511-2;https://lp-sachsen.org/resource/lehrplan-125-1
Sachsen;Gymnasium;Physik;Gymnasium Physik;Jahrgangsstufe 6 | Jahrgangsstufe 7 | Jahrgangsstufe 8 | Jahrgangsstufe 9 | Jahrgangsstufe 10 | Jahrgangsstufe 11 | Jahrgangsstufe 12;Sekundarbereich I | Sekundarbereich II | G8 Qualifikationsphase | G8 Einführungsphase | G9 Qualifikationsphase | G9 Einführungsphase;;;;lehrplan;kompetenz+inhalt;http://purl.obolibrary.org/obo/BFO_0000001 | http://purl.obolibrary.org/obo/BFO_0000002 | http://purl.obolibrary.org/obo/BFO_0000031 | http://purl.obolibrary.org/obo/IAO_0000030 | http://www.w3.org/2002/07/owl#NamedIndividual | Curriculares Element | CE-Lerninhalt | Element (SN) | Lernziel und Lerninhalt (SN);Einblick gewinnen in die Grenzen klassischer Betrachtungsweisen für bewegte Ladungsträger;Lichtgeschwindigkeit als Grenzgeschwindigkeit;https://lp-sachsen.org/resource/lernziel-lerninhalt-29579-1;https://lp-sachsen.org/resource/lehrplan-125-1
Sachsen;Gymnasium;Physik;Gymnasium Physik;Jahrgangsstufe 6 | Jahrgangsstufe 7 | Jahrgangsstufe 8 | Jahrgangsstufe 9 | Jahrgangsstufe 10 | Jahrgangsstufe 11 | Jahrgangsstufe 12;Sekundarbereich I | Sekundarbereich II | G8 Qualifikationsphase | G8 Einführungsphase | G9 Qualifikationsphase | G9 Einführungsphase;;;;lehrplan;kompetenz+inhalt;http://purl.obolibrary.org/obo/BFO_0000001 | http://purl.obolibrary.org/obo/BFO_0000002 | http://purl.obolibrary.org/obo/BFO_0000031 | http://purl.obolibrary.org/obo/IAO_0000030 | http://www.w3.org/2002/07/owl#NamedIndividual | Curriculares Element | CE-Lerninhalt | Element (SN) | Lernziel und Lerninhalt (SN);Einteilung der Körper;Lichtquellen und beleuchtete Körper;https://lp-sachsen.org/resource/lernziel-lerninhalt-27162-2;https://lp-sachsen.org/resource/lehrplan-125-1
Sachsen;Gymnasium;Physik;Gymnasium Physik;Jahrgangsstufe 6 | Jahrgangsstufe 7 | Jahrgangsstufe 8 | Jahrgangsstufe 9 | Jahrgangsstufe 10 | Jahrgangsstufe 11 | Jahrgangsstufe 12;Sekundarbereich I | Sekundarbereich II | G8 Qualifikationsphase | G8 Einführungsphase | G9 Qualifikationsphase | G9 Einführungsphase;;;;lehrplan;kompetenz+inhalt;http://purl.obolibrary.org/obo/BFO_0000001 | http://purl.obolibrary.org/obo/BFO_0000002 | http://purl.obolibrary.org/obo/BFO_0000031 | http://purl.obolibrary.org/obo/IAO_0000030 | http://www.w3.org/2002/07/owl#NamedIndividual | Curriculares Element | CE-Lerninhalt | Element (SN) | Lernziel und Lerninhalt (SN);Anwenden der Kenntnisse zur Reflexion und Brechung des Lichts auf die Wirkungsweise von Fernrohren;Lichtsammelvermögen;https://lp-sachsen.org/resource/lernziel-lerninhalt-29400-2;https://lp-sachsen.org/resource/lehrplan-125-1
Sachsen;Gymnasium;Physik;Gymnasium Physik;Jahrgangsstufe 6 | Jahrgangsstufe 7 | Jahrgangsstufe 8 | Jahrgangsstufe 9 | Jahrgangsstufe 10 | Jahrgangsstufe 11 | Jahrgangsstufe 12;Sekundarbereich I | Sekundarbereich II | G8 Qualifikationsphase | G8 Einführungsphase | G9 Qualifikationsphase | G9 Einführungsphase;;;;lehrplan;kompetenz+inhalt;http://purl.obolibrary.org/obo/BFO_0000001 | http://purl.obolibrary.org/obo/BFO_0000002 | http://purl.obolibrary.org/obo/BFO_0000031 | http://purl.obolibrary.org/obo/IAO_0000030 | http://www.w3.org/2002/07/owl#NamedIndividual | Curriculares Element | CE-Lerninhalt | Element (SN) | Lernziel und Lerninhalt (SN);Übertragen der Kenntnisse über Welleneigenschaften auf Licht;Lichtstrahl als Wellennormale;https://lp-sachsen.org/resource/lernziel-lerninhalt-30503-2;https://lp-sachsen.org/resource/lehrplan-125-1
Sachsen;Gymnasium;Physik;Gymnasium Physik;Jahrgangsstufe 6 | Jahrgangsstufe 7 | Jahrgangsstufe 8 | Jahrgangsstufe 9 | Jahrgangsstufe 10 | Jahrgangsstufe 11 | Jahrgangsstufe 12;Sekundarbereich I | Sekundarbereich II | G8 Qualifikationsphase | G8 Einführungsphase | G9 Qualifikationsphase | G9 Einführungsphase;;;;lehrplan;kompetenz+inhalt;http://purl.obolibrary.org/obo/BFO_0000001 | http://purl.obolibrary.org/obo/BFO_0000002 | http://purl.obolibrary.org/obo/BFO_0000031 | http://purl.obolibrary.org/obo/IAO_0000030 | http://www.w3.org/2002/07/owl#NamedIndividual | Curriculares Element | CE-Lerninhalt | Element (SN) | Lernziel und Lerninhalt (SN);Lichtstrahl als Wellennormale;"Nachweis des Reflexions- und Brechungsgesetzes für Licht
n = c0c ; sin αsin β = n2n1";https://lp-sachsen.org/resource/lernziel-lerninhalt-30504-2;https://lp-sachsen.org/resource/lehrplan-125-1
Sachsen;Gymnasium;Physik;Gymnasium Physik;Jahrgangsstufe 6 | Jahrgangsstufe 7 | Jahrgangsstufe 8 | Jahrgangsstufe 9 | Jahrgangsstufe 10 | Jahrgangsstufe 11 | Jahrgangsstufe 12;Sekundarbereich I | Sekundarbereich II | G8 Qualifikationsphase | G8 Einführungsphase | G9 Qualifikationsphase | G9 Einführungsphase;;;;lehrplan;kompetenz+inhalt;http://purl.obolibrary.org/obo/BFO_0000001 | http://purl.obolibrary.org/obo/BFO_0000002 | http://purl.obolibrary.org/obo/BFO_0000031 | http://purl.obolibrary.org/obo/IAO_0000030 | http://www.w3.org/2002/07/owl#NamedIndividual | Curriculares Element | CE-Lerninhalt | Element (SN) | Lernziel und Lerninhalt (SN);Beurteilen der Radioaktivität als Erscheinung der Natur;Nachweis und Eigenschaften, Strahlungsarten α, β, γ;https://lp-sachsen.org/resource/lernziel-lerninhalt-30817-1;https://lp-sachsen.org/resource/lehrplan-125-1
Sachsen;Gymnasium;Physik;Gymnasium Physik;Jahrgangsstufe 6 | Jahrgangsstufe 7 | Jahrgangsstufe 8 | Jahrgangsstufe 9 | Jahrgangsstufe 10 | Jahrgangsstufe 11 | Jahrgangsstufe 12;Sekundarbereich I | Sekundarbereich II | G8 Qualifikationsphase | G8 Einführungsphase | G9 Qualifikationsphase | G9 Einführungsphase;;;;lehrplan;kompetenz+inhalt;http://purl.obolibrary.org/obo/BFO_0000001 | http://purl.obolibrary.org/obo/BFO_0000002 | http://purl.obolibrary.org/obo/BFO_0000031 | http://purl.obolibrary.org/obo/IAO_0000030 | http://www.w3.org/2002/07/owl#NamedIndividual | Curriculares Element | CE-Lerninhalt | Element (SN) | Lernziel und Lerninhalt (SN);Anwenden der Kenntnisse auf die Reflexion des Lichts;Reflexion am ebenen Spiegel;https://lp-sachsen.org/resource/lernziel-lerninhalt-27596-2;https://lp-sachsen.org/resource/lehrplan-125-1
Sachsen;Gymnasium;Physik;Gymnasium Physik;Jahrgangsstufe 6 | Jahrgangsstufe 7 | Jahrgangsstufe 8 | Jahrgangsstufe 9 | Jahrgangsstufe 10 | Jahrgangsstufe 11 | Jahrgangsstufe 12;Sekundarbereich I | Sekundarbereich II | G8 Qualifikationsphase | G8 Einführungsphase | G9 Qualifikationsphase | G9 Einführungsphase;;;;lehrplan;kompetenz+inhalt;http://purl.obolibrary.org/obo/BFO_0000001 | http://purl.obolibrary.org/obo/BFO_0000002 | http://purl.obolibrary.org/obo/BFO_0000031 | http://purl.obolibrary.org/obo/IAO_0000030 | http://www.w3.org/2002/07/owl#NamedIndividual | Curriculares Element | CE-Lerninhalt | Element (SN) | Lernziel und Lerninhalt (SN);Anwenden der Kenntnisse auf die Reflexion des Lichts;Reflexion an gekrümmten Spiegeln;https://lp-sachsen.org/resource/lernziel-lerninhalt-27604-2;https://lp-sachsen.org/resource/lehrplan-125-1
Sachsen;Gymnasium;Physik;Gymnasium Physik;Jahrgangsstufe 6 | Jahrgangsstufe 7 | Jahrgangsstufe 8 | Jahrgangsstufe 9 | Jahrgangsstufe 10 | Jahrgangsstufe 11 | Jahrgangsstufe 12;Sekundarbereich I | Sekundarbereich II | G8 Qualifikationsphase | G8 Einführungsphase | G9 Qualifikationsphase | G9 Einführungsphase;;;;lehrplan;kompetenz+inhalt;http://purl.obolibrary.org/obo/BFO_0000001 | http://purl.obolibrary.org/obo/BFO_0000002 | http://purl.obolibrary.org/obo/BFO_0000031 | http://purl.obolibrary.org/obo/IAO_0000030 | http://www.w3.org/2002/07/owl#NamedIndividual | Curriculares Element | CE-Lerninhalt | Element (SN) | Lernziel und Lerninhalt (SN);Kennen des Huygens’schen Prinzips;Reflexion, Brechung und Beugung;https://lp-sachsen.org/resource/lernziel-lerninhalt-29614-1;https://lp-sachsen.org/resource/lehrplan-125-1
Sachsen;Gymnasium;Physik;Gymnasium Physik;Jahrgangsstufe 6 | Jahrgangsstufe 7 | Jahrgangsstufe 8 | Jahrgangsstufe 9 | Jahrgangsstufe 10 | Jahrgangsstufe 11 | Jahrgangsstufe 12;Sekundarbereich I | Sekundarbereich II | G8 Qualifikationsphase | G8 Einführungsphase | G9 Qualifikationsphase | G9 Einführungsphase;;;;lehrplan;kompetenz+inhalt;http://purl.obolibrary.org/obo/BFO_0000001 | http://purl.obolibrary.org/obo/BFO_0000002 | http://purl.obolibrary.org/obo/BFO_0000031 | http://purl.obolibrary.org/obo/IAO_0000030 | http://www.w3.org/2002/07/owl#NamedIndividual | Curriculares Element | CE-Lerninhalt | Element (SN) | Lernziel und Lerninhalt (SN);Kennen des Huygens’schen Prinzips;"Reflexions- und Brechungsgesetz
n = c0c ; sin αsin β = n2n1";https://lp-sachsen.org/resource/lernziel-lerninhalt-29615-1;https://lp-sachsen.org/resource/lehrplan-125-1
Sachsen;Gymnasium;Physik;Gymnasium Physik;Jahrgangsstufe 6 | Jahrgangsstufe 7 | Jahrgangsstufe 8 | Jahrgangsstufe 9 | Jahrgangsstufe 10 | Jahrgangsstufe 11 | Jahrgangsstufe 12;Sekundarbereich I | Sekundarbereich II | G8 Qualifikationsphase | G8 Einführungsphase | G9 Qualifikationsphase | G9 Einführungsphase;;;;lehrplan;kompetenz+inhalt;http://purl.obolibrary.org/obo/BFO_0000001 | http://purl.obolibrary.org/obo/BFO_0000002 | http://purl.obolibrary.org/obo/BFO_0000031 | http://purl.obolibrary.org/obo/IAO_0000030 | http://www.w3.org/2002/07/owl#NamedIndividual | Curriculares Element | CE-Lerninhalt | Element (SN) | Lernziel und Lerninhalt (SN);Übertragen der Kenntnisse über die Bildentstehung an Sammellinsen auf einfache optische Geräte;SE: Bilder an Sammellinsen;https://lp-sachsen.org/resource/lernziel-lerninhalt-27616-2;https://lp-sachsen.org/resource/lehrplan-125-1
Sachsen;Gymnasium;Physik;Gymnasium Physik;Jahrgangsstufe 6 | Jahrgangsstufe 7 | Jahrgangsstufe 8 | Jahrgangsstufe 9 | Jahrgangsstufe 10 | Jahrgangsstufe 11 | Jahrgangsstufe 12;Sekundarbereich I | Sekundarbereich II | G8 Qualifikationsphase | G8 Einführungsphase | G9 Qualifikationsphase | G9 Einführungsphase;;;;lehrplan;kompetenz+inhalt;http://purl.obolibrary.org/obo/BFO_0000001 | http://purl.obolibrary.org/obo/BFO_0000002 | http://purl.obolibrary.org/obo/BFO_0000031 | http://purl.obolibrary.org/obo/IAO_0000030 | http://www.w3.org/2002/07/owl#NamedIndividual | Curriculares Element | CE-Lerninhalt | Element (SN) | Lernziel und Lerninhalt (SN);Anwenden der Kenntnisse auf die Brechung des Lichts;SE: Brechungsgesetz qualitativ;https://lp-sachsen.org/resource/lernziel-lerninhalt-27606-2;https://lp-sachsen.org/resource/lehrplan-125-1
Sachsen;Gymnasium;Physik;Gymnasium Physik;Jahrgangsstufe 6 | Jahrgangsstufe 7 | Jahrgangsstufe 8 | Jahrgangsstufe 9 | Jahrgangsstufe 10 | Jahrgangsstufe 11 | Jahrgangsstufe 12;Sekundarbereich I | Sekundarbereich II | G8 Qualifikationsphase | G8 Einführungsphase | G9 Qualifikationsphase | G9 Einführungsphase;;;;lehrplan;kompetenz+inhalt;http://purl.obolibrary.org/obo/BFO_0000001 | http://purl.obolibrary.org/obo/BFO_0000002 | http://purl.obolibrary.org/obo/BFO_0000031 | http://purl.obolibrary.org/obo/IAO_0000030 | http://www.w3.org/2002/07/owl#NamedIndividual | Curriculares Element | CE-Lerninhalt | Element (SN) | Lernziel und Lerninhalt (SN);Anwenden der Kenntnisse auf die Reflexion des Lichts;SE: Reflexionsgesetz α = α';https://lp-sachsen.org/resource/lernziel-lerninhalt-27600-2;https://lp-sachsen.org/resource/lehrplan-125-1
Sachsen;Gymnasium;Physik;Gymnasium Physik;Jahrgangsstufe 6 | Jahrgangsstufe 7 | Jahrgangsstufe 8 | Jahrgangsstufe 9 | Jahrgangsstufe 10 | Jahrgangsstufe 11 | Jahrgangsstufe 12;Sekundarbereich I | Sekundarbereich II | G8 Qualifikationsphase | G8 Einführungsphase | G9 Qualifikationsphase | G9 Einführungsphase;;;;lehrplan;kompetenz+inhalt;http://purl.obolibrary.org/obo/BFO_0000001 | http://purl.obolibrary.org/obo/BFO_0000002 | http://purl.obolibrary.org/obo/BFO_0000031 | http://purl.obolibrary.org/obo/IAO_0000030 | http://www.w3.org/2002/07/owl#NamedIndividual | Curriculares Element | CE-Lerninhalt | Element (SN) | Lernziel und Lerninhalt (SN);Kennen von Phänomenen der Lichtausbreitung;SE: Schattenbildung;https://lp-sachsen.org/resource/lernziel-lerninhalt-27591-2;https://lp-sachsen.org/resource/lehrplan-125-1
Sachsen;Gymnasium;Physik;Gymnasium Physik;Jahrgangsstufe 6 | Jahrgangsstufe 7 | Jahrgangsstufe 8 | Jahrgangsstufe 9 | Jahrgangsstufe 10 | Jahrgangsstufe 11 | Jahrgangsstufe 12;Sekundarbereich I | Sekundarbereich II | G8 Qualifikationsphase | G8 Einführungsphase | G9 Qualifikationsphase | G9 Einführungsphase;;;;lehrplan;kompetenz+inhalt;http://purl.obolibrary.org/obo/BFO_0000001 | http://purl.obolibrary.org/obo/BFO_0000002 | http://purl.obolibrary.org/obo/BFO_0000031 | http://purl.obolibrary.org/obo/IAO_0000030 | http://www.w3.org/2002/07/owl#NamedIndividual | Curriculares Element | CE-Lerninhalt | Element (SN) | Lernziel und Lerninhalt (SN);Auswertung der Strahlung von Gestirnen;Spektralanalyse, Photosphärentemperatur, Strahlungsleistung;https://lp-sachsen.org/resource/lernziel-lerninhalt-29351-2;https://lp-sachsen.org/resource/lehrplan-125-1
Sachsen;Gymnasium;Physik;Gymnasium Physik;Jahrgangsstufe 6 | Jahrgangsstufe 7 | Jahrgangsstufe 8 | Jahrgangsstufe 9 | Jahrgangsstufe 10 | Jahrgangsstufe 11 | Jahrgangsstufe 12;Sekundarbereich I | Sekundarbereich II | G8 Qualifikationsphase | G8 Einführungsphase | G9 Qualifikationsphase | G9 Einführungsphase;;;;lehrplan;kompetenz+inhalt;http://purl.obolibrary.org/obo/BFO_0000001 | http://purl.obolibrary.org/obo/BFO_0000002 | http://purl.obolibrary.org/obo/BFO_0000031 | http://purl.obolibrary.org/obo/IAO_0000030 | http://www.w3.org/2002/07/owl#NamedIndividual | Curriculares Element | CE-Lerninhalt | Element (SN) | Lernziel und Lerninhalt (SN);Anwenden der Kenntnisse auf die Brechung des Lichts;Strahlengang am Prisma;https://lp-sachsen.org/resource/lernziel-lerninhalt-27607-2;https://lp-sachsen.org/resource/lehrplan-125-1
Sachsen;Gymnasium;Physik;Gymnasium Physik;Jahrgangsstufe 6 | Jahrgangsstufe 7 | Jahrgangsstufe 8 | Jahrgangsstufe 9 | Jahrgangsstufe 10 | Jahrgangsstufe 11 | Jahrgangsstufe 12;Sekundarbereich I | Sekundarbereich II | G8 Qualifikationsphase | G8 Einführungsphase | G9 Qualifikationsphase | G9 Einführungsphase;;;;lehrplan;kompetenz+inhalt;http://purl.obolibrary.org/obo/BFO_0000001 | http://purl.obolibrary.org/obo/BFO_0000002 | http://purl.obolibrary.org/obo/BFO_0000031 | http://purl.obolibrary.org/obo/IAO_0000030 | http://www.w3.org/2002/07/owl#NamedIndividual | Curriculares Element | CE-Lerninhalt | Element (SN) | Lernziel und Lerninhalt (SN);Übertragen der Kenntnisse über die Bildentstehung an Sammellinsen auf einfache optische Geräte;Strahlengang an Sammellinsen;https://lp-sachsen.org/resource/lernziel-lerninhalt-27612-2;https://lp-sachsen.org/resource/lehrplan-125-1
Sachsen;Gymnasium;Physik;Gymnasium Physik;Jahrgangsstufe 6 | Jahrgangsstufe 7 | Jahrgangsstufe 8 | Jahrgangsstufe 9 | Jahrgangsstufe 10 | Jahrgangsstufe 11 | Jahrgangsstufe 12;Sekundarbereich I | Sekundarbereich II | G8 Qualifikationsphase | G8 Einführungsphase | G9 Qualifikationsphase | G9 Einführungsphase;;;;lehrplan;kompetenz+inhalt;http://purl.obolibrary.org/obo/BFO_0000001 | http://purl.obolibrary.org/obo/BFO_0000002 | http://purl.obolibrary.org/obo/BFO_0000031 | http://purl.obolibrary.org/obo/IAO_0000030 | http://www.w3.org/2002/07/owl#NamedIndividual | Curriculares Element | CE-Lerninhalt | Element (SN) | Lernziel und Lerninhalt (SN);Wechselwirkung von Strahlung und Materie;"Strahlenschutz, Äquivalentdosis
Dq = Em·q";https://lp-sachsen.org/resource/lernziel-lerninhalt-30842-1;https://lp-sachsen.org/resource/lehrplan-125-1
Sachsen;Gymnasium;Physik;Gymnasium Physik;Jahrgangsstufe 6 | Jahrgangsstufe 7 | Jahrgangsstufe 8 | Jahrgangsstufe 9 | Jahrgangsstufe 10 | Jahrgangsstufe 11 | Jahrgangsstufe 12;Sekundarbereich I | Sekundarbereich II | G8 Qualifikationsphase | G8 Einführungsphase | G9 Qualifikationsphase | G9 Einführungsphase;;;;lehrplan;kompetenz+inhalt;http://purl.obolibrary.org/obo/BFO_0000001 | http://purl.obolibrary.org/obo/BFO_0000002 | http://purl.obolibrary.org/obo/BFO_0000031 | http://purl.obolibrary.org/obo/IAO_0000030 | http://www.w3.org/2002/07/owl#NamedIndividual | Curriculares Element | CE-Lerninhalt | Element (SN) | Lernziel und Lerninhalt (SN);Sonne;Strahlungsleistung;https://lp-sachsen.org/resource/lernziel-lerninhalt-29325-2;https://lp-sachsen.org/resource/lehrplan-125-1
Sachsen;Gymnasium;Physik;Gymnasium Physik;Jahrgangsstufe 6 | Jahrgangsstufe 7 | Jahrgangsstufe 8 | Jahrgangsstufe 9 | Jahrgangsstufe 10 | Jahrgangsstufe 11 | Jahrgangsstufe 12;Sekundarbereich I | Sekundarbereich II | G8 Qualifikationsphase | G8 Einführungsphase | G9 Qualifikationsphase | G9 Einführungsphase;;;;lehrplan;kompetenz+inhalt;http://purl.obolibrary.org/obo/BFO_0000001 | http://purl.obolibrary.org/obo/BFO_0000002 | http://purl.obolibrary.org/obo/BFO_0000031 | http://purl.obolibrary.org/obo/IAO_0000030 | http://www.w3.org/2002/07/owl#NamedIndividual | Curriculares Element | CE-Lerninhalt | Element (SN) | Lernziel und Lerninhalt (SN);Ausbreitungseigenschaften des Lichts;Umkehrung des Lichtwegs;https://lp-sachsen.org/resource/lernziel-lerninhalt-27590-2;https://lp-sachsen.org/resource/lehrplan-125-1
Sachsen;Gymnasium;Physik;Gymnasium Physik;Jahrgangsstufe 6 | Jahrgangsstufe 7 | Jahrgangsstufe 8 | Jahrgangsstufe 9 | Jahrgangsstufe 10 | Jahrgangsstufe 11 | Jahrgangsstufe 12;Sekundarbereich I | Sekundarbereich II | G8 Qualifikationsphase | G8 Einführungsphase | G9 Qualifikationsphase | G9 Einführungsphase;;;;lehrplan;kompetenz+inhalt;http://purl.obolibrary.org/obo/BFO_0000001 | http://purl.obolibrary.org/obo/BFO_0000002 | http://purl.obolibrary.org/obo/BFO_0000031 | http://purl.obolibrary.org/obo/IAO_0000030 | http://www.w3.org/2002/07/owl#NamedIndividual | Curriculares Element | CE-Lerninhalt | Element (SN) | Lernziel und Lerninhalt (SN);Beherrschen des Umgangs mit Größen und Gesetzen der Kinematik;Unterscheidung von Durchschnitts- und Augenblicksgeschwindigkeit;https://lp-sachsen.org/resource/lernziel-lerninhalt-28625-2;https://lp-sachsen.org/resource/lehrplan-125-1
Sachsen;Gymnasium;Physik;Gymnasium Physik;Jahrgangsstufe 6 | Jahrgangsstufe 7 | Jahrgangsstufe 8 | Jahrgangsstufe 9 | Jahrgangsstufe 10 | Jahrgangsstufe 11 | Jahrgangsstufe 12;Sekundarbereich I | Sekundarbereich II | G8 Qualifikationsphase | G8 Einführungsphase | G9 Qualifikationsphase | G9 Einführungsphase;;;;lehrplan;kompetenz+inhalt;http://purl.obolibrary.org/obo/BFO_0000001 | http://purl.obolibrary.org/obo/BFO_0000002 | http://purl.obolibrary.org/obo/BFO_0000031 | http://purl.obolibrary.org/obo/IAO_0000030 | http://www.w3.org/2002/07/owl#NamedIndividual | Curriculares Element | CE-Lerninhalt | Element (SN) | Lernziel und Lerninhalt (SN);Anwendung der Kenntnisse auf komplexe experimentelle Untersuchungen;Untersuchungen zum Reflexions- und Brechungsgesetz;https://lp-sachsen.org/resource/lernziel-lerninhalt-29636-1;https://lp-sachsen.org/resource/lehrplan-125-1
Sachsen;Gymnasium;Physik;Gymnasium Physik;Jahrgangsstufe 6 | Jahrgangsstufe 7 | Jahrgangsstufe 8 | Jahrgangsstufe 9 | Jahrgangsstufe 10 | Jahrgangsstufe 11 | Jahrgangsstufe 12;Sekundarbereich I | Sekundarbereich II | G8 Qualifikationsphase | G8 Einführungsphase | G9 Qualifikationsphase | G9 Einführungsphase;;;;lehrplan;kompetenz+inhalt;http://purl.obolibrary.org/obo/BFO_0000001 | http://purl.obolibrary.org/obo/BFO_0000002 | http://purl.obolibrary.org/obo/BFO_0000031 | http://purl.obolibrary.org/obo/IAO_0000030 | http://www.w3.org/2002/07/owl#NamedIndividual | Curriculares Element | CE-Lerninhalt | Element (SN) | Lernziel und Lerninhalt (SN);Übertragen der Kenntnisse über Licht auf das elektromagnetische Spektrum;Vergleich der Eigenschaften von Licht und Hertz’schen Wellen;https://lp-sachsen.org/resource/lernziel-lerninhalt-29384-1;https://lp-sachsen.org/resource/lehrplan-125-1
Sachsen;Gymnasium;Physik;Gymnasium Physik;Jahrgangsstufe 6 | Jahrgangsstufe 7 | Jahrgangsstufe 8 | Jahrgangsstufe 9 | Jahrgangsstufe 10 | Jahrgangsstufe 11 | Jahrgangsstufe 12;Sekundarbereich I | Sekundarbereich II | G8 Qualifikationsphase | G8 Einführungsphase | G9 Qualifikationsphase | G9 Einführungsphase;;;;lehrplan;kompetenz+inhalt;http://purl.obolibrary.org/obo/BFO_0000001 | http://purl.obolibrary.org/obo/BFO_0000002 | http://purl.obolibrary.org/obo/BFO_0000031 | http://purl.obolibrary.org/obo/IAO_0000030 | http://www.w3.org/2002/07/owl#NamedIndividual | Curriculares Element | CE-Lerninhalt | Element (SN) | Lernziel und Lerninhalt (SN);Anwenden der Kenntnisse zur Optik auf Fotoapparat und Auge;Vergleich von Auge und Fotoapparat;https://lp-sachsen.org/resource/lernziel-lerninhalt-27794-2;https://lp-sachsen.org/resource/lehrplan-125-1
Sachsen;Gymnasium;Physik;Gymnasium Physik;Jahrgangsstufe 6 | Jahrgangsstufe 7 | Jahrgangsstufe 8 | Jahrgangsstufe 9 | Jahrgangsstufe 10 | Jahrgangsstufe 11 | Jahrgangsstufe 12;Sekundarbereich I | Sekundarbereich II | G8 Qualifikationsphase | G8 Einführungsphase | G9 Qualifikationsphase | G9 Einführungsphase;;;;lehrplan;themenbereich;http://purl.obolibrary.org/obo/BFO_0000001 | http://purl.obolibrary.org/obo/BFO_0000002 | http://purl.obolibrary.org/obo/BFO_0000031 | http://purl.obolibrary.org/obo/IAO_0000030 | http://www.w3.org/2002/07/owl#NamedIndividual | Curriculares Element | CE-Bereich | Element (SN) | Wahlbereich (SN);Klassenstufe 6;Wahlbereich 1:  Sehen und Fotografieren;https://lp-sachsen.org/resource/wahlbereich-27572-2;https://lp-sachsen.org/resource/lehrplan-125-1
Sachsen;Gymnasium;Physik;Gymnasium Physik;Jahrgangsstufe 6 | Jahrgangsstufe 7 | Jahrgangsstufe 8 | Jahrgangsstufe 9 | Jahrgangsstufe 10 | Jahrgangsstufe 11 | Jahrgangsstufe 12;Sekundarbereich I | Sekundarbereich II | G8 Qualifikationsphase | G8 Einführungsphase | G9 Qualifikationsphase | G9 Einführungsphase;;;;lehrplan;themenbereich;http://purl.obolibrary.org/obo/BFO_0000001 | http://purl.obolibrary.org/obo/BFO_0000002 | http://purl.obolibrary.org/obo/BFO_0000031 | http://purl.obolibrary.org/obo/IAO_0000030 | http://www.w3.org/2002/07/owl#NamedIndividual | Curriculares Element | CE-Bereich | Element (SN) | Wahlbereich (SN);Klassenstufe 10;Wahlbereich 1: Fernrohre;https://lp-sachsen.org/resource/wahlbereich-29264-2;https://lp-sachsen.org/resource/lehrplan-125-1
Sachsen;Gymnasium;Physik;Gymnasium Physik;Jahrgangsstufe 6 | Jahrgangsstufe 7 | Jahrgangsstufe 8 | Jahrgangsstufe 9 | Jahrgangsstufe 10 | Jahrgangsstufe 11 | Jahrgangsstufe 12;Sekundarbereich I | Sekundarbereich II | G8 Qualifikationsphase | G8 Einführungsphase | G9 Qualifikationsphase | G9 Einführungsphase;;;;lehrplan;themenbereich;http://purl.obolibrary.org/obo/BFO_0000001 | http://purl.obolibrary.org/obo/BFO_0000002 | http://purl.obolibrary.org/obo/BFO_0000031 | http://purl.obolibrary.org/obo/IAO_0000030 | http://www.w3.org/2002/07/owl#NamedIndividual | Curriculares Element | CE-Bereich | Element (SN) | Wahlbereich (SN);Klassenstufe 6;Wahlbereich 3: Farben;https://lp-sachsen.org/resource/wahlbereich-27575-2;https://lp-sachsen.org/resource/lehrplan-125-1
Sachsen;Gymnasium;Physik;Gymnasium Physik;Jahrgangsstufe 6 | Jahrgangsstufe 7 | Jahrgangsstufe 8 | Jahrgangsstufe 9 | Jahrgangsstufe 10 | Jahrgangsstufe 11 | Jahrgangsstufe 12;Sekundarbereich I | Sekundarbereich II | G8 Qualifikationsphase | G8 Einführungsphase | G9 Qualifikationsphase | G9 Einführungsphase;;;;lehrplan;kompetenz+inhalt;http://purl.obolibrary.org/obo/BFO_0000001 | http://purl.obolibrary.org/obo/BFO_0000002 | http://purl.obolibrary.org/obo/BFO_0000031 | http://purl.obolibrary.org/obo/IAO_0000030 | http://www.w3.org/2002/07/owl#NamedIndividual | Curriculares Element | CE-Lerninhalt | Element (SN) | Lernziel und Lerninhalt (SN);Einblick gewinnen in die Entstehung der Farben;Wahrnehmung der Körperfarbe bei Bestrahlung mit farbigem Licht;https://lp-sachsen.org/resource/lernziel-lerninhalt-27813-2;https://lp-sachsen.org/resource/lehrplan-125-1
Sachsen;Gymnasium;Physik;Gymnasium Physik;Jahrgangsstufe 6 | Jahrgangsstufe 7 | Jahrgangsstufe 8 | Jahrgangsstufe 9 | Jahrgangsstufe 10 | Jahrgangsstufe 11 | Jahrgangsstufe 12;Sekundarbereich I | Sekundarbereich II | G8 Qualifikationsphase | G8 Einführungsphase | G9 Qualifikationsphase | G9 Einführungsphase;;;;lehrplan;kompetenz+inhalt;http://purl.obolibrary.org/obo/BFO_0000001 | http://purl.obolibrary.org/obo/BFO_0000002 | http://purl.obolibrary.org/obo/BFO_0000031 | http://purl.obolibrary.org/obo/IAO_0000030 | http://www.w3.org/2002/07/owl#NamedIndividual | Curriculares Element | CE-Lerninhalt | Element (SN) | Lernziel und Lerninhalt (SN);Anwenden der Kenntnisse bei der Nutzung radioaktiver Strahlung;Wechselwirkung von Strahlung und Materie;https://lp-sachsen.org/resource/lernziel-lerninhalt-30839-1;https://lp-sachsen.org/resource/lehrplan-125-1
Sachsen;Gymnasium;Physik;Gymnasium Physik;Jahrgangsstufe 6 | Jahrgangsstufe 7 | Jahrgangsstufe 8 | Jahrgangsstufe 9 | Jahrgangsstufe 10 | Jahrgangsstufe 11 | Jahrgangsstufe 12;Sekundarbereich I | Sekundarbereich II | G8 Qualifikationsphase | G8 Einführungsphase | G9 Qualifikationsphase | G9 Einführungsphase;;;;lehrplan;kompetenz+inhalt;http://purl.obolibrary.org/obo/BFO_0000001 | http://purl.obolibrary.org/obo/BFO_0000002 | http://purl.obolibrary.org/obo/BFO_0000031 | http://purl.obolibrary.org/obo/IAO_0000030 | http://www.w3.org/2002/07/owl#NamedIndividual | Curriculares Element | CE-Lerninhalt | Element (SN) | Lernziel und Lerninhalt (SN);Einblick gewinnen in die Entstehung der Farben;Zerlegung weißen Lichts durch Brechung;https://lp-sachsen.org/resource/lernziel-lerninhalt-27810-2;https://lp-sachsen.org/resource/lehrplan-125-1
Sachsen;Gymnasium;Physik;Gymnasium Physik;Jahrgangsstufe 6 | Jahrgangsstufe 7 | Jahrgangsstufe 8 | Jahrgangsstufe 9 | Jahrgangsstufe 10 | Jahrgangsstufe 11 | Jahrgangsstufe 12;Sekundarbereich I | Sekundarbereich II | G8 Qualifikationsphase | G8 Einführungsphase | G9 Qualifikationsphase | G9 Einführungsphase;;;;lehrplan;kompetenz+inhalt;http://purl.obolibrary.org/obo/BFO_0000001 | http://purl.obolibrary.org/obo/BFO_0000002 | http://purl.obolibrary.org/obo/BFO_0000031 | http://purl.obolibrary.org/obo/IAO_0000030 | http://www.w3.org/2002/07/owl#NamedIndividual | Curriculares Element | CE-Lerninhalt | Element (SN) | Lernziel und Lerninhalt (SN);Übertragen der Kenntnisse mechanischer Wellen auf Licht;"gleichförmige Ausbreitung des Lichts
c = λ·f";https://lp-sachsen.org/resource/lernziel-lerninhalt-29365-2;https://lp-sachsen.org/resource/lehrplan-125-1
Sachsen;Gymnasium;Physik;Gymnasium Physik;Jahrgangsstufe 6 | Jahrgangsstufe 7 | Jahrgangsstufe 8 | Jahrgangsstufe 9 | Jahrgangsstufe 10 | Jahrgangsstufe 11 | Jahrgangsstufe 12;Sekundarbereich I | Sekundarbereich II | G8 Qualifikationsphase | G8 Einführungsphase | G9 Qualifikationsphase | G9 Einführungsphase;;;;lehrplan;kompetenz+inhalt;http://purl.obolibrary.org/obo/BFO_0000001 | http://purl.obolibrary.org/obo/BFO_0000002 | http://purl.obolibrary.org/obo/BFO_0000031 | http://purl.obolibrary.org/obo/IAO_0000030 | http://www.w3.org/2002/07/owl#NamedIndividual | Curriculares Element | CE-Lerninhalt | Element (SN) | Lernziel und Lerninhalt (SN);Einteilung der Körper;lichtdurchlässige und lichtundurchlässige Körper;https://lp-sachsen.org/resource/lernziel-lerninhalt-27584-2;https://lp-sachsen.org/resource/lehrplan-125-1
Sachsen;Gymnasium;Physik;Gymnasium Physik;Jahrgangsstufe 6 | Jahrgangsstufe 7 | Jahrgangsstufe 8 | Jahrgangsstufe 9 | Jahrgangsstufe 10 | Jahrgangsstufe 11 | Jahrgangsstufe 12;Sekundarbereich I | Sekundarbereich II | G8 Qualifikationsphase | G8 Einführungsphase | G9 Qualifikationsphase | G9 Einführungsphase;;;;lehrplan;kompetenz+inhalt;http://purl.obolibrary.org/obo/BFO_0000001 | http://purl.obolibrary.org/obo/BFO_0000002 | http://purl.obolibrary.org/obo/BFO_0000031 | http://purl.obolibrary.org/obo/IAO_0000030 | http://www.w3.org/2002/07/owl#NamedIndividual | Curriculares Element | CE-Lerninhalt | Element (SN) | Lernziel und Lerninhalt (SN);Kennen experimenteller Befunde zum Energieaustausch mit Atomen;quantenhafte Absorption und Emission von Licht;https://lp-sachsen.org/resource/lernziel-lerninhalt-29662-2;https://lp-sachsen.org/resource/lehrplan-125-1
Sachsen;Gymnasium;Physik;Gymnasium Physik;Jahrgangsstufe 6 | Jahrgangsstufe 7 | Jahrgangsstufe 8 | Jahrgangsstufe 9 | Jahrgangsstufe 10 | Jahrgangsstufe 11 | Jahrgangsstufe 12;Sekundarbereich I | Sekundarbereich II | G8 Qualifikationsphase | G8 Einführungsphase | G9 Qualifikationsphase | G9 Einführungsphase;;;;lehrplan;kompetenz+inhalt;http://purl.obolibrary.org/obo/BFO_0000001 | http://purl.obolibrary.org/obo/BFO_0000002 | http://purl.obolibrary.org/obo/BFO_0000031 | http://purl.obolibrary.org/obo/IAO_0000030 | http://www.w3.org/2002/07/owl#NamedIndividual | Curriculares Element | CE-Lerninhalt | Element (SN) | Lernziel und Lerninhalt (SN);Kennen experimenteller Befunde zum Energieaustausch mit Atomen;quantenhafte Emission von Licht;https://lp-sachsen.org/resource/lernziel-lerninhalt-30542-1;https://lp-sachsen.org/resource/lehrplan-125-1
Sachsen;Gymnasium;Physik;Gymnasium Physik;Jahrgangsstufe 6 | Jahrgangsstufe 7 | Jahrgangsstufe 8 | Jahrgangsstufe 9 | Jahrgangsstufe 10 | Jahrgangsstufe 11 | Jahrgangsstufe 12;Sekundarbereich I | Sekundarbereich II | G8 Qualifikationsphase | G8 Einführungsphase | G9 Qualifikationsphase | G9 Einführungsphase;;;;lehrplan;kompetenz+inhalt;http://purl.obolibrary.org/obo/BFO_0000001 | http://purl.obolibrary.org/obo/BFO_0000002 | http://purl.obolibrary.org/obo/BFO_0000031 | http://purl.obolibrary.org/obo/IAO_0000030 | http://www.w3.org/2002/07/owl#NamedIndividual | Curriculares Element | CE-Lerninhalt | Element (SN) | Lernziel und Lerninhalt (SN);Inhalte;Übertragen der Kenntnisse über die Bildentstehung an Sammellinsen auf einfache optische Geräte;https://lp-sachsen.org/resource/lernziel-lerninhalt-27610-2;https://lp-sachsen.org/resource/lehrplan-125-1
Sachsen;Gymnasium;Physik;Gymnasium Physik;Jahrgangsstufe 6 | Jahrgangsstufe 7 | Jahrgangsstufe 8 | Jahrgangsstufe 9 | Jahrgangsstufe 10 | Jahrgangsstufe 11 | Jahrgangsstufe 12;Sekundarbereich I | Sekundarbereich II | G8 Qualifikationsphase | G8 Einführungsphase | G9 Qualifikationsphase | G9 Einführungsphase;;;;lehrplan;kompetenz+inhalt;http://purl.obolibrary.org/obo/BFO_0000001 | http://purl.obolibrary.org/obo/BFO_0000002 | http://purl.obolibrary.org/obo/BFO_0000031 | http://purl.obolibrary.org/obo/IAO_0000030 | http://www.w3.org/2002/07/owl#NamedIndividual | Curriculares Element | CE-Lerninhalt | Element (SN) | Lernziel und Lerninhalt (SN);Inhalte;Übertragen der Kenntnisse über Licht auf das elektromagnetische Spektrum;https://lp-sachsen.org/resource/lernziel-lerninhalt-29383-1;https://lp-sachsen.org/resource/lehrplan-125-1
Sachsen;Gymnasium;Physik;Gymnasium Physik;Jahrgangsstufe 6 | Jahrgangsstufe 7 | Jahrgangsstufe 8 | Jahrgangsstufe 9 | Jahrgangsstufe 10 | Jahrgangsstufe 11 | Jahrgangsstufe 12;Sekundarbereich I | Sekundarbereich II | G8 Qualifikationsphase | G8 Einführungsphase | G9 Qualifikationsphase | G9 Einführungsphase;;;;lehrplan;kompetenz+inhalt;http://purl.obolibrary.org/obo/BFO_0000001 | http://purl.obolibrary.org/obo/BFO_0000002 | http://purl.obolibrary.org/obo/BFO_0000031 | http://purl.obolibrary.org/obo/IAO_0000030 | http://www.w3.org/2002/07/owl#NamedIndividual | Curriculares Element | CE-Lerninhalt | Element (SN) | Lernziel und Lerninhalt (SN);Inhalte;Übertragen der Kenntnisse mechanischer Wellen auf Licht;https://lp-sachsen.org/resource/lernziel-lerninhalt-29364-2;https://lp-sachsen.org/resource/lehrplan-125-1
Sachsen;Gymnasium;Physik;Gymnasium Physik;Jahrgangsstufe 6 | Jahrgangsstufe 7 | Jahrgangsstufe 8 | Jahrgangsstufe 9 | Jahrgangsstufe 10 | Jahrgangsstufe 11 | Jahrgangsstufe 12;Sekundarbereich I | Sekundarbereich II | G8 Qualifikationsphase | G8 Einführungsphase | G9 Qualifikationsphase | G9 Einführungsphase;;;;lehrplan;kompetenz+inhalt;http://purl.obolibrary.org/obo/BFO_0000001 | http://purl.obolibrary.org/obo/BFO_0000002 | http://purl.obolibrary.org/obo/BFO_0000031 | http://purl.obolibrary.org/obo/IAO_0000030 | http://www.w3.org/2002/07/owl#NamedIndividual | Curriculares Element | CE-Lerninhalt | Element (SN) | Lernziel und Lerninhalt (SN);Inhalte;Übertragen der Kenntnisse über Welleneigenschaften auf Licht;https://lp-sachsen.org/resource/lernziel-lerninhalt-30501-2;https://lp-sachsen.org/resource/lehrplan-125-1
Sachsen;Gymnasium;Physik;Gymnasium Physik;Jahrgangsstufe 6 | Jahrgangsstufe 7 | Jahrgangsstufe 8 | Jahrgangsstufe 9 | Jahrgangsstufe 10 | Jahrgangsstufe 11 | Jahrgangsstufe 12;Sekundarbereich I | Sekundarbereich II | G8 Qualifikationsphase | G8 Einführungsphase | G9 Qualifikationsphase | G9 Einführungsphase;;;;lehrplan;kompetenz+inhalt;http://purl.obolibrary.org/obo/BFO_0000001 | http://purl.obolibrary.org/obo/BFO_0000002 | http://purl.obolibrary.org/obo/BFO_0000031 | http://purl.obolibrary.org/obo/IAO_0000030 | http://www.w3.org/2002/07/owl#NamedIndividual | Curriculares Element | CE-Lerninhalt | Element (SN) | Lernziel und Lerninhalt (SN);Inhalte;Übertragen des Wissens zur Interferenz auf die Reflexion an dünnen Schichten;https://lp-sachsen.org/resource/lernziel-lerninhalt-29628-1;https://lp-sachsen.org/resource/lehrplan-125-1
Sachsen;Gymnasium;Physik;Gymnasium Physik;Jahrgangsstufe 6 | Jahrgangsstufe 7 | Jahrgangsstufe 8 | Jahrgangsstufe 9 | Jahrgangsstufe 10 | Jahrgangsstufe 11 | Jahrgangsstufe 12;Sekundarbereich I | Sekundarbereich II | G8 Qualifikationsphase | G8 Einführungsphase | G9 Qualifikationsphase | G9 Einführungsphase;;;;lehrplan;kompetenz+inhalt;http://purl.obolibrary.org/obo/BFO_0000001 | http://purl.obolibrary.org/obo/BFO_0000002 | http://purl.obolibrary.org/obo/BFO_0000031 | http://purl.obolibrary.org/obo/IAO_0000030 | http://www.w3.org/2002/07/owl#NamedIndividual | Curriculares Element | CE-Lerninhalt | Element (SN) | Lernziel und Lerninhalt (SN);Kennen der Photonen als Quantenobjekte;äußerer lichtelektrischer Effekt;https://lp-sachsen.org/resource/lernziel-lerninhalt-29646-2;https://lp-sachsen.org/resource/lehrplan-125-1
Sachsen;Gymnasium;Physik;Gymnasium Physik;Jahrgangsstufe 6 | Jahrgangsstufe 7 | Jahrgangsstufe 8 | Jahrgangsstufe 9 | Jahrgangsstufe 10 | Jahrgangsstufe 11 | Jahrgangsstufe 12;Sekundarbereich I | Sekundarbereich II | G8 Qualifikationsphase | G8 Einführungsphase | G9 Qualifikationsphase | G9 Einführungsphase;;;;lehrplan;kompetenz+inhalt;http://purl.obolibrary.org/obo/BFO_0000001 | http://purl.obolibrary.org/obo/BFO_0000002 | http://purl.obolibrary.org/obo/BFO_0000031 | http://purl.obolibrary.org/obo/IAO_0000030 | http://www.w3.org/2002/07/owl#NamedIndividual | Curriculares Element | CE-Lerninhalt | Element (SN) | Lernziel und Lerninhalt (SN);Kennen der Photonen als Quantenobjekte;äußerer lichtelektrischer Effekt;https://lp-sachsen.org/resource/lernziel-lerninhalt-30520-2;https://lp-sachsen.org/resource/lehrplan-125-1
Sachsen;Gymnasium;Physik;Gymnasium Physik;Jahrgangsstufe 6 | Jahrgangsstufe 7 | Jahrgangsstufe 8 | Jahrgangsstufe 9 | Jahrgangsstufe 10 | Jahrgangsstufe 11 | Jahrgangsstufe 12;Sekundarbereich I | Sekundarbereich II | G8 Qualifikationsphase | G8 Einführungsphase | G9 Qualifikationsphase | G9 Einführungsphase;;;;lehrplan;kompetenz+inhalt;http://purl.obolibrary.org/obo/BFO_0000001 | http://purl.obolibrary.org/obo/BFO_0000002 | http://purl.obolibrary.org/obo/BFO_0000031 | http://purl.obolibrary.org/obo/IAO_0000030 | http://www.w3.org/2002/07/owl#NamedIndividual | Curriculares Element | CE-Lerninhalt | Element (SN) | Lernziel und Lerninhalt (SN);Inhalte;Anwenden der Eigenschaften Reflexion, Brechung, Beugung und Interferenz auf die Ausbreitung von Wellen;https://lp-sachsen.org/resource/lernziel-lerninhalt-30494-1;https://lp-sachsen.org/resource/lehrplan-523-1
Sachsen;Gymnasium;Physik;Gymnasium Physik;Jahrgangsstufe 6 | Jahrgangsstufe 7 | Jahrgangsstufe 8 | Jahrgangsstufe 9 | Jahrgangsstufe 10 | Jahrgangsstufe 11 | Jahrgangsstufe 12;Sekundarbereich I | Sekundarbereich II | G8 Qualifikationsphase | G8 Einführungsphase | G9 Qualifikationsphase | G9 Einführungsphase;;;;lehrplan;kompetenz+inhalt;http://purl.obolibrary.org/obo/BFO_0000001 | http://purl.obolibrary.org/obo/BFO_0000002 | http://purl.obolibrary.org/obo/BFO_0000031 | http://purl.obolibrary.org/obo/IAO_0000030 | http://www.w3.org/2002/07/owl#NamedIndividual | Curriculares Element | CE-Lerninhalt | Element (SN) | Lernziel und Lerninhalt (SN);Inhalte;Anwenden der Eigenschaften Reflexion, Brechung, Beugung und Interferenz auf die Ausbreitung von Wellen;https://lp-sachsen.org/resource/lernziel-lerninhalt-121896-1;https://lp-sachsen.org/resource/lehrplan-523-1
Sachsen;Gymnasium;Physik;Gymnasium Physik;Jahrgangsstufe 6 | Jahrgangsstufe 7 | Jahrgangsstufe 8 | Jahrgangsstufe 9 | Jahrgangsstufe 10 | Jahrgangsstufe 11 | Jahrgangsstufe 12;Sekundarbereich I | Sekundarbereich II | G8 Qualifikationsphase | G8 Einführungsphase | G9 Qualifikationsphase | G9 Einführungsphase;;;;lehrplan;kompetenz+inhalt;http://purl.obolibrary.org/obo/BFO_0000001 | http://purl.obolibrary.org/obo/BFO_0000002 | http://purl.obolibrary.org/obo/BFO_0000031 | http://purl.obolibrary.org/obo/IAO_0000030 | http://www.w3.org/2002/07/owl#NamedIndividual | Curriculares Element | CE-Lerninhalt | Element (SN) | Lernziel und Lerninhalt (SN);Inhalte;Anwenden der Gesetze der Lichtausbreitung auf optische Phänomene;https://lp-sachsen.org/resource/lernziel-lerninhalt-29356-1;https://lp-sachsen.org/resource/lehrplan-523-1
Sachsen;Gymnasium;Physik;Gymnasium Physik;Jahrgangsstufe 6 | Jahrgangsstufe 7 | Jahrgangsstufe 8 | Jahrgangsstufe 9 | Jahrgangsstufe 10 | Jahrgangsstufe 11 | Jahrgangsstufe 12;Sekundarbereich I | Sekundarbereich II | G8 Qualifikationsphase | G8 Einführungsphase | G9 Qualifikationsphase | G9 Einführungsphase;;;;lehrplan;kompetenz+inhalt;http://purl.obolibrary.org/obo/BFO_0000001 | http://purl.obolibrary.org/obo/BFO_0000002 | http://purl.obolibrary.org/obo/BFO_0000031 | http://purl.obolibrary.org/obo/IAO_0000030 | http://www.w3.org/2002/07/owl#NamedIndividual | Curriculares Element | CE-Lerninhalt | Element (SN) | Lernziel und Lerninhalt (SN);Inhalte;Anwenden der Kenntnisse auf die Brechung des Lichts;https://lp-sachsen.org/resource/lernziel-lerninhalt-27605-1;https://lp-sachsen.org/resource/lehrplan-523-1
Sachsen;Gymnasium;Physik;Gymnasium Physik;Jahrgangsstufe 6 | Jahrgangsstufe 7 | Jahrgangsstufe 8 | Jahrgangsstufe 9 | Jahrgangsstufe 10 | Jahrgangsstufe 11 | Jahrgangsstufe 12;Sekundarbereich I | Sekundarbereich II | G8 Qualifikationsphase | G8 Einführungsphase | G9 Qualifikationsphase | G9 Einführungsphase;;;;lehrplan;kompetenz+inhalt;http://purl.obolibrary.org/obo/BFO_0000001 | http://purl.obolibrary.org/obo/BFO_0000002 | http://purl.obolibrary.org/obo/BFO_0000031 | http://purl.obolibrary.org/obo/IAO_0000030 | http://www.w3.org/2002/07/owl#NamedIndividual | Curriculares Element | CE-Lerninhalt | Element (SN) | Lernziel und Lerninhalt (SN);Inhalte;Anwenden der Kenntnisse bei der Nutzung radioaktiver Strahlung;https://lp-sachsen.org/resource/lernziel-lerninhalt-122588-1;https://lp-sachsen.org/resource/lehrplan-523-1
Sachsen;Gymnasium;Physik;Gymnasium Physik;Jahrgangsstufe 6 | Jahrgangsstufe 7 | Jahrgangsstufe 8 | Jahrgangsstufe 9 | Jahrgangsstufe 10 | Jahrgangsstufe 11 | Jahrgangsstufe 12;Sekundarbereich I | Sekundarbereich II | G8 Qualifikationsphase | G8 Einführungsphase | G9 Qualifikationsphase | G9 Einführungsphase;;;;lehrplan;kompetenz+inhalt;http://purl.obolibrary.org/obo/BFO_0000001 | http://purl.obolibrary.org/obo/BFO_0000002 | http://purl.obolibrary.org/obo/BFO_0000031 | http://purl.obolibrary.org/obo/IAO_0000030 | http://www.w3.org/2002/07/owl#NamedIndividual | Curriculares Element | CE-Lerninhalt | Element (SN) | Lernziel und Lerninhalt (SN);Inhalte;Anwenden der Kenntnisse bei der Nutzung radioaktiver Strahlung;https://lp-sachsen.org/resource/lernziel-lerninhalt-121975-1;https://lp-sachsen.org/resource/lehrplan-523-1
Sachsen;Gymnasium;Physik;Gymnasium Physik;Jahrgangsstufe 6 | Jahrgangsstufe 7 | Jahrgangsstufe 8 | Jahrgangsstufe 9 | Jahrgangsstufe 10 | Jahrgangsstufe 11 | Jahrgangsstufe 12;Sekundarbereich I | Sekundarbereich II | G8 Qualifikationsphase | G8 Einführungsphase | G9 Qualifikationsphase | G9 Einführungsphase;;;;lehrplan;kompetenz+inhalt;http://purl.obolibrary.org/obo/BFO_0000001 | http://purl.obolibrary.org/obo/BFO_0000002 | http://purl.obolibrary.org/obo/BFO_0000031 | http://purl.obolibrary.org/obo/IAO_0000030 | http://www.w3.org/2002/07/owl#NamedIndividual | Curriculares Element | CE-Lerninhalt | Element (SN) | Lernziel und Lerninhalt (SN);Inhalte;Anwenden der Kenntnisse auf die Reflexion des Lichts;https://lp-sachsen.org/resource/lernziel-lerninhalt-27595-1;https://lp-sachsen.org/resource/lehrplan-523-1
Sachsen;Gymnasium;Physik;Gymnasium Physik;Jahrgangsstufe 6 | Jahrgangsstufe 7 | Jahrgangsstufe 8 | Jahrgangsstufe 9 | Jahrgangsstufe 10 | Jahrgangsstufe 11 | Jahrgangsstufe 12;Sekundarbereich I | Sekundarbereich II | G8 Qualifikationsphase | G8 Einführungsphase | G9 Qualifikationsphase | G9 Einführungsphase;;;;lehrplan;kompetenz+inhalt;http://purl.obolibrary.org/obo/BFO_0000001 | http://purl.obolibrary.org/obo/BFO_0000002 | http://purl.obolibrary.org/obo/BFO_0000031 | http://purl.obolibrary.org/obo/IAO_0000030 | http://www.w3.org/2002/07/owl#NamedIndividual | Curriculares Element | CE-Lerninhalt | Element (SN) | Lernziel und Lerninhalt (SN);Inhalte;Anwenden der Kenntnisse zur Optik auf Fotoapparat und Auge;https://lp-sachsen.org/resource/lernziel-lerninhalt-27790-1;https://lp-sachsen.org/resource/lehrplan-523-1
Sachsen;Gymnasium;Physik;Gymnasium Physik;Jahrgangsstufe 6 | Jahrgangsstufe 7 | Jahrgangsstufe 8 | Jahrgangsstufe 9 | Jahrgangsstufe 10 | Jahrgangsstufe 11 | Jahrgangsstufe 12;Sekundarbereich I | Sekundarbereich II | G8 Qualifikationsphase | G8 Einführungsphase | G9 Qualifikationsphase | G9 Einführungsphase;;;;lehrplan;kompetenz+inhalt;http://purl.obolibrary.org/obo/BFO_0000001 | http://purl.obolibrary.org/obo/BFO_0000002 | http://purl.obolibrary.org/obo/BFO_0000031 | http://purl.obolibrary.org/obo/IAO_0000030 | http://www.w3.org/2002/07/owl#NamedIndividual | Curriculares Element | CE-Lerninhalt | Element (SN) | Lernziel und Lerninhalt (SN);Inhalte;Anwenden der Kenntnisse zur Reflexion und Brechung des Lichts auf die Wirkungsweise von Fernrohren;https://lp-sachsen.org/resource/lernziel-lerninhalt-29396-1;https://lp-sachsen.org/resource/lehrplan-523-1
Sachsen;Gymnasium;Physik;Gymnasium Physik;Jahrgangsstufe 6 | Jahrgangsstufe 7 | Jahrgangsstufe 8 | Jahrgangsstufe 9 | Jahrgangsstufe 10 | Jahrgangsstufe 11 | Jahrgangsstufe 12;Sekundarbereich I | Sekundarbereich II | G8 Qualifikationsphase | G8 Einführungsphase | G9 Qualifikationsphase | G9 Einführungsphase;;;;lehrplan;kompetenz+inhalt;http://purl.obolibrary.org/obo/BFO_0000001 | http://purl.obolibrary.org/obo/BFO_0000002 | http://purl.obolibrary.org/obo/BFO_0000031 | http://purl.obolibrary.org/obo/IAO_0000030 | http://www.w3.org/2002/07/owl#NamedIndividual | Curriculares Element | CE-Lerninhalt | Element (SN) | Lernziel und Lerninhalt (SN);Inhalte;Anwenden der Kenntnisse über Wellenoptik zum Erklären optischer Geräte;https://lp-sachsen.org/resource/lernziel-lerninhalt-30512-1;https://lp-sachsen.org/resource/lehrplan-523-1
Sachsen;Gymnasium;Physik;Gymnasium Physik;Jahrgangsstufe 6 | Jahrgangsstufe 7 | Jahrgangsstufe 8 | Jahrgangsstufe 9 | Jahrgangsstufe 10 | Jahrgangsstufe 11 | Jahrgangsstufe 12;Sekundarbereich I | Sekundarbereich II | G8 Qualifikationsphase | G8 Einführungsphase | G9 Qualifikationsphase | G9 Einführungsphase;;;;lehrplan;kompetenz+inhalt;http://purl.obolibrary.org/obo/BFO_0000001 | http://purl.obolibrary.org/obo/BFO_0000002 | http://purl.obolibrary.org/obo/BFO_0000031 | http://purl.obolibrary.org/obo/IAO_0000030 | http://www.w3.org/2002/07/owl#NamedIndividual | Curriculares Element | CE-Lerninhalt | Element (SN) | Lernziel und Lerninhalt (SN);Anwenden der Kenntnisse zur Reflexion und Brechung des Lichts auf die Wirkungsweise von Fernrohren;Aufbau, Strahlengang und Bildentstehung bei Linsen- und Spiegelfernrohren;https://lp-sachsen.org/resource/lernziel-lerninhalt-29398-1;https://lp-sachsen.org/resource/lehrplan-523-1
Sachsen;Gymnasium;Physik;Gymnasium Physik;Jahrgangsstufe 6 | Jahrgangsstufe 7 | Jahrgangsstufe 8 | Jahrgangsstufe 9 | Jahrgangsstufe 10 | Jahrgangsstufe 11 | Jahrgangsstufe 12;Sekundarbereich I | Sekundarbereich II | G8 Qualifikationsphase | G8 Einführungsphase | G9 Qualifikationsphase | G9 Einführungsphase;;;;lehrplan;kompetenz+inhalt;http://purl.obolibrary.org/obo/BFO_0000001 | http://purl.obolibrary.org/obo/BFO_0000002 | http://purl.obolibrary.org/obo/BFO_0000031 | http://purl.obolibrary.org/obo/IAO_0000030 | http://www.w3.org/2002/07/owl#NamedIndividual | Curriculares Element | CE-Lerninhalt | Element (SN) | Lernziel und Lerninhalt (SN);Problemlösen durch Experimentieren;Aufgaben aus den Bereichen mechanische und elektromagnetische Schwingungen und Optik auch unter Nutzung digitaler Werkzeuge zur Erfassung und Auswertung von Messwerten;https://lp-sachsen.org/resource/lernziel-lerninhalt-29634-1;https://lp-sachsen.org/resource/lehrplan-523-1
Sachsen;Gymnasium;Physik;Gymnasium Physik;Jahrgangsstufe 6 | Jahrgangsstufe 7 | Jahrgangsstufe 8 | Jahrgangsstufe 9 | Jahrgangsstufe 10 | Jahrgangsstufe 11 | Jahrgangsstufe 12;Sekundarbereich I | Sekundarbereich II | G8 Qualifikationsphase | G8 Einführungsphase | G9 Qualifikationsphase | G9 Einführungsphase;;;;lehrplan;kompetenz+inhalt;http://purl.obolibrary.org/obo/BFO_0000001 | http://purl.obolibrary.org/obo/BFO_0000002 | http://purl.obolibrary.org/obo/BFO_0000031 | http://purl.obolibrary.org/obo/IAO_0000030 | http://www.w3.org/2002/07/owl#NamedIndividual | Curriculares Element | CE-Lerninhalt | Element (SN) | Lernziel und Lerninhalt (SN);Problemlösen durch Experimentieren;Aufgaben aus den Bereichen mechanische und elektromagnetische Schwingungen und Optik auch unter Nutzung digitaler Werkzeuge zur Erfassung und Auswertung von Messwerten;https://lp-sachsen.org/resource/lernziel-lerninhalt-30514-1;https://lp-sachsen.org/resource/lehrplan-523-1
Sachsen;Gymnasium;Physik;Gymnasium Physik;Jahrgangsstufe 6 | Jahrgangsstufe 7 | Jahrgangsstufe 8 | Jahrgangsstufe 9 | Jahrgangsstufe 10 | Jahrgangsstufe 11 | Jahrgangsstufe 12;Sekundarbereich I | Sekundarbereich II | G8 Qualifikationsphase | G8 Einführungsphase | G9 Qualifikationsphase | G9 Einführungsphase;;;;lehrplan;kompetenz+inhalt;http://purl.obolibrary.org/obo/BFO_0000001 | http://purl.obolibrary.org/obo/BFO_0000002 | http://purl.obolibrary.org/obo/BFO_0000031 | http://purl.obolibrary.org/obo/IAO_0000030 | http://www.w3.org/2002/07/owl#NamedIndividual | Curriculares Element | CE-Lerninhalt | Element (SN) | Lernziel und Lerninhalt (SN);Kennen von Phänomenen der Lichtausbreitung;Ausbreitungseigenschaften des Lichts;https://lp-sachsen.org/resource/lernziel-lerninhalt-27586-1;https://lp-sachsen.org/resource/lehrplan-523-1
Sachsen;Gymnasium;Physik;Gymnasium Physik;Jahrgangsstufe 6 | Jahrgangsstufe 7 | Jahrgangsstufe 8 | Jahrgangsstufe 9 | Jahrgangsstufe 10 | Jahrgangsstufe 11 | Jahrgangsstufe 12;Sekundarbereich I | Sekundarbereich II | G8 Qualifikationsphase | G8 Einführungsphase | G9 Qualifikationsphase | G9 Einführungsphase;;;;lehrplan;kompetenz+inhalt;http://purl.obolibrary.org/obo/BFO_0000001 | http://purl.obolibrary.org/obo/BFO_0000002 | http://purl.obolibrary.org/obo/BFO_0000031 | http://purl.obolibrary.org/obo/IAO_0000030 | http://www.w3.org/2002/07/owl#NamedIndividual | Curriculares Element | CE-Lerninhalt | Element (SN) | Lernziel und Lerninhalt (SN);Licht als elektromagnetische Welle;Ausbreitungsgeschwindigkeit des Lichtes;https://lp-sachsen.org/resource/lernziel-lerninhalt-121910-1;https://lp-sachsen.org/resource/lehrplan-523-1
Sachsen;Gymnasium;Physik;Gymnasium Physik;Jahrgangsstufe 6 | Jahrgangsstufe 7 | Jahrgangsstufe 8 | Jahrgangsstufe 9 | Jahrgangsstufe 10 | Jahrgangsstufe 11 | Jahrgangsstufe 12;Sekundarbereich I | Sekundarbereich II | G8 Qualifikationsphase | G8 Einführungsphase | G9 Qualifikationsphase | G9 Einführungsphase;;;;lehrplan;kompetenz+inhalt;http://purl.obolibrary.org/obo/BFO_0000001 | http://purl.obolibrary.org/obo/BFO_0000002 | http://purl.obolibrary.org/obo/BFO_0000031 | http://purl.obolibrary.org/obo/IAO_0000030 | http://www.w3.org/2002/07/owl#NamedIndividual | Curriculares Element | CE-Lerninhalt | Element (SN) | Lernziel und Lerninhalt (SN);Licht als elektromagnetische Welle;Ausbreitungsgeschwindigkeit des Lichts;https://lp-sachsen.org/resource/lernziel-lerninhalt-30502-1;https://lp-sachsen.org/resource/lehrplan-523-1
Sachsen;Gymnasium;Physik;Gymnasium Physik;Jahrgangsstufe 6 | Jahrgangsstufe 7 | Jahrgangsstufe 8 | Jahrgangsstufe 9 | Jahrgangsstufe 10 | Jahrgangsstufe 11 | Jahrgangsstufe 12;Sekundarbereich I | Sekundarbereich II | G8 Qualifikationsphase | G8 Einführungsphase | G9 Qualifikationsphase | G9 Einführungsphase;;;;lehrplan;kompetenz+inhalt;http://purl.obolibrary.org/obo/BFO_0000001 | http://purl.obolibrary.org/obo/BFO_0000002 | http://purl.obolibrary.org/obo/BFO_0000031 | http://purl.obolibrary.org/obo/IAO_0000030 | http://www.w3.org/2002/07/owl#NamedIndividual | Curriculares Element | CE-Lerninhalt | Element (SN) | Lernziel und Lerninhalt (SN);Kennen wichtiger Methoden der Erkenntnisgewinnung in der Astronomie;Auswertung der Strahlung von Gestirnen;https://lp-sachsen.org/resource/lernziel-lerninhalt-29349-1;https://lp-sachsen.org/resource/lehrplan-523-1
Sachsen;Gymnasium;Physik;Gymnasium Physik;Jahrgangsstufe 6 | Jahrgangsstufe 7 | Jahrgangsstufe 8 | Jahrgangsstufe 9 | Jahrgangsstufe 10 | Jahrgangsstufe 11 | Jahrgangsstufe 12;Sekundarbereich I | Sekundarbereich II | G8 Qualifikationsphase | G8 Einführungsphase | G9 Qualifikationsphase | G9 Einführungsphase;;;;lehrplan;kompetenz+inhalt;http://purl.obolibrary.org/obo/BFO_0000001 | http://purl.obolibrary.org/obo/BFO_0000002 | http://purl.obolibrary.org/obo/BFO_0000031 | http://purl.obolibrary.org/obo/IAO_0000030 | http://www.w3.org/2002/07/owl#NamedIndividual | Curriculares Element | CE-Lerninhalt | Element (SN) | Lernziel und Lerninhalt (SN);Einblick gewinnen in die Relativität von Zeit und Raum;Belege zur Wirkung der Gravitation auf das Licht;https://lp-sachsen.org/resource/lernziel-lerninhalt-29596-1;https://lp-sachsen.org/resource/lehrplan-523-1
Sachsen;Gymnasium;Physik;Gymnasium Physik;Jahrgangsstufe 6 | Jahrgangsstufe 7 | Jahrgangsstufe 8 | Jahrgangsstufe 9 | Jahrgangsstufe 10 | Jahrgangsstufe 11 | Jahrgangsstufe 12;Sekundarbereich I | Sekundarbereich II | G8 Qualifikationsphase | G8 Einführungsphase | G9 Qualifikationsphase | G9 Einführungsphase;;;;lehrplan;kompetenz+inhalt;http://purl.obolibrary.org/obo/BFO_0000001 | http://purl.obolibrary.org/obo/BFO_0000002 | http://purl.obolibrary.org/obo/BFO_0000031 | http://purl.obolibrary.org/obo/IAO_0000030 | http://www.w3.org/2002/07/owl#NamedIndividual | Curriculares Element | CE-Lerninhalt | Element (SN) | Lernziel und Lerninhalt (SN);Interferenz am Doppelspalt und am Gitter;Bestimmen der Wellenlänge einfarbigen Lichts;https://lp-sachsen.org/resource/lernziel-lerninhalt-29371-1;https://lp-sachsen.org/resource/lehrplan-523-1
Sachsen;Gymnasium;Physik;Gymnasium Physik;Jahrgangsstufe 6 | Jahrgangsstufe 7 | Jahrgangsstufe 8 | Jahrgangsstufe 9 | Jahrgangsstufe 10 | Jahrgangsstufe 11 | Jahrgangsstufe 12;Sekundarbereich I | Sekundarbereich II | G8 Qualifikationsphase | G8 Einführungsphase | G9 Qualifikationsphase | G9 Einführungsphase;;;;lehrplan;kompetenz+inhalt;http://purl.obolibrary.org/obo/BFO_0000001 | http://purl.obolibrary.org/obo/BFO_0000002 | http://purl.obolibrary.org/obo/BFO_0000031 | http://purl.obolibrary.org/obo/IAO_0000030 | http://www.w3.org/2002/07/owl#NamedIndividual | Curriculares Element | CE-Lerninhalt | Element (SN) | Lernziel und Lerninhalt (SN);Übertragen der Kenntnisse auf elektromagnetische Wellen;Beugung und Interferenz von Licht;https://lp-sachsen.org/resource/lernziel-lerninhalt-30505-1;https://lp-sachsen.org/resource/lehrplan-523-1
Sachsen;Gymnasium;Physik;Gymnasium Physik;Jahrgangsstufe 6 | Jahrgangsstufe 7 | Jahrgangsstufe 8 | Jahrgangsstufe 9 | Jahrgangsstufe 10 | Jahrgangsstufe 11 | Jahrgangsstufe 12;Sekundarbereich I | Sekundarbereich II | G8 Qualifikationsphase | G8 Einführungsphase | G9 Qualifikationsphase | G9 Einführungsphase;;;;lehrplan;kompetenz+inhalt;http://purl.obolibrary.org/obo/BFO_0000001 | http://purl.obolibrary.org/obo/BFO_0000002 | http://purl.obolibrary.org/obo/BFO_0000031 | http://purl.obolibrary.org/obo/IAO_0000030 | http://www.w3.org/2002/07/owl#NamedIndividual | Curriculares Element | CE-Lerninhalt | Element (SN) | Lernziel und Lerninhalt (SN);Licht als elektromagnetische Welle;"Beugung und Interferenz von Licht
Interferenz am Doppelspalt und am Gitter auch mit polychromatischem Licht, für die Lage der Maxima gilt: tanαk=ske; sinαk=k·λb";https://lp-sachsen.org/resource/lernziel-lerninhalt-121913-1;https://lp-sachsen.org/resource/lehrplan-523-1
Sachsen;Gymnasium;Physik;Gymnasium Physik;Jahrgangsstufe 6 | Jahrgangsstufe 7 | Jahrgangsstufe 8 | Jahrgangsstufe 9 | Jahrgangsstufe 10 | Jahrgangsstufe 11 | Jahrgangsstufe 12;Sekundarbereich I | Sekundarbereich II | G8 Qualifikationsphase | G8 Einführungsphase | G9 Qualifikationsphase | G9 Einführungsphase;;;;lehrplan;kompetenz+inhalt;http://purl.obolibrary.org/obo/BFO_0000001 | http://purl.obolibrary.org/obo/BFO_0000002 | http://purl.obolibrary.org/obo/BFO_0000031 | http://purl.obolibrary.org/obo/IAO_0000030 | http://www.w3.org/2002/07/owl#NamedIndividual | Curriculares Element | CE-Lerninhalt | Element (SN) | Lernziel und Lerninhalt (SN);Anwenden der Gesetze der Lichtausbreitung auf optische Phänomene;Brechungsgesetz;https://lp-sachsen.org/resource/lernziel-lerninhalt-29357-1;https://lp-sachsen.org/resource/lehrplan-523-1
Sachsen;Gymnasium;Physik;Gymnasium Physik;Jahrgangsstufe 6 | Jahrgangsstufe 7 | Jahrgangsstufe 8 | Jahrgangsstufe 9 | Jahrgangsstufe 10 | Jahrgangsstufe 11 | Jahrgangsstufe 12;Sekundarbereich I | Sekundarbereich II | G8 Qualifikationsphase | G8 Einführungsphase | G9 Qualifikationsphase | G9 Einführungsphase;;;;lehrplan;kompetenz+inhalt;http://purl.obolibrary.org/obo/BFO_0000001 | http://purl.obolibrary.org/obo/BFO_0000002 | http://purl.obolibrary.org/obo/BFO_0000031 | http://purl.obolibrary.org/obo/IAO_0000030 | http://www.w3.org/2002/07/owl#NamedIndividual | Curriculares Element | CE-Lerninhalt | Element (SN) | Lernziel und Lerninhalt (SN);Sich positionieren zur Radioaktivität in Natur und Technik;Eigenschaften radioaktiver Strahlung;https://lp-sachsen.org/resource/lernziel-lerninhalt-28689-1;https://lp-sachsen.org/resource/lehrplan-523-1
Sachsen;Gymnasium;Physik;Gymnasium Physik;Jahrgangsstufe 6 | Jahrgangsstufe 7 | Jahrgangsstufe 8 | Jahrgangsstufe 9 | Jahrgangsstufe 10 | Jahrgangsstufe 11 | Jahrgangsstufe 12;Sekundarbereich I | Sekundarbereich II | G8 Qualifikationsphase | G8 Einführungsphase | G9 Qualifikationsphase | G9 Einführungsphase;;;;lehrplan;kompetenz+inhalt;http://purl.obolibrary.org/obo/BFO_0000001 | http://purl.obolibrary.org/obo/BFO_0000002 | http://purl.obolibrary.org/obo/BFO_0000031 | http://purl.obolibrary.org/obo/IAO_0000030 | http://www.w3.org/2002/07/owl#NamedIndividual | Curriculares Element | CE-Lerninhalt | Element (SN) | Lernziel und Lerninhalt (SN);Inhalte;Einblick gewinnen in die Entstehung der Farben;https://lp-sachsen.org/resource/lernziel-lerninhalt-27808-1;https://lp-sachsen.org/resource/lehrplan-523-1
Sachsen;Gymnasium;Physik;Gymnasium Physik;Jahrgangsstufe 6 | Jahrgangsstufe 7 | Jahrgangsstufe 8 | Jahrgangsstufe 9 | Jahrgangsstufe 10 | Jahrgangsstufe 11 | Jahrgangsstufe 12;Sekundarbereich I | Sekundarbereich II | G8 Qualifikationsphase | G8 Einführungsphase | G9 Qualifikationsphase | G9 Einführungsphase;;;;lehrplan;kompetenz+inhalt;http://purl.obolibrary.org/obo/BFO_0000001 | http://purl.obolibrary.org/obo/BFO_0000002 | http://purl.obolibrary.org/obo/BFO_0000031 | http://purl.obolibrary.org/obo/IAO_0000030 | http://www.w3.org/2002/07/owl#NamedIndividual | Curriculares Element | CE-Lerninhalt | Element (SN) | Lernziel und Lerninhalt (SN);Inhalte;Einblick gewinnen in die Ausbreitungseigenschaften Reflexion, Beugung und Brechung;https://lp-sachsen.org/resource/lernziel-lerninhalt-29316-1;https://lp-sachsen.org/resource/lehrplan-523-1
Sachsen;Gymnasium;Physik;Gymnasium Physik;Jahrgangsstufe 6 | Jahrgangsstufe 7 | Jahrgangsstufe 8 | Jahrgangsstufe 9 | Jahrgangsstufe 10 | Jahrgangsstufe 11 | Jahrgangsstufe 12;Sekundarbereich I | Sekundarbereich II | G8 Qualifikationsphase | G8 Einführungsphase | G9 Qualifikationsphase | G9 Einführungsphase;;;;lehrplan;kompetenz+inhalt;http://purl.obolibrary.org/obo/BFO_0000001 | http://purl.obolibrary.org/obo/BFO_0000002 | http://purl.obolibrary.org/obo/BFO_0000031 | http://purl.obolibrary.org/obo/IAO_0000030 | http://www.w3.org/2002/07/owl#NamedIndividual | Curriculares Element | CE-Lerninhalt | Element (SN) | Lernziel und Lerninhalt (SN);äußerer lichtelektrischer Effekt;Einsteins Lichtquantenhypothese, Photonenmodell, Energie eines Photons E=h·f;https://lp-sachsen.org/resource/lernziel-lerninhalt-121932-1;https://lp-sachsen.org/resource/lehrplan-523-1
Sachsen;Gymnasium;Physik;Gymnasium Physik;Jahrgangsstufe 6 | Jahrgangsstufe 7 | Jahrgangsstufe 8 | Jahrgangsstufe 9 | Jahrgangsstufe 10 | Jahrgangsstufe 11 | Jahrgangsstufe 12;Sekundarbereich I | Sekundarbereich II | G8 Qualifikationsphase | G8 Einführungsphase | G9 Qualifikationsphase | G9 Einführungsphase;;;;lehrplan;kompetenz+inhalt;http://purl.obolibrary.org/obo/BFO_0000001 | http://purl.obolibrary.org/obo/BFO_0000002 | http://purl.obolibrary.org/obo/BFO_0000031 | http://purl.obolibrary.org/obo/IAO_0000030 | http://www.w3.org/2002/07/owl#NamedIndividual | Curriculares Element | CE-Lerninhalt | Element (SN) | Lernziel und Lerninhalt (SN);äußerer lichtelektrischer Effekt;Einsteins Lichtquantenhypothese, Photonenmodell, Energie eines Photons E=h·f;https://lp-sachsen.org/resource/lernziel-lerninhalt-122137-1;https://lp-sachsen.org/resource/lehrplan-523-1
Sachsen;Gymnasium;Physik;Gymnasium Physik;Jahrgangsstufe 6 | Jahrgangsstufe 7 | Jahrgangsstufe 8 | Jahrgangsstufe 9 | Jahrgangsstufe 10 | Jahrgangsstufe 11 | Jahrgangsstufe 12;Sekundarbereich I | Sekundarbereich II | G8 Qualifikationsphase | G8 Einführungsphase | G9 Qualifikationsphase | G9 Einführungsphase;;;;lehrplan;kompetenz+inhalt;http://purl.obolibrary.org/obo/BFO_0000001 | http://purl.obolibrary.org/obo/BFO_0000002 | http://purl.obolibrary.org/obo/BFO_0000031 | http://purl.obolibrary.org/obo/IAO_0000030 | http://www.w3.org/2002/07/owl#NamedIndividual | Curriculares Element | CE-Lerninhalt | Element (SN) | Lernziel und Lerninhalt (SN);Übertragen physikalischer Kenntnisse über Wellen auf Anwendungen in Technik und Medizin;Erzeugung und Eigenschaften der Röntgenstrahlung;https://lp-sachsen.org/resource/lernziel-lerninhalt-121963-1;https://lp-sachsen.org/resource/lehrplan-523-1
Sachsen;Gymnasium;Physik;Gymnasium Physik;Jahrgangsstufe 6 | Jahrgangsstufe 7 | Jahrgangsstufe 8 | Jahrgangsstufe 9 | Jahrgangsstufe 10 | Jahrgangsstufe 11 | Jahrgangsstufe 12;Sekundarbereich I | Sekundarbereich II | G8 Qualifikationsphase | G8 Einführungsphase | G9 Qualifikationsphase | G9 Einführungsphase;;;;lehrplan;kompetenz+inhalt;http://purl.obolibrary.org/obo/BFO_0000001 | http://purl.obolibrary.org/obo/BFO_0000002 | http://purl.obolibrary.org/obo/BFO_0000031 | http://purl.obolibrary.org/obo/IAO_0000030 | http://www.w3.org/2002/07/owl#NamedIndividual | Curriculares Element | CE-Lerninhalt | Element (SN) | Lernziel und Lerninhalt (SN);Anwenden der Gesetze der Lichtausbreitung auf optische Phänomene;Farbzerlegung des weißen Lichts;https://lp-sachsen.org/resource/lernziel-lerninhalt-29363-1;https://lp-sachsen.org/resource/lehrplan-523-1
Sachsen;Gymnasium;Physik;Gymnasium Physik;Jahrgangsstufe 6 | Jahrgangsstufe 7 | Jahrgangsstufe 8 | Jahrgangsstufe 9 | Jahrgangsstufe 10 | Jahrgangsstufe 11 | Jahrgangsstufe 12;Sekundarbereich I | Sekundarbereich II | G8 Qualifikationsphase | G8 Einführungsphase | G9 Qualifikationsphase | G9 Einführungsphase;;;;lehrplan;kompetenz+inhalt;http://purl.obolibrary.org/obo/BFO_0000001 | http://purl.obolibrary.org/obo/BFO_0000002 | http://purl.obolibrary.org/obo/BFO_0000031 | http://purl.obolibrary.org/obo/IAO_0000030 | http://www.w3.org/2002/07/owl#NamedIndividual | Curriculares Element | CE-Lerninhalt | Element (SN) | Lernziel und Lerninhalt (SN);Brechungsgesetz;Grenzwinkel der Totalreflexion;https://lp-sachsen.org/resource/lernziel-lerninhalt-29361-1;https://lp-sachsen.org/resource/lehrplan-523-1
Sachsen;Gymnasium;Physik;Gymnasium Physik;Jahrgangsstufe 6 | Jahrgangsstufe 7 | Jahrgangsstufe 8 | Jahrgangsstufe 9 | Jahrgangsstufe 10 | Jahrgangsstufe 11 | Jahrgangsstufe 12;Sekundarbereich I | Sekundarbereich II | G8 Qualifikationsphase | G8 Einführungsphase | G9 Qualifikationsphase | G9 Einführungsphase;;;;lehrplan;kompetenz+inhalt;http://purl.obolibrary.org/obo/BFO_0000001 | http://purl.obolibrary.org/obo/BFO_0000002 | http://purl.obolibrary.org/obo/BFO_0000031 | http://purl.obolibrary.org/obo/IAO_0000030 | http://www.w3.org/2002/07/owl#NamedIndividual | Curriculares Element | CE-Lerninhalt | Element (SN) | Lernziel und Lerninhalt (SN);Anwenden der Eigenschaften Reflexion, Brechung, Beugung und Interferenz auf die Ausbreitung von Wellen;Herleitung des Reflexions- und des Brechungsgesetzes sin αsin β = v1v2;https://lp-sachsen.org/resource/lernziel-lerninhalt-30496-1;https://lp-sachsen.org/resource/lehrplan-523-1
Sachsen;Gymnasium;Physik;Gymnasium Physik;Jahrgangsstufe 6 | Jahrgangsstufe 7 | Jahrgangsstufe 8 | Jahrgangsstufe 9 | Jahrgangsstufe 10 | Jahrgangsstufe 11 | Jahrgangsstufe 12;Sekundarbereich I | Sekundarbereich II | G8 Qualifikationsphase | G8 Einführungsphase | G9 Qualifikationsphase | G9 Einführungsphase;;;;lehrplan;kompetenz+inhalt;http://purl.obolibrary.org/obo/BFO_0000001 | http://purl.obolibrary.org/obo/BFO_0000002 | http://purl.obolibrary.org/obo/BFO_0000031 | http://purl.obolibrary.org/obo/IAO_0000030 | http://www.w3.org/2002/07/owl#NamedIndividual | Curriculares Element | CE-Lerninhalt | Element (SN) | Lernziel und Lerninhalt (SN);Beugung und Interferenz von Licht;"Interferenz am Doppelspalt und am Gitter auch mit polychromatischem Licht
für die Lage der Maxima gilt: 
tan αk = ske ; sin αk = k·λb";https://lp-sachsen.org/resource/lernziel-lerninhalt-30506-1;https://lp-sachsen.org/resource/lehrplan-523-1
Sachsen;Gymnasium;Physik;Gymnasium Physik;Jahrgangsstufe 6 | Jahrgangsstufe 7 | Jahrgangsstufe 8 | Jahrgangsstufe 9 | Jahrgangsstufe 10 | Jahrgangsstufe 11 | Jahrgangsstufe 12;Sekundarbereich I | Sekundarbereich II | G8 Qualifikationsphase | G8 Einführungsphase | G9 Qualifikationsphase | G9 Einführungsphase;;;;lehrplan;kompetenz+inhalt;http://purl.obolibrary.org/obo/BFO_0000001 | http://purl.obolibrary.org/obo/BFO_0000002 | http://purl.obolibrary.org/obo/BFO_0000031 | http://purl.obolibrary.org/obo/IAO_0000030 | http://www.w3.org/2002/07/owl#NamedIndividual | Curriculares Element | CE-Lerninhalt | Element (SN) | Lernziel und Lerninhalt (SN);Beugung und Interferenz von Licht;Interferenz am Einzelspalt mit monochromatischem Licht für die Lage der Maxima (außer 0. Ordnung) gilt: tanαk=ske, sinαk=(2·k+1)·λ2·d;https://lp-sachsen.org/resource/lernziel-lerninhalt-122118-1;https://lp-sachsen.org/resource/lehrplan-523-1
Sachsen;Gymnasium;Physik;Gymnasium Physik;Jahrgangsstufe 6 | Jahrgangsstufe 7 | Jahrgangsstufe 8 | Jahrgangsstufe 9 | Jahrgangsstufe 10 | Jahrgangsstufe 11 | Jahrgangsstufe 12;Sekundarbereich I | Sekundarbereich II | G8 Qualifikationsphase | G8 Einführungsphase | G9 Qualifikationsphase | G9 Einführungsphase;;;;lehrplan;kompetenz+inhalt;http://purl.obolibrary.org/obo/BFO_0000001 | http://purl.obolibrary.org/obo/BFO_0000002 | http://purl.obolibrary.org/obo/BFO_0000031 | http://purl.obolibrary.org/obo/IAO_0000030 | http://www.w3.org/2002/07/owl#NamedIndividual | Curriculares Element | CE-Lerninhalt | Element (SN) | Lernziel und Lerninhalt (SN);Inhalte;Kennen des Prinzips der Entstehung, der Eigenschaften und der Nutzung der Laserstrahlung;https://lp-sachsen.org/resource/lernziel-lerninhalt-29665-1;https://lp-sachsen.org/resource/lehrplan-523-1
Sachsen;Gymnasium;Physik;Gymnasium Physik;Jahrgangsstufe 6 | Jahrgangsstufe 7 | Jahrgangsstufe 8 | Jahrgangsstufe 9 | Jahrgangsstufe 10 | Jahrgangsstufe 11 | Jahrgangsstufe 12;Sekundarbereich I | Sekundarbereich II | G8 Qualifikationsphase | G8 Einführungsphase | G9 Qualifikationsphase | G9 Einführungsphase;;;;lehrplan;kompetenz+inhalt;http://purl.obolibrary.org/obo/BFO_0000001 | http://purl.obolibrary.org/obo/BFO_0000002 | http://purl.obolibrary.org/obo/BFO_0000031 | http://purl.obolibrary.org/obo/IAO_0000030 | http://www.w3.org/2002/07/owl#NamedIndividual | Curriculares Element | CE-Lerninhalt | Element (SN) | Lernziel und Lerninhalt (SN);Inhalte;Kennen des Prinzips der Entstehung, der Eigenschaften und der Anwendung von Laserstrahlung;https://lp-sachsen.org/resource/lernziel-lerninhalt-30559-1;https://lp-sachsen.org/resource/lehrplan-523-1
Sachsen;Gymnasium;Physik;Gymnasium Physik;Jahrgangsstufe 6 | Jahrgangsstufe 7 | Jahrgangsstufe 8 | Jahrgangsstufe 9 | Jahrgangsstufe 10 | Jahrgangsstufe 11 | Jahrgangsstufe 12;Sekundarbereich I | Sekundarbereich II | G8 Qualifikationsphase | G8 Einführungsphase | G9 Qualifikationsphase | G9 Einführungsphase;;;;lehrplan;kompetenz+inhalt;http://purl.obolibrary.org/obo/BFO_0000001 | http://purl.obolibrary.org/obo/BFO_0000002 | http://purl.obolibrary.org/obo/BFO_0000031 | http://purl.obolibrary.org/obo/IAO_0000030 | http://www.w3.org/2002/07/owl#NamedIndividual | Curriculares Element | CE-Lerninhalt | Element (SN) | Lernziel und Lerninhalt (SN);Inhalte;Kennen von Phänomenen der Lichtausbreitung;https://lp-sachsen.org/resource/lernziel-lerninhalt-27158-1;https://lp-sachsen.org/resource/lehrplan-523-1
Sachsen;Gymnasium;Physik;Gymnasium Physik;Jahrgangsstufe 6 | Jahrgangsstufe 7 | Jahrgangsstufe 8 | Jahrgangsstufe 9 | Jahrgangsstufe 10 | Jahrgangsstufe 11 | Jahrgangsstufe 12;Sekundarbereich I | Sekundarbereich II | G8 Qualifikationsphase | G8 Einführungsphase | G9 Qualifikationsphase | G9 Einführungsphase;;;;lehrplan;kompetenz+inhalt;http://purl.obolibrary.org/obo/BFO_0000001 | http://purl.obolibrary.org/obo/BFO_0000002 | http://purl.obolibrary.org/obo/BFO_0000031 | http://purl.obolibrary.org/obo/IAO_0000030 | http://www.w3.org/2002/07/owl#NamedIndividual | Curriculares Element | CE-Lerninhalt | Element (SN) | Lernziel und Lerninhalt (SN);SE: Schattenbildung;Konstruktion von Schattenräumen;https://lp-sachsen.org/resource/lernziel-lerninhalt-27592-1;https://lp-sachsen.org/resource/lehrplan-523-1
Sachsen;Gymnasium;Physik;Gymnasium Physik;Jahrgangsstufe 6 | Jahrgangsstufe 7 | Jahrgangsstufe 8 | Jahrgangsstufe 9 | Jahrgangsstufe 10 | Jahrgangsstufe 11 | Jahrgangsstufe 12;Sekundarbereich I | Sekundarbereich II | G8 Qualifikationsphase | G8 Einführungsphase | G9 Qualifikationsphase | G9 Einführungsphase;;;;lehrplan;kompetenz+inhalt;http://purl.obolibrary.org/obo/BFO_0000001 | http://purl.obolibrary.org/obo/BFO_0000002 | http://purl.obolibrary.org/obo/BFO_0000031 | http://purl.obolibrary.org/obo/IAO_0000030 | http://www.w3.org/2002/07/owl#NamedIndividual | Curriculares Element | CE-Lerninhalt | Element (SN) | Lernziel und Lerninhalt (SN);Kennen der Möglichkeiten zur Übertragung von thermischer Energie;Leitung, Strahlung, Strömung;https://lp-sachsen.org/resource/lernziel-lerninhalt-28317-1;https://lp-sachsen.org/resource/lehrplan-523-1
Sachsen;Gymnasium;Physik;Gymnasium Physik;Jahrgangsstufe 6 | Jahrgangsstufe 7 | Jahrgangsstufe 8 | Jahrgangsstufe 9 | Jahrgangsstufe 10 | Jahrgangsstufe 11 | Jahrgangsstufe 12;Sekundarbereich I | Sekundarbereich II | G8 Qualifikationsphase | G8 Einführungsphase | G9 Qualifikationsphase | G9 Einführungsphase;;;;lehrplan;themenbereich;http://purl.obolibrary.org/obo/BFO_0000001 | http://purl.obolibrary.org/obo/BFO_0000002 | http://purl.obolibrary.org/obo/BFO_0000031 | http://purl.obolibrary.org/obo/IAO_0000030 | http://www.w3.org/2002/07/owl#NamedIndividual | Curriculares Element | CE-Bereich | Element (SN) | Lernbereich (SN);Klassenstufe 6;Lernbereich 1: Licht und seine Eigenschaften (17 Ustd.);https://lp-sachsen.org/resource/lernbereich-27150-1;https://lp-sachsen.org/resource/lehrplan-523-1
Sachsen;Gymnasium;Physik;Gymnasium Physik;Jahrgangsstufe 6 | Jahrgangsstufe 7 | Jahrgangsstufe 8 | Jahrgangsstufe 9 | Jahrgangsstufe 10 | Jahrgangsstufe 11 | Jahrgangsstufe 12;Sekundarbereich I | Sekundarbereich II | G8 Qualifikationsphase | G8 Einführungsphase | G9 Qualifikationsphase | G9 Einführungsphase;;;;lehrplan;themenbereich;http://purl.obolibrary.org/obo/BFO_0000001 | http://purl.obolibrary.org/obo/BFO_0000002 | http://purl.obolibrary.org/obo/BFO_0000031 | http://purl.obolibrary.org/obo/IAO_0000030 | http://www.w3.org/2002/07/owl#NamedIndividual | Curriculares Element | CE-Bereich | Element (SN) | Lernbereich (SN);Jahrgangsstufe 12 - Grundkurs;Lernbereich 2: Praktikum Optik und Schwingungen (6 Ustd.);https://lp-sachsen.org/resource/lernbereich-29599-1;https://lp-sachsen.org/resource/lehrplan-523-1
Sachsen;Gymnasium;Physik;Gymnasium Physik;Jahrgangsstufe 6 | Jahrgangsstufe 7 | Jahrgangsstufe 8 | Jahrgangsstufe 9 | Jahrgangsstufe 10 | Jahrgangsstufe 11 | Jahrgangsstufe 12;Sekundarbereich I | Sekundarbereich II | G8 Qualifikationsphase | G8 Einführungsphase | G9 Qualifikationsphase | G9 Einführungsphase;;;;lehrplan;themenbereich;http://purl.obolibrary.org/obo/BFO_0000001 | http://purl.obolibrary.org/obo/BFO_0000002 | http://purl.obolibrary.org/obo/BFO_0000031 | http://purl.obolibrary.org/obo/IAO_0000030 | http://www.w3.org/2002/07/owl#NamedIndividual | Curriculares Element | CE-Bereich | Element (SN) | Lernbereich (SN);Jahrgangsstufe 12 - Leistungskurs;Lernbereich 3: Praktikum Optik und Schwingungen  (12 Ustd.);https://lp-sachsen.org/resource/lernbereich-30442-1;https://lp-sachsen.org/resource/lehrplan-523-1
Sachsen;Gymnasium;Physik;Gymnasium Physik;Jahrgangsstufe 6 | Jahrgangsstufe 7 | Jahrgangsstufe 8 | Jahrgangsstufe 9 | Jahrgangsstufe 10 | Jahrgangsstufe 11 | Jahrgangsstufe 12;Sekundarbereich I | Sekundarbereich II | G8 Qualifikationsphase | G8 Einführungsphase | G9 Qualifikationsphase | G9 Einführungsphase;;;;lehrplan;themenbereich;http://purl.obolibrary.org/obo/BFO_0000001 | http://purl.obolibrary.org/obo/BFO_0000002 | http://purl.obolibrary.org/obo/BFO_0000031 | http://purl.obolibrary.org/obo/IAO_0000030 | http://www.w3.org/2002/07/owl#NamedIndividual | Curriculares Element | CE-Bereich | Element (SN) | Lernbereich (SN);Klassenstufe 10;Lernbereich 4:  Licht als Strahl und Welle (9 Ustd.);https://lp-sachsen.org/resource/lernbereich-29259-1;https://lp-sachsen.org/resource/lehrplan-523-1
Sachsen;Gymnasium;Physik;Gymnasium Physik;Jahrgangsstufe 6 | Jahrgangsstufe 7 | Jahrgangsstufe 8 | Jahrgangsstufe 9 | Jahrgangsstufe 10 | Jahrgangsstufe 11 | Jahrgangsstufe 12;Sekundarbereich I | Sekundarbereich II | G8 Qualifikationsphase | G8 Einführungsphase | G9 Qualifikationsphase | G9 Einführungsphase;;;;lehrplan;kompetenz+inhalt;http://purl.obolibrary.org/obo/BFO_0000001 | http://purl.obolibrary.org/obo/BFO_0000002 | http://purl.obolibrary.org/obo/BFO_0000031 | http://purl.obolibrary.org/obo/IAO_0000030 | http://www.w3.org/2002/07/owl#NamedIndividual | Curriculares Element | CE-Lerninhalt | Element (SN) | Lernziel und Lerninhalt (SN);Kennen wichtiger Methoden der Erkenntnisgewinnung in der Astronomie;Licht als Informationsquelle;https://lp-sachsen.org/resource/lernziel-lerninhalt-29347-1;https://lp-sachsen.org/resource/lehrplan-523-1
Sachsen;Gymnasium;Physik;Gymnasium Physik;Jahrgangsstufe 6 | Jahrgangsstufe 7 | Jahrgangsstufe 8 | Jahrgangsstufe 9 | Jahrgangsstufe 10 | Jahrgangsstufe 11 | Jahrgangsstufe 12;Sekundarbereich I | Sekundarbereich II | G8 Qualifikationsphase | G8 Einführungsphase | G9 Qualifikationsphase | G9 Einführungsphase;;;;lehrplan;kompetenz+inhalt;http://purl.obolibrary.org/obo/BFO_0000001 | http://purl.obolibrary.org/obo/BFO_0000002 | http://purl.obolibrary.org/obo/BFO_0000031 | http://purl.obolibrary.org/obo/IAO_0000030 | http://www.w3.org/2002/07/owl#NamedIndividual | Curriculares Element | CE-Lerninhalt | Element (SN) | Lernziel und Lerninhalt (SN);Übertragen der Kenntnisse auf elektromagnetische Wellen;Licht als elektromagnetische Welle;https://lp-sachsen.org/resource/lernziel-lerninhalt-121908-1;https://lp-sachsen.org/resource/lehrplan-523-1
Sachsen;Gymnasium;Physik;Gymnasium Physik;Jahrgangsstufe 6 | Jahrgangsstufe 7 | Jahrgangsstufe 8 | Jahrgangsstufe 9 | Jahrgangsstufe 10 | Jahrgangsstufe 11 | Jahrgangsstufe 12;Sekundarbereich I | Sekundarbereich II | G8 Qualifikationsphase | G8 Einführungsphase | G9 Qualifikationsphase | G9 Einführungsphase;;;;lehrplan;kompetenz+inhalt;http://purl.obolibrary.org/obo/BFO_0000001 | http://purl.obolibrary.org/obo/BFO_0000002 | http://purl.obolibrary.org/obo/BFO_0000031 | http://purl.obolibrary.org/obo/IAO_0000030 | http://www.w3.org/2002/07/owl#NamedIndividual | Curriculares Element | CE-Lerninhalt | Element (SN) | Lernziel und Lerninhalt (SN);Übertragen der Kenntnisse auf elektromagnetische Wellen;Licht als elektromagnetische Welle;https://lp-sachsen.org/resource/lernziel-lerninhalt-122113-1;https://lp-sachsen.org/resource/lehrplan-523-1
Sachsen;Gymnasium;Physik;Gymnasium Physik;Jahrgangsstufe 6 | Jahrgangsstufe 7 | Jahrgangsstufe 8 | Jahrgangsstufe 9 | Jahrgangsstufe 10 | Jahrgangsstufe 11 | Jahrgangsstufe 12;Sekundarbereich I | Sekundarbereich II | G8 Qualifikationsphase | G8 Einführungsphase | G9 Qualifikationsphase | G9 Einführungsphase;;;;lehrplan;kompetenz+inhalt;http://purl.obolibrary.org/obo/BFO_0000001 | http://purl.obolibrary.org/obo/BFO_0000002 | http://purl.obolibrary.org/obo/BFO_0000031 | http://purl.obolibrary.org/obo/IAO_0000030 | http://www.w3.org/2002/07/owl#NamedIndividual | Curriculares Element | CE-Lerninhalt | Element (SN) | Lernziel und Lerninhalt (SN);Licht als elektromagnetische Welle;Licht als transversale Wellenerscheinung, Polarisation;https://lp-sachsen.org/resource/lernziel-lerninhalt-121916-1;https://lp-sachsen.org/resource/lehrplan-523-1
Sachsen;Gymnasium;Physik;Gymnasium Physik;Jahrgangsstufe 6 | Jahrgangsstufe 7 | Jahrgangsstufe 8 | Jahrgangsstufe 9 | Jahrgangsstufe 10 | Jahrgangsstufe 11 | Jahrgangsstufe 12;Sekundarbereich I | Sekundarbereich II | G8 Qualifikationsphase | G8 Einführungsphase | G9 Qualifikationsphase | G9 Einführungsphase;;;;lehrplan;kompetenz+inhalt;http://purl.obolibrary.org/obo/BFO_0000001 | http://purl.obolibrary.org/obo/BFO_0000002 | http://purl.obolibrary.org/obo/BFO_0000031 | http://purl.obolibrary.org/obo/IAO_0000030 | http://www.w3.org/2002/07/owl#NamedIndividual | Curriculares Element | CE-Lerninhalt | Element (SN) | Lernziel und Lerninhalt (SN);Übertragen der Kenntnisse auf elektromagnetische Wellen;Licht als transversale Wellenerscheinung, Polarisation;https://lp-sachsen.org/resource/lernziel-lerninhalt-30511-1;https://lp-sachsen.org/resource/lehrplan-523-1
Sachsen;Gymnasium;Physik;Gymnasium Physik;Jahrgangsstufe 6 | Jahrgangsstufe 7 | Jahrgangsstufe 8 | Jahrgangsstufe 9 | Jahrgangsstufe 10 | Jahrgangsstufe 11 | Jahrgangsstufe 12;Sekundarbereich I | Sekundarbereich II | G8 Qualifikationsphase | G8 Einführungsphase | G9 Qualifikationsphase | G9 Einführungsphase;;;;lehrplan;kompetenz+inhalt;http://purl.obolibrary.org/obo/BFO_0000001 | http://purl.obolibrary.org/obo/BFO_0000002 | http://purl.obolibrary.org/obo/BFO_0000031 | http://purl.obolibrary.org/obo/IAO_0000030 | http://www.w3.org/2002/07/owl#NamedIndividual | Curriculares Element | CE-Lerninhalt | Element (SN) | Lernziel und Lerninhalt (SN);Einteilung der Körper;Lichtquellen und beleuchtete Körper;https://lp-sachsen.org/resource/lernziel-lerninhalt-27162-1;https://lp-sachsen.org/resource/lehrplan-523-1
Sachsen;Gymnasium;Physik;Gymnasium Physik;Jahrgangsstufe 6 | Jahrgangsstufe 7 | Jahrgangsstufe 8 | Jahrgangsstufe 9 | Jahrgangsstufe 10 | Jahrgangsstufe 11 | Jahrgangsstufe 12;Sekundarbereich I | Sekundarbereich II | G8 Qualifikationsphase | G8 Einführungsphase | G9 Qualifikationsphase | G9 Einführungsphase;;;;lehrplan;kompetenz+inhalt;http://purl.obolibrary.org/obo/BFO_0000001 | http://purl.obolibrary.org/obo/BFO_0000002 | http://purl.obolibrary.org/obo/BFO_0000031 | http://purl.obolibrary.org/obo/IAO_0000030 | http://www.w3.org/2002/07/owl#NamedIndividual | Curriculares Element | CE-Lerninhalt | Element (SN) | Lernziel und Lerninhalt (SN);Anwenden der Kenntnisse zur Reflexion und Brechung des Lichts auf die Wirkungsweise von Fernrohren;Lichtsammelvermögen;https://lp-sachsen.org/resource/lernziel-lerninhalt-29400-1;https://lp-sachsen.org/resource/lehrplan-523-1
Sachsen;Gymnasium;Physik;Gymnasium Physik;Jahrgangsstufe 6 | Jahrgangsstufe 7 | Jahrgangsstufe 8 | Jahrgangsstufe 9 | Jahrgangsstufe 10 | Jahrgangsstufe 11 | Jahrgangsstufe 12;Sekundarbereich I | Sekundarbereich II | G8 Qualifikationsphase | G8 Einführungsphase | G9 Qualifikationsphase | G9 Einführungsphase;;;;lehrplan;kompetenz+inhalt;http://purl.obolibrary.org/obo/BFO_0000001 | http://purl.obolibrary.org/obo/BFO_0000002 | http://purl.obolibrary.org/obo/BFO_0000031 | http://purl.obolibrary.org/obo/IAO_0000030 | http://www.w3.org/2002/07/owl#NamedIndividual | Curriculares Element | CE-Lerninhalt | Element (SN) | Lernziel und Lerninhalt (SN);Licht als elektromagnetische Welle;Lichtstrahl als Wellennormale;https://lp-sachsen.org/resource/lernziel-lerninhalt-30503-1;https://lp-sachsen.org/resource/lehrplan-523-1
Sachsen;Gymnasium;Physik;Gymnasium Physik;Jahrgangsstufe 6 | Jahrgangsstufe 7 | Jahrgangsstufe 8 | Jahrgangsstufe 9 | Jahrgangsstufe 10 | Jahrgangsstufe 11 | Jahrgangsstufe 12;Sekundarbereich I | Sekundarbereich II | G8 Qualifikationsphase | G8 Einführungsphase | G9 Qualifikationsphase | G9 Einführungsphase;;;;lehrplan;kompetenz+inhalt;http://purl.obolibrary.org/obo/BFO_0000001 | http://purl.obolibrary.org/obo/BFO_0000002 | http://purl.obolibrary.org/obo/BFO_0000031 | http://purl.obolibrary.org/obo/IAO_0000030 | http://www.w3.org/2002/07/owl#NamedIndividual | Curriculares Element | CE-Lerninhalt | Element (SN) | Lernziel und Lerninhalt (SN);Licht als elektromagnetische Welle;"Lichtstrahl als Wellennormale 
Nachweis des Reflexion- und Brechungsgesetzes für Licht n=c0c, sinαsinβ=n2n1";https://lp-sachsen.org/resource/lernziel-lerninhalt-121912-1;https://lp-sachsen.org/resource/lehrplan-523-1
Sachsen;Gymnasium;Physik;Gymnasium Physik;Jahrgangsstufe 6 | Jahrgangsstufe 7 | Jahrgangsstufe 8 | Jahrgangsstufe 9 | Jahrgangsstufe 10 | Jahrgangsstufe 11 | Jahrgangsstufe 12;Sekundarbereich I | Sekundarbereich II | G8 Qualifikationsphase | G8 Einführungsphase | G9 Qualifikationsphase | G9 Einführungsphase;;;;lehrplan;kompetenz+inhalt;http://purl.obolibrary.org/obo/BFO_0000001 | http://purl.obolibrary.org/obo/BFO_0000002 | http://purl.obolibrary.org/obo/BFO_0000031 | http://purl.obolibrary.org/obo/IAO_0000030 | http://www.w3.org/2002/07/owl#NamedIndividual | Curriculares Element | CE-Lerninhalt | Element (SN) | Lernziel und Lerninhalt (SN);Übertragen der Kenntnisse auf elektromagnetische Wellen;"Nachweis des Reflexions- und Brechungsgesetzes für Licht
n = c0c, sin αsin β = n2n1";https://lp-sachsen.org/resource/lernziel-lerninhalt-30504-1;https://lp-sachsen.org/resource/lehrplan-523-1
Sachsen;Gymnasium;Physik;Gymnasium Physik;Jahrgangsstufe 6 | Jahrgangsstufe 7 | Jahrgangsstufe 8 | Jahrgangsstufe 9 | Jahrgangsstufe 10 | Jahrgangsstufe 11 | Jahrgangsstufe 12;Sekundarbereich I | Sekundarbereich II | G8 Qualifikationsphase | G8 Einführungsphase | G9 Qualifikationsphase | G9 Einführungsphase;;;;lehrplan;kompetenz+inhalt;http://purl.obolibrary.org/obo/BFO_0000001 | http://purl.obolibrary.org/obo/BFO_0000002 | http://purl.obolibrary.org/obo/BFO_0000031 | http://purl.obolibrary.org/obo/IAO_0000030 | http://www.w3.org/2002/07/owl#NamedIndividual | Curriculares Element | CE-Lerninhalt | Element (SN) | Lernziel und Lerninhalt (SN);Anwenden der Kenntnisse auf die Reflexion des Lichts;Reflexion am ebenen Spiegel;https://lp-sachsen.org/resource/lernziel-lerninhalt-27596-1;https://lp-sachsen.org/resource/lehrplan-523-1
Sachsen;Gymnasium;Physik;Gymnasium Physik;Jahrgangsstufe 6 | Jahrgangsstufe 7 | Jahrgangsstufe 8 | Jahrgangsstufe 9 | Jahrgangsstufe 10 | Jahrgangsstufe 11 | Jahrgangsstufe 12;Sekundarbereich I | Sekundarbereich II | G8 Qualifikationsphase | G8 Einführungsphase | G9 Qualifikationsphase | G9 Einführungsphase;;;;lehrplan;kompetenz+inhalt;http://purl.obolibrary.org/obo/BFO_0000001 | http://purl.obolibrary.org/obo/BFO_0000002 | http://purl.obolibrary.org/obo/BFO_0000031 | http://purl.obolibrary.org/obo/IAO_0000030 | http://www.w3.org/2002/07/owl#NamedIndividual | Curriculares Element | CE-Lerninhalt | Element (SN) | Lernziel und Lerninhalt (SN);Anwenden der Kenntnisse auf die Reflexion des Lichts;Reflexion an gekrümmten Spiegeln;https://lp-sachsen.org/resource/lernziel-lerninhalt-27604-1;https://lp-sachsen.org/resource/lehrplan-523-1
Sachsen;Gymnasium;Physik;Gymnasium Physik;Jahrgangsstufe 6 | Jahrgangsstufe 7 | Jahrgangsstufe 8 | Jahrgangsstufe 9 | Jahrgangsstufe 10 | Jahrgangsstufe 11 | Jahrgangsstufe 12;Sekundarbereich I | Sekundarbereich II | G8 Qualifikationsphase | G8 Einführungsphase | G9 Qualifikationsphase | G9 Einführungsphase;;;;lehrplan;kompetenz+inhalt;http://purl.obolibrary.org/obo/BFO_0000001 | http://purl.obolibrary.org/obo/BFO_0000002 | http://purl.obolibrary.org/obo/BFO_0000031 | http://purl.obolibrary.org/obo/IAO_0000030 | http://www.w3.org/2002/07/owl#NamedIndividual | Curriculares Element | CE-Lerninhalt | Element (SN) | Lernziel und Lerninhalt (SN);Anwenden der Eigenschaften Reflexion, Brechung, Beugung und Interferenz auf die Ausbreitung von Wellen;Reflexions- und Brechungsgesetz sinαsinβ=v1v2;https://lp-sachsen.org/resource/lernziel-lerninhalt-121900-1;https://lp-sachsen.org/resource/lehrplan-523-1
Sachsen;Gymnasium;Physik;Gymnasium Physik;Jahrgangsstufe 6 | Jahrgangsstufe 7 | Jahrgangsstufe 8 | Jahrgangsstufe 9 | Jahrgangsstufe 10 | Jahrgangsstufe 11 | Jahrgangsstufe 12;Sekundarbereich I | Sekundarbereich II | G8 Qualifikationsphase | G8 Einführungsphase | G9 Qualifikationsphase | G9 Einführungsphase;;;;lehrplan;kompetenz+inhalt;http://purl.obolibrary.org/obo/BFO_0000001 | http://purl.obolibrary.org/obo/BFO_0000002 | http://purl.obolibrary.org/obo/BFO_0000031 | http://purl.obolibrary.org/obo/IAO_0000030 | http://www.w3.org/2002/07/owl#NamedIndividual | Curriculares Element | CE-Lerninhalt | Element (SN) | Lernziel und Lerninhalt (SN);Übertragen der Kenntnisse über die Bildentstehung an Sammellinsen auf einfache optische Geräte;SE: Bilder an Sammellinsen;https://lp-sachsen.org/resource/lernziel-lerninhalt-27616-1;https://lp-sachsen.org/resource/lehrplan-523-1
Sachsen;Gymnasium;Physik;Gymnasium Physik;Jahrgangsstufe 6 | Jahrgangsstufe 7 | Jahrgangsstufe 8 | Jahrgangsstufe 9 | Jahrgangsstufe 10 | Jahrgangsstufe 11 | Jahrgangsstufe 12;Sekundarbereich I | Sekundarbereich II | G8 Qualifikationsphase | G8 Einführungsphase | G9 Qualifikationsphase | G9 Einführungsphase;;;;lehrplan;kompetenz+inhalt;http://purl.obolibrary.org/obo/BFO_0000001 | http://purl.obolibrary.org/obo/BFO_0000002 | http://purl.obolibrary.org/obo/BFO_0000031 | http://purl.obolibrary.org/obo/IAO_0000030 | http://www.w3.org/2002/07/owl#NamedIndividual | Curriculares Element | CE-Lerninhalt | Element (SN) | Lernziel und Lerninhalt (SN);Anwenden der Kenntnisse auf die Brechung des Lichts;SE: Brechungsgesetz qualitativ;https://lp-sachsen.org/resource/lernziel-lerninhalt-27606-1;https://lp-sachsen.org/resource/lehrplan-523-1
Sachsen;Gymnasium;Physik;Gymnasium Physik;Jahrgangsstufe 6 | Jahrgangsstufe 7 | Jahrgangsstufe 8 | Jahrgangsstufe 9 | Jahrgangsstufe 10 | Jahrgangsstufe 11 | Jahrgangsstufe 12;Sekundarbereich I | Sekundarbereich II | G8 Qualifikationsphase | G8 Einführungsphase | G9 Qualifikationsphase | G9 Einführungsphase;;;;lehrplan;kompetenz+inhalt;http://purl.obolibrary.org/obo/BFO_0000001 | http://purl.obolibrary.org/obo/BFO_0000002 | http://purl.obolibrary.org/obo/BFO_0000031 | http://purl.obolibrary.org/obo/IAO_0000030 | http://www.w3.org/2002/07/owl#NamedIndividual | Curriculares Element | CE-Lerninhalt | Element (SN) | Lernziel und Lerninhalt (SN);Anwenden der Kenntnisse auf die Reflexion des Lichts;SE: Reflexionsgesetz α = α';https://lp-sachsen.org/resource/lernziel-lerninhalt-27600-1;https://lp-sachsen.org/resource/lehrplan-523-1
Sachsen;Gymnasium;Physik;Gymnasium Physik;Jahrgangsstufe 6 | Jahrgangsstufe 7 | Jahrgangsstufe 8 | Jahrgangsstufe 9 | Jahrgangsstufe 10 | Jahrgangsstufe 11 | Jahrgangsstufe 12;Sekundarbereich I | Sekundarbereich II | G8 Qualifikationsphase | G8 Einführungsphase | G9 Qualifikationsphase | G9 Einführungsphase;;;;lehrplan;kompetenz+inhalt;http://purl.obolibrary.org/obo/BFO_0000001 | http://purl.obolibrary.org/obo/BFO_0000002 | http://purl.obolibrary.org/obo/BFO_0000031 | http://purl.obolibrary.org/obo/IAO_0000030 | http://www.w3.org/2002/07/owl#NamedIndividual | Curriculares Element | CE-Lerninhalt | Element (SN) | Lernziel und Lerninhalt (SN);Kennen von Phänomenen der Lichtausbreitung;SE: Schattenbildung;https://lp-sachsen.org/resource/lernziel-lerninhalt-27591-1;https://lp-sachsen.org/resource/lehrplan-523-1
Sachsen;Gymnasium;Physik;Gymnasium Physik;Jahrgangsstufe 6 | Jahrgangsstufe 7 | Jahrgangsstufe 8 | Jahrgangsstufe 9 | Jahrgangsstufe 10 | Jahrgangsstufe 11 | Jahrgangsstufe 12;Sekundarbereich I | Sekundarbereich II | G8 Qualifikationsphase | G8 Einführungsphase | G9 Qualifikationsphase | G9 Einführungsphase;;;;lehrplan;kompetenz+inhalt;http://purl.obolibrary.org/obo/BFO_0000001 | http://purl.obolibrary.org/obo/BFO_0000002 | http://purl.obolibrary.org/obo/BFO_0000031 | http://purl.obolibrary.org/obo/IAO_0000030 | http://www.w3.org/2002/07/owl#NamedIndividual | Curriculares Element | CE-Lerninhalt | Element (SN) | Lernziel und Lerninhalt (SN);Licht als elektromagnetische Welle;SE: Wellenlänge von Licht;https://lp-sachsen.org/resource/lernziel-lerninhalt-121915-1;https://lp-sachsen.org/resource/lehrplan-523-1
Sachsen;Gymnasium;Physik;Gymnasium Physik;Jahrgangsstufe 6 | Jahrgangsstufe 7 | Jahrgangsstufe 8 | Jahrgangsstufe 9 | Jahrgangsstufe 10 | Jahrgangsstufe 11 | Jahrgangsstufe 12;Sekundarbereich I | Sekundarbereich II | G8 Qualifikationsphase | G8 Einführungsphase | G9 Qualifikationsphase | G9 Einführungsphase;;;;lehrplan;kompetenz+inhalt;http://purl.obolibrary.org/obo/BFO_0000001 | http://purl.obolibrary.org/obo/BFO_0000002 | http://purl.obolibrary.org/obo/BFO_0000031 | http://purl.obolibrary.org/obo/IAO_0000030 | http://www.w3.org/2002/07/owl#NamedIndividual | Curriculares Element | CE-Lerninhalt | Element (SN) | Lernziel und Lerninhalt (SN);Beugung und Interferenz von Licht;SE: Wellenlänge von Licht;https://lp-sachsen.org/resource/lernziel-lerninhalt-122120-1;https://lp-sachsen.org/resource/lehrplan-523-1
Sachsen;Gymnasium;Physik;Gymnasium Physik;Jahrgangsstufe 6 | Jahrgangsstufe 7 | Jahrgangsstufe 8 | Jahrgangsstufe 9 | Jahrgangsstufe 10 | Jahrgangsstufe 11 | Jahrgangsstufe 12;Sekundarbereich I | Sekundarbereich II | G8 Qualifikationsphase | G8 Einführungsphase | G9 Qualifikationsphase | G9 Einführungsphase;;;;lehrplan;kompetenz+inhalt;http://purl.obolibrary.org/obo/BFO_0000001 | http://purl.obolibrary.org/obo/BFO_0000002 | http://purl.obolibrary.org/obo/BFO_0000031 | http://purl.obolibrary.org/obo/IAO_0000030 | http://www.w3.org/2002/07/owl#NamedIndividual | Curriculares Element | CE-Lerninhalt | Element (SN) | Lernziel und Lerninhalt (SN);Auswertung der Strahlung von Gestirnen;Spektralanalyse, Photosphärentemperatur, Strahlungsleistung;https://lp-sachsen.org/resource/lernziel-lerninhalt-29351-1;https://lp-sachsen.org/resource/lehrplan-523-1
Sachsen;Gymnasium;Physik;Gymnasium Physik;Jahrgangsstufe 6 | Jahrgangsstufe 7 | Jahrgangsstufe 8 | Jahrgangsstufe 9 | Jahrgangsstufe 10 | Jahrgangsstufe 11 | Jahrgangsstufe 12;Sekundarbereich I | Sekundarbereich II | G8 Qualifikationsphase | G8 Einführungsphase | G9 Qualifikationsphase | G9 Einführungsphase;;;;lehrplan;kompetenz+inhalt;http://purl.obolibrary.org/obo/BFO_0000001 | http://purl.obolibrary.org/obo/BFO_0000002 | http://purl.obolibrary.org/obo/BFO_0000031 | http://purl.obolibrary.org/obo/IAO_0000030 | http://www.w3.org/2002/07/owl#NamedIndividual | Curriculares Element | CE-Lerninhalt | Element (SN) | Lernziel und Lerninhalt (SN);Anwenden der Kenntnisse auf die Brechung des Lichts;Strahlengang am Prisma;https://lp-sachsen.org/resource/lernziel-lerninhalt-27607-1;https://lp-sachsen.org/resource/lehrplan-523-1
Sachsen;Gymnasium;Physik;Gymnasium Physik;Jahrgangsstufe 6 | Jahrgangsstufe 7 | Jahrgangsstufe 8 | Jahrgangsstufe 9 | Jahrgangsstufe 10 | Jahrgangsstufe 11 | Jahrgangsstufe 12;Sekundarbereich I | Sekundarbereich II | G8 Qualifikationsphase | G8 Einführungsphase | G9 Qualifikationsphase | G9 Einführungsphase;;;;lehrplan;kompetenz+inhalt;http://purl.obolibrary.org/obo/BFO_0000001 | http://purl.obolibrary.org/obo/BFO_0000002 | http://purl.obolibrary.org/obo/BFO_0000031 | http://purl.obolibrary.org/obo/IAO_0000030 | http://www.w3.org/2002/07/owl#NamedIndividual | Curriculares Element | CE-Lerninhalt | Element (SN) | Lernziel und Lerninhalt (SN);Übertragen der Kenntnisse über die Bildentstehung an Sammellinsen auf einfache optische Geräte;Strahlengang an Sammellinsen;https://lp-sachsen.org/resource/lernziel-lerninhalt-27612-1;https://lp-sachsen.org/resource/lehrplan-523-1
Sachsen;Gymnasium;Physik;Gymnasium Physik;Jahrgangsstufe 6 | Jahrgangsstufe 7 | Jahrgangsstufe 8 | Jahrgangsstufe 9 | Jahrgangsstufe 10 | Jahrgangsstufe 11 | Jahrgangsstufe 12;Sekundarbereich I | Sekundarbereich II | G8 Qualifikationsphase | G8 Einführungsphase | G9 Qualifikationsphase | G9 Einführungsphase;;;;lehrplan;kompetenz+inhalt;http://purl.obolibrary.org/obo/BFO_0000001 | http://purl.obolibrary.org/obo/BFO_0000002 | http://purl.obolibrary.org/obo/BFO_0000031 | http://purl.obolibrary.org/obo/IAO_0000030 | http://www.w3.org/2002/07/owl#NamedIndividual | Curriculares Element | CE-Lerninhalt | Element (SN) | Lernziel und Lerninhalt (SN);Radioaktivität;Strahlungsarten;https://lp-sachsen.org/resource/lernziel-lerninhalt-206082-1;https://lp-sachsen.org/resource/lehrplan-523-1
Sachsen;Gymnasium;Physik;Gymnasium Physik;Jahrgangsstufe 6 | Jahrgangsstufe 7 | Jahrgangsstufe 8 | Jahrgangsstufe 9 | Jahrgangsstufe 10 | Jahrgangsstufe 11 | Jahrgangsstufe 12;Sekundarbereich I | Sekundarbereich II | G8 Qualifikationsphase | G8 Einführungsphase | G9 Qualifikationsphase | G9 Einführungsphase;;;;lehrplan;kompetenz+inhalt;http://purl.obolibrary.org/obo/BFO_0000001 | http://purl.obolibrary.org/obo/BFO_0000002 | http://purl.obolibrary.org/obo/BFO_0000031 | http://purl.obolibrary.org/obo/IAO_0000030 | http://www.w3.org/2002/07/owl#NamedIndividual | Curriculares Element | CE-Lerninhalt | Element (SN) | Lernziel und Lerninhalt (SN);Kennen der Grundlagen der Klimaphysik;Strahlungshaushalt der Erde;https://lp-sachsen.org/resource/lernziel-lerninhalt-28319-1;https://lp-sachsen.org/resource/lehrplan-523-1
Sachsen;Gymnasium;Physik;Gymnasium Physik;Jahrgangsstufe 6 | Jahrgangsstufe 7 | Jahrgangsstufe 8 | Jahrgangsstufe 9 | Jahrgangsstufe 10 | Jahrgangsstufe 11 | Jahrgangsstufe 12;Sekundarbereich I | Sekundarbereich II | G8 Qualifikationsphase | G8 Einführungsphase | G9 Qualifikationsphase | G9 Einführungsphase;;;;lehrplan;kompetenz+inhalt;http://purl.obolibrary.org/obo/BFO_0000001 | http://purl.obolibrary.org/obo/BFO_0000002 | http://purl.obolibrary.org/obo/BFO_0000031 | http://purl.obolibrary.org/obo/IAO_0000030 | http://www.w3.org/2002/07/owl#NamedIndividual | Curriculares Element | CE-Lerninhalt | Element (SN) | Lernziel und Lerninhalt (SN);Sonne;Strahlungsleistung;https://lp-sachsen.org/resource/lernziel-lerninhalt-29325-1;https://lp-sachsen.org/resource/lehrplan-523-1
Sachsen;Gymnasium;Physik;Gymnasium Physik;Jahrgangsstufe 6 | Jahrgangsstufe 7 | Jahrgangsstufe 8 | Jahrgangsstufe 9 | Jahrgangsstufe 10 | Jahrgangsstufe 11 | Jahrgangsstufe 12;Sekundarbereich I | Sekundarbereich II | G8 Qualifikationsphase | G8 Einführungsphase | G9 Qualifikationsphase | G9 Einführungsphase;;;;lehrplan;kompetenz+inhalt;http://purl.obolibrary.org/obo/BFO_0000001 | http://purl.obolibrary.org/obo/BFO_0000002 | http://purl.obolibrary.org/obo/BFO_0000031 | http://purl.obolibrary.org/obo/IAO_0000030 | http://www.w3.org/2002/07/owl#NamedIndividual | Curriculares Element | CE-Lerninhalt | Element (SN) | Lernziel und Lerninhalt (SN);Beurteilen der Radioaktivität als Erscheinung der Natur;Strahlungs­arten α, β, γ;https://lp-sachsen.org/resource/lernziel-lerninhalt-121967-1;https://lp-sachsen.org/resource/lehrplan-523-1
Sachsen;Gymnasium;Physik;Gymnasium Physik;Jahrgangsstufe 6 | Jahrgangsstufe 7 | Jahrgangsstufe 8 | Jahrgangsstufe 9 | Jahrgangsstufe 10 | Jahrgangsstufe 11 | Jahrgangsstufe 12;Sekundarbereich I | Sekundarbereich II | G8 Qualifikationsphase | G8 Einführungsphase | G9 Qualifikationsphase | G9 Einführungsphase;;;;lehrplan;kompetenz+inhalt;http://purl.obolibrary.org/obo/BFO_0000001 | http://purl.obolibrary.org/obo/BFO_0000002 | http://purl.obolibrary.org/obo/BFO_0000031 | http://purl.obolibrary.org/obo/IAO_0000030 | http://www.w3.org/2002/07/owl#NamedIndividual | Curriculares Element | CE-Lerninhalt | Element (SN) | Lernziel und Lerninhalt (SN);Beurteilen der Radioaktivität als Erscheinung der Natur;Strahlungs­arten α, β, γ;https://lp-sachsen.org/resource/lernziel-lerninhalt-122577-1;https://lp-sachsen.org/resource/lehrplan-523-1
Sachsen;Gymnasium;Physik;Gymnasium Physik;Jahrgangsstufe 6 | Jahrgangsstufe 7 | Jahrgangsstufe 8 | Jahrgangsstufe 9 | Jahrgangsstufe 10 | Jahrgangsstufe 11 | Jahrgangsstufe 12;Sekundarbereich I | Sekundarbereich II | G8 Qualifikationsphase | G8 Einführungsphase | G9 Qualifikationsphase | G9 Einführungsphase;;;;lehrplan;kompetenz+inhalt;http://purl.obolibrary.org/obo/BFO_0000001 | http://purl.obolibrary.org/obo/BFO_0000002 | http://purl.obolibrary.org/obo/BFO_0000031 | http://purl.obolibrary.org/obo/IAO_0000030 | http://www.w3.org/2002/07/owl#NamedIndividual | Curriculares Element | CE-Lerninhalt | Element (SN) | Lernziel und Lerninhalt (SN);Ausbreitungseigenschaften des Lichts;Umkehrung des Lichtwegs;https://lp-sachsen.org/resource/lernziel-lerninhalt-27590-1;https://lp-sachsen.org/resource/lehrplan-523-1
Sachsen;Gymnasium;Physik;Gymnasium Physik;Jahrgangsstufe 6 | Jahrgangsstufe 7 | Jahrgangsstufe 8 | Jahrgangsstufe 9 | Jahrgangsstufe 10 | Jahrgangsstufe 11 | Jahrgangsstufe 12;Sekundarbereich I | Sekundarbereich II | G8 Qualifikationsphase | G8 Einführungsphase | G9 Qualifikationsphase | G9 Einführungsphase;;;;lehrplan;kompetenz+inhalt;http://purl.obolibrary.org/obo/BFO_0000001 | http://purl.obolibrary.org/obo/BFO_0000002 | http://purl.obolibrary.org/obo/BFO_0000031 | http://purl.obolibrary.org/obo/IAO_0000030 | http://www.w3.org/2002/07/owl#NamedIndividual | Curriculares Element | CE-Lerninhalt | Element (SN) | Lernziel und Lerninhalt (SN);Beherrschen des Umgangs mit Größen und Gesetzen der Kinematik;Unterscheidung von Durchschnitts- und Augenblicksgeschwindigkeit;https://lp-sachsen.org/resource/lernziel-lerninhalt-28625-1;https://lp-sachsen.org/resource/lehrplan-523-1
Sachsen;Gymnasium;Physik;Gymnasium Physik;Jahrgangsstufe 6 | Jahrgangsstufe 7 | Jahrgangsstufe 8 | Jahrgangsstufe 9 | Jahrgangsstufe 10 | Jahrgangsstufe 11 | Jahrgangsstufe 12;Sekundarbereich I | Sekundarbereich II | G8 Qualifikationsphase | G8 Einführungsphase | G9 Qualifikationsphase | G9 Einführungsphase;;;;lehrplan;kompetenz+inhalt;http://purl.obolibrary.org/obo/BFO_0000001 | http://purl.obolibrary.org/obo/BFO_0000002 | http://purl.obolibrary.org/obo/BFO_0000031 | http://purl.obolibrary.org/obo/IAO_0000030 | http://www.w3.org/2002/07/owl#NamedIndividual | Curriculares Element | CE-Lerninhalt | Element (SN) | Lernziel und Lerninhalt (SN);Anwenden der Kenntnisse zur Optik auf Fotoapparat und Auge;Vergleich von Auge und Fotoapparat;https://lp-sachsen.org/resource/lernziel-lerninhalt-27794-1;https://lp-sachsen.org/resource/lehrplan-523-1
Sachsen;Gymnasium;Physik;Gymnasium Physik;Jahrgangsstufe 6 | Jahrgangsstufe 7 | Jahrgangsstufe 8 | Jahrgangsstufe 9 | Jahrgangsstufe 10 | Jahrgangsstufe 11 | Jahrgangsstufe 12;Sekundarbereich I | Sekundarbereich II | G8 Qualifikationsphase | G8 Einführungsphase | G9 Qualifikationsphase | G9 Einführungsphase;;;;lehrplan;themenbereich;http://purl.obolibrary.org/obo/BFO_0000001 | http://purl.obolibrary.org/obo/BFO_0000002 | http://purl.obolibrary.org/obo/BFO_0000031 | http://purl.obolibrary.org/obo/IAO_0000030 | http://www.w3.org/2002/07/owl#NamedIndividual | Curriculares Element | CE-Bereich | Element (SN) | Wahlbereich (SN);Klassenstufe 6;Wahlbereich 1:  Sehen und Fotografieren;https://lp-sachsen.org/resource/wahlbereich-27572-1;https://lp-sachsen.org/resource/lehrplan-523-1
Sachsen;Gymnasium;Physik;Gymnasium Physik;Jahrgangsstufe 6 | Jahrgangsstufe 7 | Jahrgangsstufe 8 | Jahrgangsstufe 9 | Jahrgangsstufe 10 | Jahrgangsstufe 11 | Jahrgangsstufe 12;Sekundarbereich I | Sekundarbereich II | G8 Qualifikationsphase | G8 Einführungsphase | G9 Qualifikationsphase | G9 Einführungsphase;;;;lehrplan;themenbereich;http://purl.obolibrary.org/obo/BFO_0000001 | http://purl.obolibrary.org/obo/BFO_0000002 | http://purl.obolibrary.org/obo/BFO_0000031 | http://purl.obolibrary.org/obo/IAO_0000030 | http://www.w3.org/2002/07/owl#NamedIndividual | Curriculares Element | CE-Bereich | Element (SN) | Wahlbereich (SN);Klassenstufe 10;Wahlbereich 1: Fernrohre;https://lp-sachsen.org/resource/wahlbereich-29264-1;https://lp-sachsen.org/resource/lehrplan-523-1
Sachsen;Gymnasium;Physik;Gymnasium Physik;Jahrgangsstufe 6 | Jahrgangsstufe 7 | Jahrgangsstufe 8 | Jahrgangsstufe 9 | Jahrgangsstufe 10 | Jahrgangsstufe 11 | Jahrgangsstufe 12;Sekundarbereich I | Sekundarbereich II | G8 Qualifikationsphase | G8 Einführungsphase | G9 Qualifikationsphase | G9 Einführungsphase;;;;lehrplan;themenbereich;http://purl.obolibrary.org/obo/BFO_0000001 | http://purl.obolibrary.org/obo/BFO_0000002 | http://purl.obolibrary.org/obo/BFO_0000031 | http://purl.obolibrary.org/obo/IAO_0000030 | http://www.w3.org/2002/07/owl#NamedIndividual | Curriculares Element | CE-Bereich | Element (SN) | Wahlbereich (SN);Klassenstufe 6;Wahlbereich 3: Farben;https://lp-sachsen.org/resource/wahlbereich-27575-1;https://lp-sachsen.org/resource/lehrplan-523-1
Sachsen;Gymnasium;Physik;Gymnasium Physik;Jahrgangsstufe 6 | Jahrgangsstufe 7 | Jahrgangsstufe 8 | Jahrgangsstufe 9 | Jahrgangsstufe 10 | Jahrgangsstufe 11 | Jahrgangsstufe 12;Sekundarbereich I | Sekundarbereich II | G8 Qualifikationsphase | G8 Einführungsphase | G9 Qualifikationsphase | G9 Einführungsphase;;;;lehrplan;kompetenz+inhalt;http://purl.obolibrary.org/obo/BFO_0000001 | http://purl.obolibrary.org/obo/BFO_0000002 | http://purl.obolibrary.org/obo/BFO_0000031 | http://purl.obolibrary.org/obo/IAO_0000030 | http://www.w3.org/2002/07/owl#NamedIndividual | Curriculares Element | CE-Lerninhalt | Element (SN) | Lernziel und Lerninhalt (SN);Einblick gewinnen in die Entstehung der Farben;Wahrnehmung der Körperfarbe bei Bestrahlung mit farbigem Licht;https://lp-sachsen.org/resource/lernziel-lerninhalt-27813-1;https://lp-sachsen.org/resource/lehrplan-523-1
Sachsen;Gymnasium;Physik;Gymnasium Physik;Jahrgangsstufe 6 | Jahrgangsstufe 7 | Jahrgangsstufe 8 | Jahrgangsstufe 9 | Jahrgangsstufe 10 | Jahrgangsstufe 11 | Jahrgangsstufe 12;Sekundarbereich I | Sekundarbereich II | G8 Qualifikationsphase | G8 Einführungsphase | G9 Qualifikationsphase | G9 Einführungsphase;;;;lehrplan;kompetenz+inhalt;http://purl.obolibrary.org/obo/BFO_0000001 | http://purl.obolibrary.org/obo/BFO_0000002 | http://purl.obolibrary.org/obo/BFO_0000031 | http://purl.obolibrary.org/obo/IAO_0000030 | http://www.w3.org/2002/07/owl#NamedIndividual | Curriculares Element | CE-Lerninhalt | Element (SN) | Lernziel und Lerninhalt (SN);Anwenden der Kenntnisse bei der Nutzung radioaktiver Strahlung;Wechselwirkung von Strahlung und Materie;https://lp-sachsen.org/resource/lernziel-lerninhalt-122599-1;https://lp-sachsen.org/resource/lehrplan-523-1
Sachsen;Gymnasium;Physik;Gymnasium Physik;Jahrgangsstufe 6 | Jahrgangsstufe 7 | Jahrgangsstufe 8 | Jahrgangsstufe 9 | Jahrgangsstufe 10 | Jahrgangsstufe 11 | Jahrgangsstufe 12;Sekundarbereich I | Sekundarbereich II | G8 Qualifikationsphase | G8 Einführungsphase | G9 Qualifikationsphase | G9 Einführungsphase;;;;lehrplan;kompetenz+inhalt;http://purl.obolibrary.org/obo/BFO_0000001 | http://purl.obolibrary.org/obo/BFO_0000002 | http://purl.obolibrary.org/obo/BFO_0000031 | http://purl.obolibrary.org/obo/IAO_0000030 | http://www.w3.org/2002/07/owl#NamedIndividual | Curriculares Element | CE-Lerninhalt | Element (SN) | Lernziel und Lerninhalt (SN);Einblick gewinnen in die Entstehung der Farben;Zerlegung weißen Lichts durch Brechung;https://lp-sachsen.org/resource/lernziel-lerninhalt-27810-1;https://lp-sachsen.org/resource/lehrplan-523-1
Sachsen;Gymnasium;Physik;Gymnasium Physik;Jahrgangsstufe 6 | Jahrgangsstufe 7 | Jahrgangsstufe 8 | Jahrgangsstufe 9 | Jahrgangsstufe 10 | Jahrgangsstufe 11 | Jahrgangsstufe 12;Sekundarbereich I | Sekundarbereich II | G8 Qualifikationsphase | G8 Einführungsphase | G9 Qualifikationsphase | G9 Einführungsphase;;;;lehrplan;kompetenz+inhalt;http://purl.obolibrary.org/obo/BFO_0000001 | http://purl.obolibrary.org/obo/BFO_0000002 | http://purl.obolibrary.org/obo/BFO_0000031 | http://purl.obolibrary.org/obo/IAO_0000030 | http://www.w3.org/2002/07/owl#NamedIndividual | Curriculares Element | CE-Lerninhalt | Element (SN) | Lernziel und Lerninhalt (SN);Übertragen der Kenntnisse mechanischer Wellen auf Licht;"gleichförmige Ausbreitung des Lichts
c = λ·f";https://lp-sachsen.org/resource/lernziel-lerninhalt-29365-1;https://lp-sachsen.org/resource/lehrplan-523-1
Sachsen;Gymnasium;Physik;Gymnasium Physik;Jahrgangsstufe 6 | Jahrgangsstufe 7 | Jahrgangsstufe 8 | Jahrgangsstufe 9 | Jahrgangsstufe 10 | Jahrgangsstufe 11 | Jahrgangsstufe 12;Sekundarbereich I | Sekundarbereich II | G8 Qualifikationsphase | G8 Einführungsphase | G9 Qualifikationsphase | G9 Einführungsphase;;;;lehrplan;kompetenz+inhalt;http://purl.obolibrary.org/obo/BFO_0000001 | http://purl.obolibrary.org/obo/BFO_0000002 | http://purl.obolibrary.org/obo/BFO_0000031 | http://purl.obolibrary.org/obo/IAO_0000030 | http://www.w3.org/2002/07/owl#NamedIndividual | Curriculares Element | CE-Lerninhalt | Element (SN) | Lernziel und Lerninhalt (SN);Anwenden der Energieformen beim Beschreiben von Energieumwandlung bzw. Energieübertragung;kinetische und potentielle Energie, thermische Energie, chemische Energie, elektrische Energie, Strahlungsenergie;https://lp-sachsen.org/resource/lernziel-lerninhalt-27968-1;https://lp-sachsen.org/resource/lehrplan-523-1
Sachsen;Gymnasium;Physik;Gymnasium Physik;Jahrgangsstufe 6 | Jahrgangsstufe 7 | Jahrgangsstufe 8 | Jahrgangsstufe 9 | Jahrgangsstufe 10 | Jahrgangsstufe 11 | Jahrgangsstufe 12;Sekundarbereich I | Sekundarbereich II | G8 Qualifikationsphase | G8 Einführungsphase | G9 Qualifikationsphase | G9 Einführungsphase;;;;lehrplan;kompetenz+inhalt;http://purl.obolibrary.org/obo/BFO_0000001 | http://purl.obolibrary.org/obo/BFO_0000002 | http://purl.obolibrary.org/obo/BFO_0000031 | http://purl.obolibrary.org/obo/IAO_0000030 | http://www.w3.org/2002/07/owl#NamedIndividual | Curriculares Element | CE-Lerninhalt | Element (SN) | Lernziel und Lerninhalt (SN);Einteilung der Körper;lichtdurchlässige und lichtundurchlässige Körper;https://lp-sachsen.org/resource/lernziel-lerninhalt-27584-1;https://lp-sachsen.org/resource/lehrplan-523-1
Sachsen;Gymnasium;Physik;Gymnasium Physik;Jahrgangsstufe 6 | Jahrgangsstufe 7 | Jahrgangsstufe 8 | Jahrgangsstufe 9 | Jahrgangsstufe 10 | Jahrgangsstufe 11 | Jahrgangsstufe 12;Sekundarbereich I | Sekundarbereich II | G8 Qualifikationsphase | G8 Einführungsphase | G9 Qualifikationsphase | G9 Einführungsphase;;;;lehrplan;kompetenz+inhalt;http://purl.obolibrary.org/obo/BFO_0000001 | http://purl.obolibrary.org/obo/BFO_0000002 | http://purl.obolibrary.org/obo/BFO_0000031 | http://purl.obolibrary.org/obo/IAO_0000030 | http://www.w3.org/2002/07/owl#NamedIndividual | Curriculares Element | CE-Lerninhalt | Element (SN) | Lernziel und Lerninhalt (SN);Inhalte;Übertragen der Kenntnisse über die Bildentstehung an Sammellinsen auf einfache optische Geräte;https://lp-sachsen.org/resource/lernziel-lerninhalt-27610-1;https://lp-sachsen.org/resource/lehrplan-523-1
Sachsen;Gymnasium;Physik;Gymnasium Physik;Jahrgangsstufe 6 | Jahrgangsstufe 7 | Jahrgangsstufe 8 | Jahrgangsstufe 9 | Jahrgangsstufe 10 | Jahrgangsstufe 11 | Jahrgangsstufe 12;Sekundarbereich I | Sekundarbereich II | G8 Qualifikationsphase | G8 Einführungsphase | G9 Qualifikationsphase | G9 Einführungsphase;;;;lehrplan;kompetenz+inhalt;http://purl.obolibrary.org/obo/BFO_0000001 | http://purl.obolibrary.org/obo/BFO_0000002 | http://purl.obolibrary.org/obo/BFO_0000031 | http://purl.obolibrary.org/obo/IAO_0000030 | http://www.w3.org/2002/07/owl#NamedIndividual | Curriculares Element | CE-Lerninhalt | Element (SN) | Lernziel und Lerninhalt (SN);Inhalte;Übertragen der Kenntnisse mechanischer Wellen auf Licht;https://lp-sachsen.org/resource/lernziel-lerninhalt-29364-1;https://lp-sachsen.org/resource/lehrplan-523-1
Sachsen;Gymnasium;Physik;Gymnasium Physik;Jahrgangsstufe 6 | Jahrgangsstufe 7 | Jahrgangsstufe 8 | Jahrgangsstufe 9 | Jahrgangsstufe 10 | Jahrgangsstufe 11 | Jahrgangsstufe 12;Sekundarbereich I | Sekundarbereich II | G8 Qualifikationsphase | G8 Einführungsphase | G9 Qualifikationsphase | G9 Einführungsphase;;;;lehrplan;kompetenz+inhalt;http://purl.obolibrary.org/obo/BFO_0000001 | http://purl.obolibrary.org/obo/BFO_0000002 | http://purl.obolibrary.org/obo/BFO_0000031 | http://purl.obolibrary.org/obo/IAO_0000030 | http://www.w3.org/2002/07/owl#NamedIndividual | Curriculares Element | CE-Lerninhalt | Element (SN) | Lernziel und Lerninhalt (SN);Kennen der Zusammenhänge der Größen Energie, Impuls, Frequenz und Wellenlänge zur Beschreibung von Photonen als Quantenobjekte;äußerer lichtelektrischer Effekt;https://lp-sachsen.org/resource/lernziel-lerninhalt-29646-1;https://lp-sachsen.org/resource/lehrplan-523-1
Sachsen;Gymnasium;Physik;Gymnasium Physik;Jahrgangsstufe 6 | Jahrgangsstufe 7 | Jahrgangsstufe 8 | Jahrgangsstufe 9 | Jahrgangsstufe 10 | Jahrgangsstufe 11 | Jahrgangsstufe 12;Sekundarbereich I | Sekundarbereich II | G8 Qualifikationsphase | G8 Einführungsphase | G9 Qualifikationsphase | G9 Einführungsphase;;;;lehrplan;kompetenz+inhalt;http://purl.obolibrary.org/obo/BFO_0000001 | http://purl.obolibrary.org/obo/BFO_0000002 | http://purl.obolibrary.org/obo/BFO_0000031 | http://purl.obolibrary.org/obo/IAO_0000030 | http://www.w3.org/2002/07/owl#NamedIndividual | Curriculares Element | CE-Lerninhalt | Element (SN) | Lernziel und Lerninhalt (SN);Kennen der Zusammenhänge der Größen Energie, Impuls, Frequenz und Wellenlänge zur Beschreibung von Photonen als Quantenobjekte;äußerer lichtelektrischer Effekt;https://lp-sachsen.org/resource/lernziel-lerninhalt-30520-1;https://lp-sachsen.org/resource/lehrplan-523-1
Rheinland-Pfalz;Schulartübergreifend;Physik;Lehrplan Physik;Jahrgangsstufe 11 | Jahrgangsstufe 12 | Jahrgangsstufe 13;;;;;lehrplan;kompetenz;Kompetenz (RP) | http://purl.obolibrary.org/obo/BFO_0000001 | http://purl.obolibrary.org/obo/BFO_0000002 | http://purl.obolibrary.org/obo/BFO_0000031 | http://purl.obolibrary.org/obo/IAO_0000030 | http://www.w3.org/2002/07/owl#NamedIndividual | Curriculares Element | CE-Kompetenzspezifikation | Element (RP);Atomphysik II;Anwendungen der Röntgenstrahlung in Medizin und Technik;https://lp-rlp.org/resource/kompetenz-26868-1;https://lp-rlp.org/resource/lehrplan-287-1
Rheinland-Pfalz;Schulartübergreifend;Physik;Lehrplan Physik;Jahrgangsstufe 11 | Jahrgangsstufe 12 | Jahrgangsstufe 13;;;;;lehrplan;kompetenz;Kompetenz (RP) | http://purl.obolibrary.org/obo/BFO_0000001 | http://purl.obolibrary.org/obo/BFO_0000002 | http://purl.obolibrary.org/obo/BFO_0000031 | http://purl.obolibrary.org/obo/IAO_0000030 | http://www.w3.org/2002/07/owl#NamedIndividual | Curriculares Element | CE-Kompetenzspezifikation | Element (RP);Mikroobjekte II;"Braggreflexion; Elektronenbeugung";https://lp-rlp.org/resource/kompetenz-19438-1;https://lp-rlp.org/resource/lehrplan-287-1
Rheinland-Pfalz;Schulartübergreifend;Physik;Lehrplan Physik;Jahrgangsstufe 11 | Jahrgangsstufe 12 | Jahrgangsstufe 13;;;;;lehrplan;kompetenz;Kompetenz (RP) | http://purl.obolibrary.org/obo/BFO_0000001 | http://purl.obolibrary.org/obo/BFO_0000002 | http://purl.obolibrary.org/obo/BFO_0000031 | http://purl.obolibrary.org/obo/IAO_0000030 | http://www.w3.org/2002/07/owl#NamedIndividual | Curriculares Element | CE-Kompetenzspezifikation | Element (RP);Wellenoptik I;Doppelspaltexperiment und Wellenmodell des Lichts;https://lp-rlp.org/resource/kompetenz-19392-1;https://lp-rlp.org/resource/lehrplan-287-1
Rheinland-Pfalz;Schulartübergreifend;Physik;Lehrplan Physik;Jahrgangsstufe 11 | Jahrgangsstufe 12 | Jahrgangsstufe 13;;;;;lehrplan;kompetenz;Kompetenz (RP) | http://purl.obolibrary.org/obo/BFO_0000001 | http://purl.obolibrary.org/obo/BFO_0000002 | http://purl.obolibrary.org/obo/BFO_0000031 | http://purl.obolibrary.org/obo/IAO_0000030 | http://www.w3.org/2002/07/owl#NamedIndividual | Curriculares Element | CE-Kompetenzspezifikation | Element (RP);Strahlenbiophysik;"Dosis-Effekt-Kurven; linear-quadratische Funktionen; fraktionierte Bestrahlung";https://lp-rlp.org/resource/kompetenz-26821-1;https://lp-rlp.org/resource/lehrplan-287-1
Rheinland-Pfalz;Schulartübergreifend;Physik;Lehrplan Physik;Jahrgangsstufe 11 | Jahrgangsstufe 12 | Jahrgangsstufe 13;;;;;lehrplan;kompetenz;Kompetenz (RP) | http://purl.obolibrary.org/obo/BFO_0000001 | http://purl.obolibrary.org/obo/BFO_0000002 | http://purl.obolibrary.org/obo/BFO_0000031 | http://purl.obolibrary.org/obo/IAO_0000030 | http://www.w3.org/2002/07/owl#NamedIndividual | Curriculares Element | CE-Kompetenzspezifikation | Element (RP);Strahlenbiophysik;"Energiedeposition im Gewebe; Überlagerung von Röntgenstrahlen";https://lp-rlp.org/resource/kompetenz-26820-1;https://lp-rlp.org/resource/lehrplan-287-1
Rheinland-Pfalz;Schulartübergreifend;Physik;Lehrplan Physik;Jahrgangsstufe 11 | Jahrgangsstufe 12 | Jahrgangsstufe 13;;;;;lehrplan;kompetenz;Kompetenz (RP) | http://purl.obolibrary.org/obo/BFO_0000001 | http://purl.obolibrary.org/obo/BFO_0000002 | http://purl.obolibrary.org/obo/BFO_0000031 | http://purl.obolibrary.org/obo/IAO_0000030 | http://www.w3.org/2002/07/owl#NamedIndividual | Curriculares Element | CE-Kompetenzspezifikation | Element (RP);Kosmologie und Weltbilder;Entwicklung des Universums (Urknalltheorie, Hintergrundstrahlung, Hubble-Gesetz, Weltalter);https://lp-rlp.org/resource/kompetenz-26885-1;https://lp-rlp.org/resource/lehrplan-287-1
Rheinland-Pfalz;Schulartübergreifend;Physik;Lehrplan Physik;Jahrgangsstufe 11 | Jahrgangsstufe 12 | Jahrgangsstufe 13;;;;;lehrplan;kompetenz;Kompetenz (RP) | http://purl.obolibrary.org/obo/BFO_0000001 | http://purl.obolibrary.org/obo/BFO_0000002 | http://purl.obolibrary.org/obo/BFO_0000031 | http://purl.obolibrary.org/obo/IAO_0000030 | http://www.w3.org/2002/07/owl#NamedIndividual | Curriculares Element | CE-Kompetenzspezifikation | Element (RP);Kosmologie und Weltbilder;"Entwicklung des Universums (Urknalltheorie; Hintergrundstrahlung; Hubble-Gesetz; Weltalter)";https://lp-rlp.org/resource/kompetenz-26815-1;https://lp-rlp.org/resource/lehrplan-287-1
Rheinland-Pfalz;Schulartübergreifend;Physik;Lehrplan Physik;Jahrgangsstufe 11 | Jahrgangsstufe 12 | Jahrgangsstufe 13;;;;;lehrplan;kompetenz;Kompetenz (RP) | http://purl.obolibrary.org/obo/BFO_0000001 | http://purl.obolibrary.org/obo/BFO_0000002 | http://purl.obolibrary.org/obo/BFO_0000031 | http://purl.obolibrary.org/obo/IAO_0000030 | http://www.w3.org/2002/07/owl#NamedIndividual | Curriculares Element | CE-Kompetenzspezifikation | Element (RP);Strahlenschutz;"Grenzwerte; Strahlenschutz";https://lp-rlp.org/resource/kompetenz-26895-1;https://lp-rlp.org/resource/lehrplan-287-1
Rheinland-Pfalz;Schulartübergreifend;Physik;Lehrplan Physik;Jahrgangsstufe 11 | Jahrgangsstufe 12 | Jahrgangsstufe 13;;;;;lehrplan;kompetenz;Kompetenz (RP) | http://purl.obolibrary.org/obo/BFO_0000001 | http://purl.obolibrary.org/obo/BFO_0000002 | http://purl.obolibrary.org/obo/BFO_0000031 | http://purl.obolibrary.org/obo/IAO_0000030 | http://www.w3.org/2002/07/owl#NamedIndividual | Curriculares Element | CE-Kompetenzspezifikation | Element (RP);Kernphysik III;"Grenzwerte; Strahlenschutz";https://lp-rlp.org/resource/kompetenz-19448-1;https://lp-rlp.org/resource/lehrplan-287-1
Rheinland-Pfalz;Schulartübergreifend;Physik;Lehrplan Physik;Jahrgangsstufe 11 | Jahrgangsstufe 12 | Jahrgangsstufe 13;;;;;lehrplan;kompetenz;Kompetenz (RP) | http://purl.obolibrary.org/obo/BFO_0000001 | http://purl.obolibrary.org/obo/BFO_0000002 | http://purl.obolibrary.org/obo/BFO_0000031 | http://purl.obolibrary.org/obo/IAO_0000030 | http://www.w3.org/2002/07/owl#NamedIndividual | Curriculares Element | CE-Kompetenzspezifikation | Element (RP);Atomphysik II;Leistungen der Atommodelle (Laser, charakteristische Röntgenstrahlung, Luminiszenz, ...);https://lp-rlp.org/resource/kompetenz-26867-1;https://lp-rlp.org/resource/lehrplan-287-1
Rheinland-Pfalz;Schulartübergreifend;Physik;Lehrplan Physik;Jahrgangsstufe 11 | Jahrgangsstufe 12 | Jahrgangsstufe 13;;;;;lehrplan;kompetenz;Kompetenz (RP) | http://purl.obolibrary.org/obo/BFO_0000001 | http://purl.obolibrary.org/obo/BFO_0000002 | http://purl.obolibrary.org/obo/BFO_0000031 | http://purl.obolibrary.org/obo/IAO_0000030 | http://www.w3.org/2002/07/owl#NamedIndividual | Curriculares Element | CE-Kompetenzspezifikation | Element (RP);Atomphysik II;Leistungen der Atommodelle (chemische Bindung, charakteristische Röntgenstrahlung, Luminiszenz, Laser, ...);https://lp-rlp.org/resource/kompetenz-19441-1;https://lp-rlp.org/resource/lehrplan-287-1
Rheinland-Pfalz;Schulartübergreifend;Physik;Lehrplan Physik;Jahrgangsstufe 11 | Jahrgangsstufe 12 | Jahrgangsstufe 13;;;;;lehrplan;kompetenz;Kompetenz (RP) | http://purl.obolibrary.org/obo/BFO_0000001 | http://purl.obolibrary.org/obo/BFO_0000002 | http://purl.obolibrary.org/obo/BFO_0000031 | http://purl.obolibrary.org/obo/IAO_0000030 | http://www.w3.org/2002/07/owl#NamedIndividual | Curriculares Element | CE-Kompetenzspezifikation | Element (RP);Wellenoptik;Licht als Welle;https://lp-rlp.org/resource/kompetenz-26861-1;https://lp-rlp.org/resource/lehrplan-287-1
Rheinland-Pfalz;Schulartübergreifend;Physik;Lehrplan Physik;Jahrgangsstufe 11 | Jahrgangsstufe 12 | Jahrgangsstufe 13;;;;;lehrplan;kompetenz;Kompetenz (RP) | http://purl.obolibrary.org/obo/BFO_0000001 | http://purl.obolibrary.org/obo/BFO_0000002 | http://purl.obolibrary.org/obo/BFO_0000031 | http://purl.obolibrary.org/obo/IAO_0000030 | http://www.w3.org/2002/07/owl#NamedIndividual | Curriculares Element | CE-Kompetenzspezifikation | Element (RP);Wellen;"Licht als Welle; Doppelspaltexperiment";https://lp-rlp.org/resource/kompetenz-19263-1;https://lp-rlp.org/resource/lehrplan-287-1
Rheinland-Pfalz;Schulartübergreifend;Physik;Lehrplan Physik;Jahrgangsstufe 11 | Jahrgangsstufe 12 | Jahrgangsstufe 13;;;;;lehrplan;kompetenz;Kompetenz (RP) | http://purl.obolibrary.org/obo/BFO_0000001 | http://purl.obolibrary.org/obo/BFO_0000002 | http://purl.obolibrary.org/obo/BFO_0000031 | http://purl.obolibrary.org/obo/IAO_0000030 | http://www.w3.org/2002/07/owl#NamedIndividual | Curriculares Element | CE-Kompetenzspezifikation | Element (RP);Mikroobjekte II;"Röntgenstrahlung; Grenzwellenlänge";https://lp-rlp.org/resource/kompetenz-19439-1;https://lp-rlp.org/resource/lehrplan-287-1
Rheinland-Pfalz;Schulartübergreifend;Physik;Lehrplan Physik;Jahrgangsstufe 11 | Jahrgangsstufe 12 | Jahrgangsstufe 13;;;;;lehrplan;themenbereich;Kompetenzbereich (RP) | http://purl.obolibrary.org/obo/BFO_0000001 | http://purl.obolibrary.org/obo/BFO_0000002 | http://purl.obolibrary.org/obo/BFO_0000031 | http://purl.obolibrary.org/obo/IAO_0000030 | http://www.w3.org/2002/07/owl#NamedIndividual | Curriculares Element | Element (RP) | CE-Bereich;Lehrplan Physik;Strahlenbiophysik;https://lp-rlp.org/resource/kompetenzbereich-6082-1;https://lp-rlp.org/resource/lehrplan-287-1
Rheinland-Pfalz;Schulartübergreifend;Physik;Lehrplan Physik;Jahrgangsstufe 11 | Jahrgangsstufe 12 | Jahrgangsstufe 13;;;;;lehrplan;kompetenz;Kompetenz (RP) | http://purl.obolibrary.org/obo/BFO_0000001 | http://purl.obolibrary.org/obo/BFO_0000002 | http://purl.obolibrary.org/obo/BFO_0000031 | http://purl.obolibrary.org/obo/IAO_0000030 | http://www.w3.org/2002/07/owl#NamedIndividual | Curriculares Element | CE-Kompetenzspezifikation | Element (RP);Strahlenschutz;"Strahlendosen; Transferfaktoren";https://lp-rlp.org/resource/kompetenz-26893-1;https://lp-rlp.org/resource/lehrplan-287-1
Rheinland-Pfalz;Schulartübergreifend;Physik;Lehrplan Physik;Jahrgangsstufe 11 | Jahrgangsstufe 12 | Jahrgangsstufe 13;;;;;lehrplan;kompetenz;Kompetenz (RP) | http://purl.obolibrary.org/obo/BFO_0000001 | http://purl.obolibrary.org/obo/BFO_0000002 | http://purl.obolibrary.org/obo/BFO_0000031 | http://purl.obolibrary.org/obo/IAO_0000030 | http://www.w3.org/2002/07/owl#NamedIndividual | Curriculares Element | CE-Kompetenzspezifikation | Element (RP);Kernphysik III;"Strahlendosen; Transferfaktoren";https://lp-rlp.org/resource/kompetenz-19446-1;https://lp-rlp.org/resource/lehrplan-287-1
Rheinland-Pfalz;Schulartübergreifend;Physik;Lehrplan Physik;Jahrgangsstufe 11 | Jahrgangsstufe 12 | Jahrgangsstufe 13;;;;;lehrplan;kompetenz;Kompetenz (RP) | http://purl.obolibrary.org/obo/BFO_0000001 | http://purl.obolibrary.org/obo/BFO_0000002 | http://purl.obolibrary.org/obo/BFO_0000031 | http://purl.obolibrary.org/obo/IAO_0000030 | http://www.w3.org/2002/07/owl#NamedIndividual | Curriculares Element | CE-Kompetenzspezifikation | Element (RP);Kernphysik III;"Strahlenquellen; Radionuklide";https://lp-rlp.org/resource/kompetenz-19445-1;https://lp-rlp.org/resource/lehrplan-287-1
Rheinland-Pfalz;Schulartübergreifend;Physik;Lehrplan Physik;Jahrgangsstufe 11 | Jahrgangsstufe 12 | Jahrgangsstufe 13;;;;;lehrplan;kompetenz;Kompetenz (RP) | http://purl.obolibrary.org/obo/BFO_0000001 | http://purl.obolibrary.org/obo/BFO_0000002 | http://purl.obolibrary.org/obo/BFO_0000031 | http://purl.obolibrary.org/obo/IAO_0000030 | http://www.w3.org/2002/07/owl#NamedIndividual | Curriculares Element | CE-Kompetenzspezifikation | Element (RP);Strahlenschutz;"Strahlenquellen; Radionuklide";https://lp-rlp.org/resource/kompetenz-26892-1;https://lp-rlp.org/resource/lehrplan-287-1
Rheinland-Pfalz;Schulartübergreifend;Physik;Lehrplan Physik;Jahrgangsstufe 11 | Jahrgangsstufe 12 | Jahrgangsstufe 13;;;;;lehrplan;themenbereich;Kompetenzbereich (RP) | http://purl.obolibrary.org/obo/BFO_0000001 | http://purl.obolibrary.org/obo/BFO_0000002 | http://purl.obolibrary.org/obo/BFO_0000031 | http://purl.obolibrary.org/obo/IAO_0000030 | http://www.w3.org/2002/07/owl#NamedIndividual | Curriculares Element | Element (RP) | CE-Bereich;Lehrplan Physik;Strahlenschutz;https://lp-rlp.org/resource/kompetenzbereich-6109-1;https://lp-rlp.org/resource/lehrplan-287-1
Rheinland-Pfalz;Schulartübergreifend;Physik;Lehrplan Physik;Jahrgangsstufe 11 | Jahrgangsstufe 12 | Jahrgangsstufe 13;;;;;lehrplan;kompetenz;Kompetenz (RP) | http://purl.obolibrary.org/obo/BFO_0000001 | http://purl.obolibrary.org/obo/BFO_0000002 | http://purl.obolibrary.org/obo/BFO_0000031 | http://purl.obolibrary.org/obo/IAO_0000030 | http://www.w3.org/2002/07/owl#NamedIndividual | Curriculares Element | CE-Kompetenzspezifikation | Element (RP);Physik der Atmosphäre / Geophysik;"Strahlungsgesetze; Strahlungsbilanz; Klimamodelle";https://lp-rlp.org/resource/kompetenz-26829-1;https://lp-rlp.org/resource/lehrplan-287-1
Rheinland-Pfalz;Schulartübergreifend;Physik;Lehrplan Physik;Jahrgangsstufe 11 | Jahrgangsstufe 12 | Jahrgangsstufe 13;;;;;lehrplan;themenbereich;Kompetenzbereich (RP) | http://purl.obolibrary.org/obo/BFO_0000001 | http://purl.obolibrary.org/obo/BFO_0000002 | http://purl.obolibrary.org/obo/BFO_0000031 | http://purl.obolibrary.org/obo/IAO_0000030 | http://www.w3.org/2002/07/owl#NamedIndividual | Curriculares Element | Element (RP) | CE-Bereich;Lehrplan Physik;Wellenoptik;https://lp-rlp.org/resource/kompetenzbereich-6098-1;https://lp-rlp.org/resource/lehrplan-287-1
Rheinland-Pfalz;Schulartübergreifend;Physik;Lehrplan Physik;Jahrgangsstufe 11 | Jahrgangsstufe 12 | Jahrgangsstufe 13;;;;;lehrplan;themenbereich;Kompetenzbereich (RP) | http://purl.obolibrary.org/obo/BFO_0000001 | http://purl.obolibrary.org/obo/BFO_0000002 | http://purl.obolibrary.org/obo/BFO_0000031 | http://purl.obolibrary.org/obo/IAO_0000030 | http://www.w3.org/2002/07/owl#NamedIndividual | Curriculares Element | Element (RP) | CE-Bereich;Lehrplan Physik;Wellenoptik I;https://lp-rlp.org/resource/kompetenzbereich-4839-1;https://lp-rlp.org/resource/lehrplan-287-1
Rheinland-Pfalz;Schulartübergreifend;Physik;Lehrplan Physik;Jahrgangsstufe 11 | Jahrgangsstufe 12 | Jahrgangsstufe 13;;;;;lehrplan;themenbereich;Kompetenzbereich (RP) | http://purl.obolibrary.org/obo/BFO_0000001 | http://purl.obolibrary.org/obo/BFO_0000002 | http://purl.obolibrary.org/obo/BFO_0000031 | http://purl.obolibrary.org/obo/IAO_0000030 | http://www.w3.org/2002/07/owl#NamedIndividual | Curriculares Element | Element (RP) | CE-Bereich;Lehrplan Physik;Wellenoptik II;https://lp-rlp.org/resource/kompetenzbereich-4854-1;https://lp-rlp.org/resource/lehrplan-287-1
Rheinland-Pfalz;Schulartübergreifend;Physik;Lehrplan Physik;Jahrgangsstufe 11 | Jahrgangsstufe 12 | Jahrgangsstufe 13;;;;;lehrplan;kompetenz;Kompetenz (RP) | http://purl.obolibrary.org/obo/BFO_0000001 | http://purl.obolibrary.org/obo/BFO_0000002 | http://purl.obolibrary.org/obo/BFO_0000031 | http://purl.obolibrary.org/obo/IAO_0000030 | http://www.w3.org/2002/07/owl#NamedIndividual | Curriculares Element | CE-Kompetenzspezifikation | Element (RP);Kernphysik III;biologische Strahlenwirkung;https://lp-rlp.org/resource/kompetenz-19447-1;https://lp-rlp.org/resource/lehrplan-287-1
Rheinland-Pfalz;Schulartübergreifend;Physik;Lehrplan Physik;Jahrgangsstufe 11 | Jahrgangsstufe 12 | Jahrgangsstufe 13;;;;;lehrplan;kompetenz;Kompetenz (RP) | http://purl.obolibrary.org/obo/BFO_0000001 | http://purl.obolibrary.org/obo/BFO_0000002 | http://purl.obolibrary.org/obo/BFO_0000031 | http://purl.obolibrary.org/obo/IAO_0000030 | http://www.w3.org/2002/07/owl#NamedIndividual | Curriculares Element | CE-Kompetenzspezifikation | Element (RP);Strahlenschutz;biologische Strahlenwirkung;https://lp-rlp.org/resource/kompetenz-26894-1;https://lp-rlp.org/resource/lehrplan-287-1
Rheinland-Pfalz;Schulartübergreifend;Physik;Lehrplan Physik;Jahrgangsstufe 11 | Jahrgangsstufe 12 | Jahrgangsstufe 13;;;;;lehrplan;kompetenz;Kompetenz (RP) | http://purl.obolibrary.org/obo/BFO_0000001 | http://purl.obolibrary.org/obo/BFO_0000002 | http://purl.obolibrary.org/obo/BFO_0000031 | http://purl.obolibrary.org/obo/IAO_0000030 | http://www.w3.org/2002/07/owl#NamedIndividual | Curriculares Element | CE-Kompetenzspezifikation | Element (RP);Mikroobjekte II;experimentelle Belege (Bragg- Reflexion, Elektronenbeugung, Grenzwellenlänge);https://lp-rlp.org/resource/kompetenz-26863-1;https://lp-rlp.org/resource/lehrplan-287-1
Rheinland-Pfalz;Schulartübergreifend;Physik;Lehrplan Physik;Jahrgangsstufe 11 | Jahrgangsstufe 12 | Jahrgangsstufe 13;;;;;lehrplan;kompetenz;Kompetenz (RP) | http://purl.obolibrary.org/obo/BFO_0000001 | http://purl.obolibrary.org/obo/BFO_0000002 | http://purl.obolibrary.org/obo/BFO_0000031 | http://purl.obolibrary.org/obo/IAO_0000030 | http://www.w3.org/2002/07/owl#NamedIndividual | Curriculares Element | CE-Kompetenzspezifikation | Element (RP);Strahlenbiophysik;"harte Röntgenstrahlung; Schwächungsgesetze; Abschirmung";https://lp-rlp.org/resource/kompetenz-26819-1;https://lp-rlp.org/resource/lehrplan-287-1
Rheinland-Pfalz;Schulartübergreifend;Physik;Lehrplan Physik;Jahrgangsstufe 11 | Jahrgangsstufe 12 | Jahrgangsstufe 13;;;;;lehrplan;kompetenz;Kompetenz (RP) | http://purl.obolibrary.org/obo/BFO_0000001 | http://purl.obolibrary.org/obo/BFO_0000002 | http://purl.obolibrary.org/obo/BFO_0000031 | http://purl.obolibrary.org/obo/IAO_0000030 | http://www.w3.org/2002/07/owl#NamedIndividual | Curriculares Element | CE-Kompetenzspezifikation | Element (RP);Wellenoptik II;technische Anwendungen der Lichtinterferenz (Holografie, Interferometrie, räumliches Filtern, ...);https://lp-rlp.org/resource/kompetenz-19437-1;https://lp-rlp.org/resource/lehrplan-287-1
Rheinland-Pfalz;Schulartübergreifend;Physik;Lehrplan Physik - Sekundarstufe II;Jahrgangsstufe 11 | Jahrgangsstufe 12 | Jahrgangsstufe 13;;;;;lehrplan;kompetenz;Kompetenz (RP) | http://purl.obolibrary.org/obo/BFO_0000001 | http://purl.obolibrary.org/obo/BFO_0000002 | http://purl.obolibrary.org/obo/BFO_0000031 | http://purl.obolibrary.org/obo/IAO_0000030 | http://www.w3.org/2002/07/owl#NamedIndividual | Curriculares Element | CE-Kompetenzspezifikation | Element (RP);Harmonische Wellen und ihre Superposition;Beugung und Interferenz am Einzelspalt mit monochromatischem Licht;https://lp-rlp.org/resource/kompetenz-31005-1;https://lp-rlp.org/resource/lehrplan-384-1
Rheinland-Pfalz;Schulartübergreifend;Physik;Lehrplan Physik - Sekundarstufe II;Jahrgangsstufe 11 | Jahrgangsstufe 12 | Jahrgangsstufe 13;;;;;lehrplan;kompetenz;Kompetenz (RP) | http://purl.obolibrary.org/obo/BFO_0000001 | http://purl.obolibrary.org/obo/BFO_0000002 | http://purl.obolibrary.org/obo/BFO_0000031 | http://purl.obolibrary.org/obo/IAO_0000030 | http://www.w3.org/2002/07/owl#NamedIndividual | Curriculares Element | CE-Kompetenzspezifikation | Element (RP);Strahlenbiophysik;Biologische Strahlenwirkung;https://lp-rlp.org/resource/kompetenz-30726-1;https://lp-rlp.org/resource/lehrplan-384-1
Rheinland-Pfalz;Schulartübergreifend;Physik;Lehrplan Physik - Sekundarstufe II;Jahrgangsstufe 11 | Jahrgangsstufe 12 | Jahrgangsstufe 13;;;;;lehrplan;kompetenz;Kompetenz (RP) | http://purl.obolibrary.org/obo/BFO_0000001 | http://purl.obolibrary.org/obo/BFO_0000002 | http://purl.obolibrary.org/obo/BFO_0000031 | http://purl.obolibrary.org/obo/IAO_0000030 | http://www.w3.org/2002/07/owl#NamedIndividual | Curriculares Element | CE-Kompetenzspezifikation | Element (RP);Strahlenbiophysik;Biologische Strahlenwirkung;https://lp-rlp.org/resource/kompetenz-31085-1;https://lp-rlp.org/resource/lehrplan-384-1
Rheinland-Pfalz;Schulartübergreifend;Physik;Lehrplan Physik - Sekundarstufe II;Jahrgangsstufe 11 | Jahrgangsstufe 12 | Jahrgangsstufe 13;;;;;lehrplan;kompetenz;Kompetenz (RP) | http://purl.obolibrary.org/obo/BFO_0000001 | http://purl.obolibrary.org/obo/BFO_0000002 | http://purl.obolibrary.org/obo/BFO_0000031 | http://purl.obolibrary.org/obo/IAO_0000030 | http://www.w3.org/2002/07/owl#NamedIndividual | Curriculares Element | CE-Kompetenzspezifikation | Element (RP);Strahlenbiophysik;Dosis-Effekt-Kurven, linearquadratisches Modell, fraktionierte Bestrahlung;https://lp-rlp.org/resource/kompetenz-31089-1;https://lp-rlp.org/resource/lehrplan-384-1
Rheinland-Pfalz;Schulartübergreifend;Physik;Lehrplan Physik - Sekundarstufe II;Jahrgangsstufe 11 | Jahrgangsstufe 12 | Jahrgangsstufe 13;;;;;lehrplan;kompetenz;Kompetenz (RP) | http://purl.obolibrary.org/obo/BFO_0000001 | http://purl.obolibrary.org/obo/BFO_0000002 | http://purl.obolibrary.org/obo/BFO_0000031 | http://purl.obolibrary.org/obo/IAO_0000030 | http://www.w3.org/2002/07/owl#NamedIndividual | Curriculares Element | CE-Kompetenzspezifikation | Element (RP);Strahlenbiophysik;Energiedeposition verschiedener Strahlungsarten (z. B. Gamma-, Ionen-, Protonen-, Alphastrahlung) im Gewebe;https://lp-rlp.org/resource/kompetenz-31088-1;https://lp-rlp.org/resource/lehrplan-384-1
Rheinland-Pfalz;Schulartübergreifend;Physik;Lehrplan Physik - Sekundarstufe II;Jahrgangsstufe 11 | Jahrgangsstufe 12 | Jahrgangsstufe 13;;;;;lehrplan;kompetenz;Kompetenz (RP) | http://purl.obolibrary.org/obo/BFO_0000001 | http://purl.obolibrary.org/obo/BFO_0000002 | http://purl.obolibrary.org/obo/BFO_0000031 | http://purl.obolibrary.org/obo/IAO_0000030 | http://www.w3.org/2002/07/owl#NamedIndividual | Curriculares Element | CE-Kompetenzspezifikation | Element (RP);Strahlenbiophysik;Energiedeposition verschiedener Strahlungsarten (z. B. Gamma-, Ionen-, Protonen-, Alphastrahlung) im Gewebe;https://lp-rlp.org/resource/kompetenz-30729-1;https://lp-rlp.org/resource/lehrplan-384-1
Rheinland-Pfalz;Schulartübergreifend;Physik;Lehrplan Physik - Sekundarstufe II;Jahrgangsstufe 11 | Jahrgangsstufe 12 | Jahrgangsstufe 13;;;;;lehrplan;kompetenz;Kompetenz (RP) | http://purl.obolibrary.org/obo/BFO_0000001 | http://purl.obolibrary.org/obo/BFO_0000002 | http://purl.obolibrary.org/obo/BFO_0000031 | http://purl.obolibrary.org/obo/IAO_0000030 | http://www.w3.org/2002/07/owl#NamedIndividual | Curriculares Element | CE-Kompetenzspezifikation | Element (RP);Wechselwirkung von Quantenobjekten;Entstehung der Röntgenstrahlung;https://lp-rlp.org/resource/kompetenz-31075-1;https://lp-rlp.org/resource/lehrplan-384-1
Rheinland-Pfalz;Schulartübergreifend;Physik;Lehrplan Physik - Sekundarstufe II;Jahrgangsstufe 11 | Jahrgangsstufe 12 | Jahrgangsstufe 13;;;;;lehrplan;kompetenz;Kompetenz (RP) | http://purl.obolibrary.org/obo/BFO_0000001 | http://purl.obolibrary.org/obo/BFO_0000002 | http://purl.obolibrary.org/obo/BFO_0000031 | http://purl.obolibrary.org/obo/IAO_0000030 | http://www.w3.org/2002/07/owl#NamedIndividual | Curriculares Element | CE-Kompetenzspezifikation | Element (RP);Superposition von Wellen;Entstehung des Spektrums von weißem Licht am Doppelspalt;https://lp-rlp.org/resource/kompetenz-30668-1;https://lp-rlp.org/resource/lehrplan-384-1
Rheinland-Pfalz;Schulartübergreifend;Physik;Lehrplan Physik - Sekundarstufe II;Jahrgangsstufe 11 | Jahrgangsstufe 12 | Jahrgangsstufe 13;;;;;lehrplan;kompetenz;Kompetenz (RP) | http://purl.obolibrary.org/obo/BFO_0000001 | http://purl.obolibrary.org/obo/BFO_0000002 | http://purl.obolibrary.org/obo/BFO_0000031 | http://purl.obolibrary.org/obo/IAO_0000030 | http://www.w3.org/2002/07/owl#NamedIndividual | Curriculares Element | CE-Kompetenzspezifikation | Element (RP);Harmonische Wellen und ihre Superposition;Entstehung des Spektrums von weißem Licht am Doppelspalt;https://lp-rlp.org/resource/kompetenz-31004-1;https://lp-rlp.org/resource/lehrplan-384-1
Rheinland-Pfalz;Schulartübergreifend;Physik;Lehrplan Physik - Sekundarstufe II;Jahrgangsstufe 11 | Jahrgangsstufe 12 | Jahrgangsstufe 13;;;;;lehrplan;kompetenz;Kompetenz (RP) | http://purl.obolibrary.org/obo/BFO_0000001 | http://purl.obolibrary.org/obo/BFO_0000002 | http://purl.obolibrary.org/obo/BFO_0000031 | http://purl.obolibrary.org/obo/IAO_0000030 | http://www.w3.org/2002/07/owl#NamedIndividual | Curriculares Element | CE-Kompetenzspezifikation | Element (RP);Kosmologie;Entwicklung des Universums (Urknalltheorie, Hintergrundstrahlung, Hubble-Gesetz, Weltalter);https://lp-rlp.org/resource/kompetenz-31114-1;https://lp-rlp.org/resource/lehrplan-384-1
Rheinland-Pfalz;Schulartübergreifend;Physik;Lehrplan Physik - Sekundarstufe II;Jahrgangsstufe 11 | Jahrgangsstufe 12 | Jahrgangsstufe 13;;;;;lehrplan;kompetenz;Kompetenz (RP) | http://purl.obolibrary.org/obo/BFO_0000001 | http://purl.obolibrary.org/obo/BFO_0000002 | http://purl.obolibrary.org/obo/BFO_0000031 | http://purl.obolibrary.org/obo/IAO_0000030 | http://www.w3.org/2002/07/owl#NamedIndividual | Curriculares Element | CE-Kompetenzspezifikation | Element (RP);Kosmologie;Entwicklung des Universums (Urknalltheorie, Hintergrundstrahlung, Hubble-Gesetz, Weltalter);https://lp-rlp.org/resource/kompetenz-30761-1;https://lp-rlp.org/resource/lehrplan-384-1
Rheinland-Pfalz;Schulartübergreifend;Physik;Lehrplan Physik - Sekundarstufe II;Jahrgangsstufe 11 | Jahrgangsstufe 12 | Jahrgangsstufe 13;;;;;lehrplan;kompetenz;Kompetenz (RP) | http://purl.obolibrary.org/obo/BFO_0000001 | http://purl.obolibrary.org/obo/BFO_0000002 | http://purl.obolibrary.org/obo/BFO_0000031 | http://purl.obolibrary.org/obo/IAO_0000030 | http://www.w3.org/2002/07/owl#NamedIndividual | Curriculares Element | CE-Kompetenzspezifikation | Element (RP);Harmonische Wellen und ihre Superposition;Experimentelle Wellenlängenbestimmung von monochromatischem Licht;https://lp-rlp.org/resource/kompetenz-31006-1;https://lp-rlp.org/resource/lehrplan-384-1
Rheinland-Pfalz;Schulartübergreifend;Physik;Lehrplan Physik - Sekundarstufe II;Jahrgangsstufe 11 | Jahrgangsstufe 12 | Jahrgangsstufe 13;;;;;lehrplan;kompetenz;Kompetenz (RP) | http://purl.obolibrary.org/obo/BFO_0000001 | http://purl.obolibrary.org/obo/BFO_0000002 | http://purl.obolibrary.org/obo/BFO_0000031 | http://purl.obolibrary.org/obo/IAO_0000030 | http://www.w3.org/2002/07/owl#NamedIndividual | Curriculares Element | CE-Kompetenzspezifikation | Element (RP);Superposition von Wellen;Experimentelle Wellenlängenbestimmung von monochromatischem Licht;https://lp-rlp.org/resource/kompetenz-30669-1;https://lp-rlp.org/resource/lehrplan-384-1
Rheinland-Pfalz;Schulartübergreifend;Physik;Lehrplan Physik - Sekundarstufe II;Jahrgangsstufe 11 | Jahrgangsstufe 12 | Jahrgangsstufe 13;;;;;lehrplan;kompetenz;Kompetenz (RP) | http://purl.obolibrary.org/obo/BFO_0000001 | http://purl.obolibrary.org/obo/BFO_0000002 | http://purl.obolibrary.org/obo/BFO_0000031 | http://purl.obolibrary.org/obo/IAO_0000030 | http://www.w3.org/2002/07/owl#NamedIndividual | Curriculares Element | CE-Kompetenzspezifikation | Element (RP);Anwendungsbeispiele für Teilchen in Feldern;Fadenstrahlrohr zur Bestimmung von e/m;https://lp-rlp.org/resource/kompetenz-30677-1;https://lp-rlp.org/resource/lehrplan-384-1
Rheinland-Pfalz;Schulartübergreifend;Physik;Lehrplan Physik - Sekundarstufe II;Jahrgangsstufe 11 | Jahrgangsstufe 12 | Jahrgangsstufe 13;;;;;lehrplan;kompetenz;Kompetenz (RP) | http://purl.obolibrary.org/obo/BFO_0000001 | http://purl.obolibrary.org/obo/BFO_0000002 | http://purl.obolibrary.org/obo/BFO_0000031 | http://purl.obolibrary.org/obo/IAO_0000030 | http://www.w3.org/2002/07/owl#NamedIndividual | Curriculares Element | CE-Kompetenzspezifikation | Element (RP);Anwendungsbeispiele für Teilchen in Feldern;Fadenstrahlrohr zur Bestimmung von e/m;https://lp-rlp.org/resource/kompetenz-31036-1;https://lp-rlp.org/resource/lehrplan-384-1
Rheinland-Pfalz;Schulartübergreifend;Physik;Lehrplan Physik - Sekundarstufe II;Jahrgangsstufe 11 | Jahrgangsstufe 12 | Jahrgangsstufe 13;;;;;lehrplan;kompetenz;Kompetenz (RP) | http://purl.obolibrary.org/obo/BFO_0000001 | http://purl.obolibrary.org/obo/BFO_0000002 | http://purl.obolibrary.org/obo/BFO_0000031 | http://purl.obolibrary.org/obo/IAO_0000030 | http://www.w3.org/2002/07/owl#NamedIndividual | Curriculares Element | CE-Kompetenzspezifikation | Element (RP);Strahlenbiophysik;Grenzwerte, Strahlenschutz;https://lp-rlp.org/resource/kompetenz-30727-1;https://lp-rlp.org/resource/lehrplan-384-1
Rheinland-Pfalz;Schulartübergreifend;Physik;Lehrplan Physik - Sekundarstufe II;Jahrgangsstufe 11 | Jahrgangsstufe 12 | Jahrgangsstufe 13;;;;;lehrplan;kompetenz;Kompetenz (RP) | http://purl.obolibrary.org/obo/BFO_0000001 | http://purl.obolibrary.org/obo/BFO_0000002 | http://purl.obolibrary.org/obo/BFO_0000031 | http://purl.obolibrary.org/obo/IAO_0000030 | http://www.w3.org/2002/07/owl#NamedIndividual | Curriculares Element | CE-Kompetenzspezifikation | Element (RP);Strahlenbiophysik;Grenzwerte, Strahlenschutz;https://lp-rlp.org/resource/kompetenz-31086-1;https://lp-rlp.org/resource/lehrplan-384-1
Rheinland-Pfalz;Schulartübergreifend;Physik;Lehrplan Physik - Sekundarstufe II;Jahrgangsstufe 11 | Jahrgangsstufe 12 | Jahrgangsstufe 13;;;;;lehrplan;kompetenz;Kompetenz (RP) | http://purl.obolibrary.org/obo/BFO_0000001 | http://purl.obolibrary.org/obo/BFO_0000002 | http://purl.obolibrary.org/obo/BFO_0000031 | http://purl.obolibrary.org/obo/IAO_0000030 | http://www.w3.org/2002/07/owl#NamedIndividual | Curriculares Element | CE-Kompetenzspezifikation | Element (RP);Strahlenbiophysik;Harte Röntgenstrahlung, Schwächungsgesetz, Abschirmung;https://lp-rlp.org/resource/kompetenz-30728-1;https://lp-rlp.org/resource/lehrplan-384-1
Rheinland-Pfalz;Schulartübergreifend;Physik;Lehrplan Physik - Sekundarstufe II;Jahrgangsstufe 11 | Jahrgangsstufe 12 | Jahrgangsstufe 13;;;;;lehrplan;kompetenz;Kompetenz (RP) | http://purl.obolibrary.org/obo/BFO_0000001 | http://purl.obolibrary.org/obo/BFO_0000002 | http://purl.obolibrary.org/obo/BFO_0000031 | http://purl.obolibrary.org/obo/IAO_0000030 | http://www.w3.org/2002/07/owl#NamedIndividual | Curriculares Element | CE-Kompetenzspezifikation | Element (RP);Strahlenbiophysik;Harte Röntgenstrahlung, Schwächungsgesetz, Abschirmung;https://lp-rlp.org/resource/kompetenz-31087-1;https://lp-rlp.org/resource/lehrplan-384-1
Rheinland-Pfalz;Schulartübergreifend;Physik;Lehrplan Physik - Sekundarstufe II;Jahrgangsstufe 11 | Jahrgangsstufe 12 | Jahrgangsstufe 13;;;;;lehrplan;kompetenz;Kompetenz (RP) | http://purl.obolibrary.org/obo/BFO_0000001 | http://purl.obolibrary.org/obo/BFO_0000002 | http://purl.obolibrary.org/obo/BFO_0000031 | http://purl.obolibrary.org/obo/IAO_0000030 | http://www.w3.org/2002/07/owl#NamedIndividual | Curriculares Element | CE-Kompetenzspezifikation | Element (RP);Superposition von Wellen;Interferenz am Doppelspalt mit monochromatischem Licht;https://lp-rlp.org/resource/kompetenz-30667-1;https://lp-rlp.org/resource/lehrplan-384-1
Rheinland-Pfalz;Schulartübergreifend;Physik;Lehrplan Physik - Sekundarstufe II;Jahrgangsstufe 11 | Jahrgangsstufe 12 | Jahrgangsstufe 13;;;;;lehrplan;kompetenz;Kompetenz (RP) | http://purl.obolibrary.org/obo/BFO_0000001 | http://purl.obolibrary.org/obo/BFO_0000002 | http://purl.obolibrary.org/obo/BFO_0000031 | http://purl.obolibrary.org/obo/IAO_0000030 | http://www.w3.org/2002/07/owl#NamedIndividual | Curriculares Element | CE-Kompetenzspezifikation | Element (RP);Harmonische Wellen und ihre Superposition;Interferenz am Doppelspalt mit monochromatischem Licht;https://lp-rlp.org/resource/kompetenz-31003-1;https://lp-rlp.org/resource/lehrplan-384-1
Rheinland-Pfalz;Schulartübergreifend;Physik;Lehrplan Physik - Sekundarstufe II;Jahrgangsstufe 11 | Jahrgangsstufe 12 | Jahrgangsstufe 13;;;;;lehrplan;kompetenz;Kompetenz (RP) | http://purl.obolibrary.org/obo/BFO_0000001 | http://purl.obolibrary.org/obo/BFO_0000002 | http://purl.obolibrary.org/obo/BFO_0000031 | http://purl.obolibrary.org/obo/IAO_0000030 | http://www.w3.org/2002/07/owl#NamedIndividual | Curriculares Element | CE-Kompetenzspezifikation | Element (RP);Wechselwirkung von Quantenobjekten;Interferenzphänomene (z. B. Elektronenbeugungsröhre, Bragg-Reflexion);https://lp-rlp.org/resource/kompetenz-31074-1;https://lp-rlp.org/resource/lehrplan-384-1
Rheinland-Pfalz;Schulartübergreifend;Physik;Lehrplan Physik - Sekundarstufe II;Jahrgangsstufe 11 | Jahrgangsstufe 12 | Jahrgangsstufe 13;;;;;lehrplan;themenbereich;Kompetenzbereich (RP) | http://purl.obolibrary.org/obo/BFO_0000001 | http://purl.obolibrary.org/obo/BFO_0000002 | http://purl.obolibrary.org/obo/BFO_0000031 | http://purl.obolibrary.org/obo/IAO_0000030 | http://www.w3.org/2002/07/owl#NamedIndividual | Curriculares Element | Element (RP) | CE-Bereich;Lehrplan Physik - Sekundarstufe II;Licht als Wellenphänomen;https://lp-rlp.org/resource/kompetenzbereich-7080-1;https://lp-rlp.org/resource/lehrplan-384-1
Rheinland-Pfalz;Schulartübergreifend;Physik;Lehrplan Physik - Sekundarstufe II;Jahrgangsstufe 11 | Jahrgangsstufe 12 | Jahrgangsstufe 13;;;;;lehrplan;themenbereich;Kompetenzbereich (RP) | http://purl.obolibrary.org/obo/BFO_0000001 | http://purl.obolibrary.org/obo/BFO_0000002 | http://purl.obolibrary.org/obo/BFO_0000031 | http://purl.obolibrary.org/obo/IAO_0000030 | http://www.w3.org/2002/07/owl#NamedIndividual | Curriculares Element | Element (RP) | CE-Bereich;Lehrplan Physik - Sekundarstufe II;Licht als Wellenphänomen;https://lp-rlp.org/resource/kompetenzbereich-7161-1;https://lp-rlp.org/resource/lehrplan-384-1
Rheinland-Pfalz;Schulartübergreifend;Physik;Lehrplan Physik - Sekundarstufe II;Jahrgangsstufe 11 | Jahrgangsstufe 12 | Jahrgangsstufe 13;;;;;lehrplan;kompetenz;Kompetenz (RP) | http://purl.obolibrary.org/obo/BFO_0000001 | http://purl.obolibrary.org/obo/BFO_0000002 | http://purl.obolibrary.org/obo/BFO_0000031 | http://purl.obolibrary.org/obo/IAO_0000030 | http://www.w3.org/2002/07/owl#NamedIndividual | Curriculares Element | CE-Kompetenzspezifikation | Element (RP);Strahlenbiophysik;Medizinische Anwendungen von Strahlung (z. B. Laser, Röntgen, Elektronen, Schwerionen);https://lp-rlp.org/resource/kompetenz-30730-1;https://lp-rlp.org/resource/lehrplan-384-1
Rheinland-Pfalz;Schulartübergreifend;Physik;Lehrplan Physik - Sekundarstufe II;Jahrgangsstufe 11 | Jahrgangsstufe 12 | Jahrgangsstufe 13;;;;;lehrplan;kompetenz;Kompetenz (RP) | http://purl.obolibrary.org/obo/BFO_0000001 | http://purl.obolibrary.org/obo/BFO_0000002 | http://purl.obolibrary.org/obo/BFO_0000031 | http://purl.obolibrary.org/obo/IAO_0000030 | http://www.w3.org/2002/07/owl#NamedIndividual | Curriculares Element | CE-Kompetenzspezifikation | Element (RP);Licht als Wellenphänomen;Polarisationsphänomene in der Natur (z. B. Orientierung der Biene am polarisierten Sonnenlicht, Doppelbrechung bei Kalkspat);https://lp-rlp.org/resource/kompetenz-30691-1;https://lp-rlp.org/resource/lehrplan-384-1
Rheinland-Pfalz;Schulartübergreifend;Physik;Lehrplan Physik - Sekundarstufe II;Jahrgangsstufe 11 | Jahrgangsstufe 12 | Jahrgangsstufe 13;;;;;lehrplan;kompetenz;Kompetenz (RP) | http://purl.obolibrary.org/obo/BFO_0000001 | http://purl.obolibrary.org/obo/BFO_0000002 | http://purl.obolibrary.org/obo/BFO_0000031 | http://purl.obolibrary.org/obo/IAO_0000030 | http://www.w3.org/2002/07/owl#NamedIndividual | Curriculares Element | CE-Kompetenzspezifikation | Element (RP);Licht als Wellenphänomen;Polarisationsphänomene in der Natur (z. B. Orientierung der Biene am polarisierten Sonnenlicht, Doppelbrechung bei Kalkspat);https://lp-rlp.org/resource/kompetenz-31051-1;https://lp-rlp.org/resource/lehrplan-384-1
Rheinland-Pfalz;Schulartübergreifend;Physik;Lehrplan Physik - Sekundarstufe II;Jahrgangsstufe 11 | Jahrgangsstufe 12 | Jahrgangsstufe 13;;;;;lehrplan;kompetenz;Kompetenz (RP) | http://purl.obolibrary.org/obo/BFO_0000001 | http://purl.obolibrary.org/obo/BFO_0000002 | http://purl.obolibrary.org/obo/BFO_0000031 | http://purl.obolibrary.org/obo/IAO_0000030 | http://www.w3.org/2002/07/owl#NamedIndividual | Curriculares Element | CE-Kompetenzspezifikation | Element (RP);Licht als Wellenphänomen;Polarisationsphänomene in technischen Anwendungen (z. B. 3D-Brillen, Spannungsdoppelbrechung);https://lp-rlp.org/resource/kompetenz-30692-1;https://lp-rlp.org/resource/lehrplan-384-1
Rheinland-Pfalz;Schulartübergreifend;Physik;Lehrplan Physik - Sekundarstufe II;Jahrgangsstufe 11 | Jahrgangsstufe 12 | Jahrgangsstufe 13;;;;;lehrplan;kompetenz;Kompetenz (RP) | http://purl.obolibrary.org/obo/BFO_0000001 | http://purl.obolibrary.org/obo/BFO_0000002 | http://purl.obolibrary.org/obo/BFO_0000031 | http://purl.obolibrary.org/obo/IAO_0000030 | http://www.w3.org/2002/07/owl#NamedIndividual | Curriculares Element | CE-Kompetenzspezifikation | Element (RP);Licht als Wellenphänomen;Polarisationsphänomene in technischen Anwendungen (z. B. 3D-Brillen, Spannungsdoppelbrechung);https://lp-rlp.org/resource/kompetenz-31052-1;https://lp-rlp.org/resource/lehrplan-384-1
Rheinland-Pfalz;Schulartübergreifend;Physik;Lehrplan Physik - Sekundarstufe II;Jahrgangsstufe 11 | Jahrgangsstufe 12 | Jahrgangsstufe 13;;;;;lehrplan;themenbereich;Kompetenzbereich (RP) | http://purl.obolibrary.org/obo/BFO_0000001 | http://purl.obolibrary.org/obo/BFO_0000002 | http://purl.obolibrary.org/obo/BFO_0000031 | http://purl.obolibrary.org/obo/IAO_0000030 | http://www.w3.org/2002/07/owl#NamedIndividual | Curriculares Element | Element (RP) | CE-Bereich;Lehrplan Physik - Sekundarstufe II;Strahlenbiophysik;https://lp-rlp.org/resource/kompetenzbereich-7088-1;https://lp-rlp.org/resource/lehrplan-384-1
Rheinland-Pfalz;Schulartübergreifend;Physik;Lehrplan Physik - Sekundarstufe II;Jahrgangsstufe 11 | Jahrgangsstufe 12 | Jahrgangsstufe 13;;;;;lehrplan;themenbereich;Kompetenzbereich (RP) | http://purl.obolibrary.org/obo/BFO_0000001 | http://purl.obolibrary.org/obo/BFO_0000002 | http://purl.obolibrary.org/obo/BFO_0000031 | http://purl.obolibrary.org/obo/IAO_0000030 | http://www.w3.org/2002/07/owl#NamedIndividual | Curriculares Element | Element (RP) | CE-Bereich;Lehrplan Physik - Sekundarstufe II;Strahlenbiophysik;https://lp-rlp.org/resource/kompetenzbereich-7169-1;https://lp-rlp.org/resource/lehrplan-384-1
Rheinland-Pfalz;Schulartübergreifend;Physik;Lehrplan Physik - Sekundarstufe II;Jahrgangsstufe 11 | Jahrgangsstufe 12 | Jahrgangsstufe 13;;;;;lehrplan;kompetenz;Kompetenz (RP) | http://purl.obolibrary.org/obo/BFO_0000001 | http://purl.obolibrary.org/obo/BFO_0000002 | http://purl.obolibrary.org/obo/BFO_0000031 | http://purl.obolibrary.org/obo/IAO_0000030 | http://www.w3.org/2002/07/owl#NamedIndividual | Curriculares Element | CE-Kompetenzspezifikation | Element (RP);Strahlenbiophysik;Strahlendosen, Transferfaktoren;https://lp-rlp.org/resource/kompetenz-30725-1;https://lp-rlp.org/resource/lehrplan-384-1
Rheinland-Pfalz;Schulartübergreifend;Physik;Lehrplan Physik - Sekundarstufe II;Jahrgangsstufe 11 | Jahrgangsstufe 12 | Jahrgangsstufe 13;;;;;lehrplan;kompetenz;Kompetenz (RP) | http://purl.obolibrary.org/obo/BFO_0000001 | http://purl.obolibrary.org/obo/BFO_0000002 | http://purl.obolibrary.org/obo/BFO_0000031 | http://purl.obolibrary.org/obo/IAO_0000030 | http://www.w3.org/2002/07/owl#NamedIndividual | Curriculares Element | CE-Kompetenzspezifikation | Element (RP);Strahlenbiophysik;Strahlendosen, Transferfaktoren;https://lp-rlp.org/resource/kompetenz-31084-1;https://lp-rlp.org/resource/lehrplan-384-1
Rheinland-Pfalz;Schulartübergreifend;Physik;Lehrplan Physik - Sekundarstufe II;Jahrgangsstufe 11 | Jahrgangsstufe 12 | Jahrgangsstufe 13;;;;;lehrplan;kompetenz;Kompetenz (RP) | http://purl.obolibrary.org/obo/BFO_0000001 | http://purl.obolibrary.org/obo/BFO_0000002 | http://purl.obolibrary.org/obo/BFO_0000031 | http://purl.obolibrary.org/obo/IAO_0000030 | http://www.w3.org/2002/07/owl#NamedIndividual | Curriculares Element | CE-Kompetenzspezifikation | Element (RP);Strahlenbiophysik;Strahlenquellen, Radionuklide;https://lp-rlp.org/resource/kompetenz-31083-1;https://lp-rlp.org/resource/lehrplan-384-1
Rheinland-Pfalz;Schulartübergreifend;Physik;Lehrplan Physik - Sekundarstufe II;Jahrgangsstufe 11 | Jahrgangsstufe 12 | Jahrgangsstufe 13;;;;;lehrplan;kompetenz;Kompetenz (RP) | http://purl.obolibrary.org/obo/BFO_0000001 | http://purl.obolibrary.org/obo/BFO_0000002 | http://purl.obolibrary.org/obo/BFO_0000031 | http://purl.obolibrary.org/obo/IAO_0000030 | http://www.w3.org/2002/07/owl#NamedIndividual | Curriculares Element | CE-Kompetenzspezifikation | Element (RP);Kernphysik;Strahlenquellen, Radionuklide;https://lp-rlp.org/resource/kompetenz-30720-1;https://lp-rlp.org/resource/lehrplan-384-1
Rheinland-Pfalz;Schulartübergreifend;Physik;Lehrplan Physik - Sekundarstufe II;Jahrgangsstufe 11 | Jahrgangsstufe 12 | Jahrgangsstufe 13;;;;;lehrplan;kompetenz;Kompetenz (RP) | http://purl.obolibrary.org/obo/BFO_0000001 | http://purl.obolibrary.org/obo/BFO_0000002 | http://purl.obolibrary.org/obo/BFO_0000031 | http://purl.obolibrary.org/obo/IAO_0000030 | http://www.w3.org/2002/07/owl#NamedIndividual | Curriculares Element | CE-Kompetenzspezifikation | Element (RP);Harmonische Wellen und ihre Superposition;Wellenlängenbestimmung mittels einer durch Reflexion erzeugten stehenden Welle;https://lp-rlp.org/resource/kompetenz-31002-1;https://lp-rlp.org/resource/lehrplan-384-1
Rheinland-Pfalz;Schulartübergreifend;Physik;Lehrplan Physik - Sekundarstufe II;Jahrgangsstufe 11 | Jahrgangsstufe 12 | Jahrgangsstufe 13;;;;;lehrplan;kompetenz;Kompetenz (RP) | http://purl.obolibrary.org/obo/BFO_0000001 | http://purl.obolibrary.org/obo/BFO_0000002 | http://purl.obolibrary.org/obo/BFO_0000031 | http://purl.obolibrary.org/obo/IAO_0000030 | http://www.w3.org/2002/07/owl#NamedIndividual | Curriculares Element | CE-Kompetenzspezifikation | Element (RP);Superposition von Wellen;Wellenlängenbestimmung mittels einer durch Reflexion erzeugten stehenden Welle;https://lp-rlp.org/resource/kompetenz-30666-1;https://lp-rlp.org/resource/lehrplan-384-1
Rheinland-Pfalz;Schulartübergreifend;Physik;Lehrplan Physik - Sekundarstufe II;Jahrgangsstufe 11 | Jahrgangsstufe 12 | Jahrgangsstufe 13;;;;;lehrplan;kompetenz;Kompetenz (RP) | http://purl.obolibrary.org/obo/BFO_0000001 | http://purl.obolibrary.org/obo/BFO_0000002 | http://purl.obolibrary.org/obo/BFO_0000031 | http://purl.obolibrary.org/obo/IAO_0000030 | http://www.w3.org/2002/07/owl#NamedIndividual | Curriculares Element | CE-Kompetenzspezifikation | Element (RP);Harmonische Wellen und ihre Superposition;Wellenphänomene: Brechung, Reflexion, Beugung;https://lp-rlp.org/resource/kompetenz-31000-1;https://lp-rlp.org/resource/lehrplan-384-1
Rheinland-Pfalz;Schulartübergreifend;Physik;Lehrplan Physik - Sekundarstufe II;Jahrgangsstufe 11 | Jahrgangsstufe 12 | Jahrgangsstufe 13;;;;;lehrplan;kompetenz;Kompetenz (RP) | http://purl.obolibrary.org/obo/BFO_0000001 | http://purl.obolibrary.org/obo/BFO_0000002 | http://purl.obolibrary.org/obo/BFO_0000031 | http://purl.obolibrary.org/obo/IAO_0000030 | http://www.w3.org/2002/07/owl#NamedIndividual | Curriculares Element | CE-Kompetenzspezifikation | Element (RP);Harmonische Wellen;Wellenphänomene: Brechung, Reflexion, Beugung;https://lp-rlp.org/resource/kompetenz-30664-1;https://lp-rlp.org/resource/lehrplan-384-1
Rheinland-Pfalz;Gymnasium;Physik;Lehrplan Physik, Grund- und Leistungsfach in der gymnasialen Oberstufe (Mainzer Studienstufe);Jahrgangsstufe 11 | Jahrgangsstufe 12 | Jahrgangsstufe 13;;;;;lehrplan;themenbereich;Kompetenzbereich (RP) | http://purl.obolibrary.org/obo/BFO_0000001 | http://purl.obolibrary.org/obo/BFO_0000002 | http://purl.obolibrary.org/obo/BFO_0000031 | http://purl.obolibrary.org/obo/IAO_0000030 | http://www.w3.org/2002/07/owl#NamedIndividual | Curriculares Element | Element (RP) | CE-Bereich;Lehrplan Physik, Grund- und Leistungsfach in der gymnasialen Oberstufe (Mainzer Studienstufe);"Akustik 
Wahlpflichtbaustein";https://lp-rlp.org/resource/kompetenzbereich-6345-1;https://lp-rlp.org/resource/lehrplan-358-1
Rheinland-Pfalz;Gymnasium;Physik;Lehrplan Physik, Grund- und Leistungsfach in der gymnasialen Oberstufe (Mainzer Studienstufe);Jahrgangsstufe 11 | Jahrgangsstufe 12 | Jahrgangsstufe 13;;;;;lehrplan;themenbereich;Kompetenzbereich (RP) | http://purl.obolibrary.org/obo/BFO_0000001 | http://purl.obolibrary.org/obo/BFO_0000002 | http://purl.obolibrary.org/obo/BFO_0000031 | http://purl.obolibrary.org/obo/IAO_0000030 | http://www.w3.org/2002/07/owl#NamedIndividual | Curriculares Element | Element (RP) | CE-Bereich;Lehrplan Physik, Grund- und Leistungsfach in der gymnasialen Oberstufe (Mainzer Studienstufe);"Akustik 
Wahlpflichtbaustein";https://lp-rlp.org/resource/kompetenzbereich-6407-1;https://lp-rlp.org/resource/lehrplan-358-1
Rheinland-Pfalz;Gymnasium;Physik;Lehrplan Physik, Grund- und Leistungsfach in der gymnasialen Oberstufe (Mainzer Studienstufe);Jahrgangsstufe 11 | Jahrgangsstufe 12 | Jahrgangsstufe 13;;;;;lehrplan;themenbereich;Kompetenzbereich (RP) | http://purl.obolibrary.org/obo/BFO_0000001 | http://purl.obolibrary.org/obo/BFO_0000002 | http://purl.obolibrary.org/obo/BFO_0000031 | http://purl.obolibrary.org/obo/IAO_0000030 | http://www.w3.org/2002/07/owl#NamedIndividual | Curriculares Element | Element (RP) | CE-Bereich;Lehrplan Physik, Grund- und Leistungsfach in der gymnasialen Oberstufe (Mainzer Studienstufe);"Anwendungsbeispiele für Teilchen in Feldern 
Wahlpflichtbaustein";https://lp-rlp.org/resource/kompetenzbereich-6343-1;https://lp-rlp.org/resource/lehrplan-358-1
Rheinland-Pfalz;Gymnasium;Physik;Lehrplan Physik, Grund- und Leistungsfach in der gymnasialen Oberstufe (Mainzer Studienstufe);Jahrgangsstufe 11 | Jahrgangsstufe 12 | Jahrgangsstufe 13;;;;;lehrplan;themenbereich;Kompetenzbereich (RP) | http://purl.obolibrary.org/obo/BFO_0000001 | http://purl.obolibrary.org/obo/BFO_0000002 | http://purl.obolibrary.org/obo/BFO_0000031 | http://purl.obolibrary.org/obo/IAO_0000030 | http://www.w3.org/2002/07/owl#NamedIndividual | Curriculares Element | Element (RP) | CE-Bereich;Lehrplan Physik, Grund- und Leistungsfach in der gymnasialen Oberstufe (Mainzer Studienstufe);"Anwendungsbeispiele für Teilchen in Feldern 
Wahlpflichtbaustein";https://lp-rlp.org/resource/kompetenzbereich-6405-1;https://lp-rlp.org/resource/lehrplan-358-1
Rheinland-Pfalz;Gymnasium;Physik;Lehrplan Physik, Grund- und Leistungsfach in der gymnasialen Oberstufe (Mainzer Studienstufe);Jahrgangsstufe 11 | Jahrgangsstufe 12 | Jahrgangsstufe 13;;;;;lehrplan;themenbereich;Kompetenzbereich (RP) | http://purl.obolibrary.org/obo/BFO_0000001 | http://purl.obolibrary.org/obo/BFO_0000002 | http://purl.obolibrary.org/obo/BFO_0000031 | http://purl.obolibrary.org/obo/IAO_0000030 | http://www.w3.org/2002/07/owl#NamedIndividual | Curriculares Element | Element (RP) | CE-Bereich;Lehrplan Physik, Grund- und Leistungsfach in der gymnasialen Oberstufe (Mainzer Studienstufe);"Astrophysik 
Wahlpflichtbaustein";https://lp-rlp.org/resource/kompetenzbereich-6361-1;https://lp-rlp.org/resource/lehrplan-358-1
Rheinland-Pfalz;Gymnasium;Physik;Lehrplan Physik, Grund- und Leistungsfach in der gymnasialen Oberstufe (Mainzer Studienstufe);Jahrgangsstufe 11 | Jahrgangsstufe 12 | Jahrgangsstufe 13;;;;;lehrplan;themenbereich;Kompetenzbereich (RP) | http://purl.obolibrary.org/obo/BFO_0000001 | http://purl.obolibrary.org/obo/BFO_0000002 | http://purl.obolibrary.org/obo/BFO_0000031 | http://purl.obolibrary.org/obo/IAO_0000030 | http://www.w3.org/2002/07/owl#NamedIndividual | Curriculares Element | Element (RP) | CE-Bereich;Lehrplan Physik, Grund- und Leistungsfach in der gymnasialen Oberstufe (Mainzer Studienstufe);"Astrophysik 
Wahlpflichtbaustein";https://lp-rlp.org/resource/kompetenzbereich-6421-1;https://lp-rlp.org/resource/lehrplan-358-1
Rheinland-Pfalz;Gymnasium;Physik;Lehrplan Physik, Grund- und Leistungsfach in der gymnasialen Oberstufe (Mainzer Studienstufe);Jahrgangsstufe 11 | Jahrgangsstufe 12 | Jahrgangsstufe 13;;;;;lehrplan;kompetenz;Kompetenz (RP) | http://purl.obolibrary.org/obo/BFO_0000001 | http://purl.obolibrary.org/obo/BFO_0000002 | http://purl.obolibrary.org/obo/BFO_0000031 | http://purl.obolibrary.org/obo/IAO_0000030 | http://www.w3.org/2002/07/owl#NamedIndividual | Curriculares Element | CE-Kompetenzspezifikation | Element (RP);"Harmonische Wellen und ihre Superposition 
Pflichtbaustein";Beugung und Interferenz am Einzelspalt mit monochromatischem Licht;https://lp-rlp.org/resource/kompetenz-27846-1;https://lp-rlp.org/resource/lehrplan-358-1
Rheinland-Pfalz;Gymnasium;Physik;Lehrplan Physik, Grund- und Leistungsfach in der gymnasialen Oberstufe (Mainzer Studienstufe);Jahrgangsstufe 11 | Jahrgangsstufe 12 | Jahrgangsstufe 13;;;;;lehrplan;kompetenz;Kompetenz (RP) | http://purl.obolibrary.org/obo/BFO_0000001 | http://purl.obolibrary.org/obo/BFO_0000002 | http://purl.obolibrary.org/obo/BFO_0000031 | http://purl.obolibrary.org/obo/IAO_0000030 | http://www.w3.org/2002/07/owl#NamedIndividual | Curriculares Element | CE-Kompetenzspezifikation | Element (RP);"Strahlenbiophysik 
Wahlpflichtbaustein";Biologische Strahlenwirkung;https://lp-rlp.org/resource/kompetenz-27929-1;https://lp-rlp.org/resource/lehrplan-358-1
Rheinland-Pfalz;Gymnasium;Physik;Lehrplan Physik, Grund- und Leistungsfach in der gymnasialen Oberstufe (Mainzer Studienstufe);Jahrgangsstufe 11 | Jahrgangsstufe 12 | Jahrgangsstufe 13;;;;;lehrplan;kompetenz;Kompetenz (RP) | http://purl.obolibrary.org/obo/BFO_0000001 | http://purl.obolibrary.org/obo/BFO_0000002 | http://purl.obolibrary.org/obo/BFO_0000031 | http://purl.obolibrary.org/obo/IAO_0000030 | http://www.w3.org/2002/07/owl#NamedIndividual | Curriculares Element | CE-Kompetenzspezifikation | Element (RP);"Strahlenbiophysik 
Wahlpflichtbaustein";Biologische Strahlenwirkung;https://lp-rlp.org/resource/kompetenz-27662-1;https://lp-rlp.org/resource/lehrplan-358-1
Rheinland-Pfalz;Gymnasium;Physik;Lehrplan Physik, Grund- und Leistungsfach in der gymnasialen Oberstufe (Mainzer Studienstufe);Jahrgangsstufe 11 | Jahrgangsstufe 12 | Jahrgangsstufe 13;;;;;lehrplan;themenbereich;Kompetenzbereich (RP) | http://purl.obolibrary.org/obo/BFO_0000001 | http://purl.obolibrary.org/obo/BFO_0000002 | http://purl.obolibrary.org/obo/BFO_0000031 | http://purl.obolibrary.org/obo/IAO_0000030 | http://www.w3.org/2002/07/owl#NamedIndividual | Curriculares Element | Element (RP) | CE-Bereich;Lehrplan Physik, Grund- und Leistungsfach in der gymnasialen Oberstufe (Mainzer Studienstufe);"Chaos und Fraktale – Nichtlineare dynamische Systeme 
Wahlpflichtbaustein";https://lp-rlp.org/resource/kompetenzbereich-6363-1;https://lp-rlp.org/resource/lehrplan-358-1
Rheinland-Pfalz;Gymnasium;Physik;Lehrplan Physik, Grund- und Leistungsfach in der gymnasialen Oberstufe (Mainzer Studienstufe);Jahrgangsstufe 11 | Jahrgangsstufe 12 | Jahrgangsstufe 13;;;;;lehrplan;themenbereich;Kompetenzbereich (RP) | http://purl.obolibrary.org/obo/BFO_0000001 | http://purl.obolibrary.org/obo/BFO_0000002 | http://purl.obolibrary.org/obo/BFO_0000031 | http://purl.obolibrary.org/obo/IAO_0000030 | http://www.w3.org/2002/07/owl#NamedIndividual | Curriculares Element | Element (RP) | CE-Bereich;Lehrplan Physik, Grund- und Leistungsfach in der gymnasialen Oberstufe (Mainzer Studienstufe);"Chaos und Fraktale – Nichtlineare dynamische Systeme 
Wahlpflichtbaustein";https://lp-rlp.org/resource/kompetenzbereich-6423-1;https://lp-rlp.org/resource/lehrplan-358-1
Rheinland-Pfalz;Gymnasium;Physik;Lehrplan Physik, Grund- und Leistungsfach in der gymnasialen Oberstufe (Mainzer Studienstufe);Jahrgangsstufe 11 | Jahrgangsstufe 12 | Jahrgangsstufe 13;;;;;lehrplan;kompetenz;Kompetenz (RP) | http://purl.obolibrary.org/obo/BFO_0000001 | http://purl.obolibrary.org/obo/BFO_0000002 | http://purl.obolibrary.org/obo/BFO_0000031 | http://purl.obolibrary.org/obo/IAO_0000030 | http://www.w3.org/2002/07/owl#NamedIndividual | Curriculares Element | CE-Kompetenzspezifikation | Element (RP);"Strahlenbiophysik 
Wahlpflichtbaustein";Dosis-Effekt-Kurven, linearquadratisches Modell, fraktionierte Bestrahlung;https://lp-rlp.org/resource/kompetenz-27933-1;https://lp-rlp.org/resource/lehrplan-358-1
Rheinland-Pfalz;Gymnasium;Physik;Lehrplan Physik, Grund- und Leistungsfach in der gymnasialen Oberstufe (Mainzer Studienstufe);Jahrgangsstufe 11 | Jahrgangsstufe 12 | Jahrgangsstufe 13;;;;;lehrplan;themenbereich;Kompetenzbereich (RP) | http://purl.obolibrary.org/obo/BFO_0000001 | http://purl.obolibrary.org/obo/BFO_0000002 | http://purl.obolibrary.org/obo/BFO_0000031 | http://purl.obolibrary.org/obo/IAO_0000030 | http://www.w3.org/2002/07/owl#NamedIndividual | Curriculares Element | Element (RP) | CE-Bereich;Lehrplan Physik, Grund- und Leistungsfach in der gymnasialen Oberstufe (Mainzer Studienstufe);"Dynamik 
Pflichtbaustein";https://lp-rlp.org/resource/kompetenzbereich-6330-1;https://lp-rlp.org/resource/lehrplan-358-1
Rheinland-Pfalz;Gymnasium;Physik;Lehrplan Physik, Grund- und Leistungsfach in der gymnasialen Oberstufe (Mainzer Studienstufe);Jahrgangsstufe 11 | Jahrgangsstufe 12 | Jahrgangsstufe 13;;;;;lehrplan;themenbereich;Kompetenzbereich (RP) | http://purl.obolibrary.org/obo/BFO_0000001 | http://purl.obolibrary.org/obo/BFO_0000002 | http://purl.obolibrary.org/obo/BFO_0000031 | http://purl.obolibrary.org/obo/IAO_0000030 | http://www.w3.org/2002/07/owl#NamedIndividual | Curriculares Element | Element (RP) | CE-Bereich;Lehrplan Physik, Grund- und Leistungsfach in der gymnasialen Oberstufe (Mainzer Studienstufe);"Dynamik 
Pflichtbaustein";https://lp-rlp.org/resource/kompetenzbereich-6389-1;https://lp-rlp.org/resource/lehrplan-358-1
Rheinland-Pfalz;Gymnasium;Physik;Lehrplan Physik, Grund- und Leistungsfach in der gymnasialen Oberstufe (Mainzer Studienstufe);Jahrgangsstufe 11 | Jahrgangsstufe 12 | Jahrgangsstufe 13;;;;;lehrplan;themenbereich;Kompetenzbereich (RP) | http://purl.obolibrary.org/obo/BFO_0000001 | http://purl.obolibrary.org/obo/BFO_0000002 | http://purl.obolibrary.org/obo/BFO_0000031 | http://purl.obolibrary.org/obo/IAO_0000030 | http://www.w3.org/2002/07/owl#NamedIndividual | Curriculares Element | Element (RP) | CE-Bereich;Lehrplan Physik, Grund- und Leistungsfach in der gymnasialen Oberstufe (Mainzer Studienstufe);"Elektromagnetische Wellen 
Wahlpflichtbaustein";https://lp-rlp.org/resource/kompetenzbereich-6347-1;https://lp-rlp.org/resource/lehrplan-358-1
Rheinland-Pfalz;Gymnasium;Physik;Lehrplan Physik, Grund- und Leistungsfach in der gymnasialen Oberstufe (Mainzer Studienstufe);Jahrgangsstufe 11 | Jahrgangsstufe 12 | Jahrgangsstufe 13;;;;;lehrplan;themenbereich;Kompetenzbereich (RP) | http://purl.obolibrary.org/obo/BFO_0000001 | http://purl.obolibrary.org/obo/BFO_0000002 | http://purl.obolibrary.org/obo/BFO_0000031 | http://purl.obolibrary.org/obo/IAO_0000030 | http://www.w3.org/2002/07/owl#NamedIndividual | Curriculares Element | Element (RP) | CE-Bereich;Lehrplan Physik, Grund- und Leistungsfach in der gymnasialen Oberstufe (Mainzer Studienstufe);"Elektromagnetische Wellen 
Wahlpflichtbaustein";https://lp-rlp.org/resource/kompetenzbereich-6409-1;https://lp-rlp.org/resource/lehrplan-358-1
Rheinland-Pfalz;Gymnasium;Physik;Lehrplan Physik, Grund- und Leistungsfach in der gymnasialen Oberstufe (Mainzer Studienstufe);Jahrgangsstufe 11 | Jahrgangsstufe 12 | Jahrgangsstufe 13;;;;;lehrplan;themenbereich;Kompetenzbereich (RP) | http://purl.obolibrary.org/obo/BFO_0000001 | http://purl.obolibrary.org/obo/BFO_0000002 | http://purl.obolibrary.org/obo/BFO_0000031 | http://purl.obolibrary.org/obo/IAO_0000030 | http://www.w3.org/2002/07/owl#NamedIndividual | Curriculares Element | Element (RP) | CE-Bereich;Lehrplan Physik, Grund- und Leistungsfach in der gymnasialen Oberstufe (Mainzer Studienstufe);"Elektronik 
Wahlpflichtbaustein";https://lp-rlp.org/resource/kompetenzbereich-6349-1;https://lp-rlp.org/resource/lehrplan-358-1
Rheinland-Pfalz;Gymnasium;Physik;Lehrplan Physik, Grund- und Leistungsfach in der gymnasialen Oberstufe (Mainzer Studienstufe);Jahrgangsstufe 11 | Jahrgangsstufe 12 | Jahrgangsstufe 13;;;;;lehrplan;themenbereich;Kompetenzbereich (RP) | http://purl.obolibrary.org/obo/BFO_0000001 | http://purl.obolibrary.org/obo/BFO_0000002 | http://purl.obolibrary.org/obo/BFO_0000031 | http://purl.obolibrary.org/obo/IAO_0000030 | http://www.w3.org/2002/07/owl#NamedIndividual | Curriculares Element | Element (RP) | CE-Bereich;Lehrplan Physik, Grund- und Leistungsfach in der gymnasialen Oberstufe (Mainzer Studienstufe);"Elektronik 
Wahlpflichtbaustein";https://lp-rlp.org/resource/kompetenzbereich-6411-1;https://lp-rlp.org/resource/lehrplan-358-1
Rheinland-Pfalz;Gymnasium;Physik;Lehrplan Physik, Grund- und Leistungsfach in der gymnasialen Oberstufe (Mainzer Studienstufe);Jahrgangsstufe 11 | Jahrgangsstufe 12 | Jahrgangsstufe 13;;;;;lehrplan;themenbereich;Kompetenzbereich (RP) | http://purl.obolibrary.org/obo/BFO_0000001 | http://purl.obolibrary.org/obo/BFO_0000002 | http://purl.obolibrary.org/obo/BFO_0000031 | http://purl.obolibrary.org/obo/IAO_0000030 | http://www.w3.org/2002/07/owl#NamedIndividual | Curriculares Element | Element (RP) | CE-Bereich;Lehrplan Physik, Grund- und Leistungsfach in der gymnasialen Oberstufe (Mainzer Studienstufe);"Elementarteilchenphysik 
Wahlpflichtbaustein";https://lp-rlp.org/resource/kompetenzbereich-6355-1;https://lp-rlp.org/resource/lehrplan-358-1
Rheinland-Pfalz;Gymnasium;Physik;Lehrplan Physik, Grund- und Leistungsfach in der gymnasialen Oberstufe (Mainzer Studienstufe);Jahrgangsstufe 11 | Jahrgangsstufe 12 | Jahrgangsstufe 13;;;;;lehrplan;themenbereich;Kompetenzbereich (RP) | http://purl.obolibrary.org/obo/BFO_0000001 | http://purl.obolibrary.org/obo/BFO_0000002 | http://purl.obolibrary.org/obo/BFO_0000031 | http://purl.obolibrary.org/obo/IAO_0000030 | http://www.w3.org/2002/07/owl#NamedIndividual | Curriculares Element | Element (RP) | CE-Bereich;Lehrplan Physik, Grund- und Leistungsfach in der gymnasialen Oberstufe (Mainzer Studienstufe);"Elementarteilchenphysik 
Wahlpflichtbaustein";https://lp-rlp.org/resource/kompetenzbereich-6417-1;https://lp-rlp.org/resource/lehrplan-358-1
Rheinland-Pfalz;Gymnasium;Physik;Lehrplan Physik, Grund- und Leistungsfach in der gymnasialen Oberstufe (Mainzer Studienstufe);Jahrgangsstufe 11 | Jahrgangsstufe 12 | Jahrgangsstufe 13;;;;;lehrplan;themenbereich;Kompetenzbereich (RP) | http://purl.obolibrary.org/obo/BFO_0000001 | http://purl.obolibrary.org/obo/BFO_0000002 | http://purl.obolibrary.org/obo/BFO_0000031 | http://purl.obolibrary.org/obo/IAO_0000030 | http://www.w3.org/2002/07/owl#NamedIndividual | Curriculares Element | Element (RP) | CE-Bereich;Lehrplan Physik, Grund- und Leistungsfach in der gymnasialen Oberstufe (Mainzer Studienstufe);"Energie und Energiespeicherung im elektrischen Feld 
Pflichtbaustein";https://lp-rlp.org/resource/kompetenzbereich-6335-1;https://lp-rlp.org/resource/lehrplan-358-1
Rheinland-Pfalz;Gymnasium;Physik;Lehrplan Physik, Grund- und Leistungsfach in der gymnasialen Oberstufe (Mainzer Studienstufe);Jahrgangsstufe 11 | Jahrgangsstufe 12 | Jahrgangsstufe 13;;;;;lehrplan;themenbereich;Kompetenzbereich (RP) | http://purl.obolibrary.org/obo/BFO_0000001 | http://purl.obolibrary.org/obo/BFO_0000002 | http://purl.obolibrary.org/obo/BFO_0000031 | http://purl.obolibrary.org/obo/IAO_0000030 | http://www.w3.org/2002/07/owl#NamedIndividual | Curriculares Element | Element (RP) | CE-Bereich;Lehrplan Physik, Grund- und Leistungsfach in der gymnasialen Oberstufe (Mainzer Studienstufe);"Energie und Energiespeicherung im elektrischen und magnetischen Feld 
Pflichtbaustein";https://lp-rlp.org/resource/kompetenzbereich-6395-1;https://lp-rlp.org/resource/lehrplan-358-1
Rheinland-Pfalz;Gymnasium;Physik;Lehrplan Physik, Grund- und Leistungsfach in der gymnasialen Oberstufe (Mainzer Studienstufe);Jahrgangsstufe 11 | Jahrgangsstufe 12 | Jahrgangsstufe 13;;;;;lehrplan;themenbereich;Kompetenzbereich (RP) | http://purl.obolibrary.org/obo/BFO_0000001 | http://purl.obolibrary.org/obo/BFO_0000002 | http://purl.obolibrary.org/obo/BFO_0000031 | http://purl.obolibrary.org/obo/IAO_0000030 | http://www.w3.org/2002/07/owl#NamedIndividual | Curriculares Element | Element (RP) | CE-Bereich;Lehrplan Physik, Grund- und Leistungsfach in der gymnasialen Oberstufe (Mainzer Studienstufe);"Energie und Entropie 
Pflichtbaustein";https://lp-rlp.org/resource/kompetenzbereich-6404-1;https://lp-rlp.org/resource/lehrplan-358-1
Rheinland-Pfalz;Gymnasium;Physik;Lehrplan Physik, Grund- und Leistungsfach in der gymnasialen Oberstufe (Mainzer Studienstufe);Jahrgangsstufe 11 | Jahrgangsstufe 12 | Jahrgangsstufe 13;;;;;lehrplan;themenbereich;Kompetenzbereich (RP) | http://purl.obolibrary.org/obo/BFO_0000001 | http://purl.obolibrary.org/obo/BFO_0000002 | http://purl.obolibrary.org/obo/BFO_0000031 | http://purl.obolibrary.org/obo/IAO_0000030 | http://www.w3.org/2002/07/owl#NamedIndividual | Curriculares Element | Element (RP) | CE-Bereich;Lehrplan Physik, Grund- und Leistungsfach in der gymnasialen Oberstufe (Mainzer Studienstufe);"Energiebereitstellung 
Wahlpflichtbaustein";https://lp-rlp.org/resource/kompetenzbereich-6358-1;https://lp-rlp.org/resource/lehrplan-358-1
Rheinland-Pfalz;Gymnasium;Physik;Lehrplan Physik, Grund- und Leistungsfach in der gymnasialen Oberstufe (Mainzer Studienstufe);Jahrgangsstufe 11 | Jahrgangsstufe 12 | Jahrgangsstufe 13;;;;;lehrplan;themenbereich;Kompetenzbereich (RP) | http://purl.obolibrary.org/obo/BFO_0000001 | http://purl.obolibrary.org/obo/BFO_0000002 | http://purl.obolibrary.org/obo/BFO_0000031 | http://purl.obolibrary.org/obo/IAO_0000030 | http://www.w3.org/2002/07/owl#NamedIndividual | Curriculares Element | Element (RP) | CE-Bereich;Lehrplan Physik, Grund- und Leistungsfach in der gymnasialen Oberstufe (Mainzer Studienstufe);"Energiebereitstellung 
Wahlpflichtbaustein";https://lp-rlp.org/resource/kompetenzbereich-6418-1;https://lp-rlp.org/resource/lehrplan-358-1
Rheinland-Pfalz;Gymnasium;Physik;Lehrplan Physik, Grund- und Leistungsfach in der gymnasialen Oberstufe (Mainzer Studienstufe);Jahrgangsstufe 11 | Jahrgangsstufe 12 | Jahrgangsstufe 13;;;;;lehrplan;kompetenz;Kompetenz (RP) | http://purl.obolibrary.org/obo/BFO_0000001 | http://purl.obolibrary.org/obo/BFO_0000002 | http://purl.obolibrary.org/obo/BFO_0000031 | http://purl.obolibrary.org/obo/IAO_0000030 | http://www.w3.org/2002/07/owl#NamedIndividual | Curriculares Element | CE-Kompetenzspezifikation | Element (RP);"Strahlenbiophysik 
Wahlpflichtbaustein";Energiedeposition verschiedener Strahlungsarten (z. B. Gamma-, Ionen-, Protonen-, Alphastrahlung) im Gewebe;https://lp-rlp.org/resource/kompetenz-27932-1;https://lp-rlp.org/resource/lehrplan-358-1
Rheinland-Pfalz;Gymnasium;Physik;Lehrplan Physik, Grund- und Leistungsfach in der gymnasialen Oberstufe (Mainzer Studienstufe);Jahrgangsstufe 11 | Jahrgangsstufe 12 | Jahrgangsstufe 13;;;;;lehrplan;kompetenz;Kompetenz (RP) | http://purl.obolibrary.org/obo/BFO_0000001 | http://purl.obolibrary.org/obo/BFO_0000002 | http://purl.obolibrary.org/obo/BFO_0000031 | http://purl.obolibrary.org/obo/IAO_0000030 | http://www.w3.org/2002/07/owl#NamedIndividual | Curriculares Element | CE-Kompetenzspezifikation | Element (RP);"Strahlenbiophysik 
Wahlpflichtbaustein";Energiedeposition verschiedener Strahlungsarten (z. B. Gamma-, Ionen-, Protonen-, Alphastrahlung) im Gewebe;https://lp-rlp.org/resource/kompetenz-27665-1;https://lp-rlp.org/resource/lehrplan-358-1
Rheinland-Pfalz;Gymnasium;Physik;Lehrplan Physik, Grund- und Leistungsfach in der gymnasialen Oberstufe (Mainzer Studienstufe);Jahrgangsstufe 11 | Jahrgangsstufe 12 | Jahrgangsstufe 13;;;;;lehrplan;themenbereich;Kompetenzbereich (RP) | http://purl.obolibrary.org/obo/BFO_0000001 | http://purl.obolibrary.org/obo/BFO_0000002 | http://purl.obolibrary.org/obo/BFO_0000031 | http://purl.obolibrary.org/obo/IAO_0000030 | http://www.w3.org/2002/07/owl#NamedIndividual | Curriculares Element | Element (RP) | CE-Bereich;Lehrplan Physik, Grund- und Leistungsfach in der gymnasialen Oberstufe (Mainzer Studienstufe);"Entropie 
Wahlpflichtbaustein";https://lp-rlp.org/resource/kompetenzbereich-6356-1;https://lp-rlp.org/resource/lehrplan-358-1
Rheinland-Pfalz;Gymnasium;Physik;Lehrplan Physik, Grund- und Leistungsfach in der gymnasialen Oberstufe (Mainzer Studienstufe);Jahrgangsstufe 11 | Jahrgangsstufe 12 | Jahrgangsstufe 13;;;;;lehrplan;kompetenz;Kompetenz (RP) | http://purl.obolibrary.org/obo/BFO_0000001 | http://purl.obolibrary.org/obo/BFO_0000002 | http://purl.obolibrary.org/obo/BFO_0000031 | http://purl.obolibrary.org/obo/IAO_0000030 | http://www.w3.org/2002/07/owl#NamedIndividual | Curriculares Element | CE-Kompetenzspezifikation | Element (RP);"Wechselwirkung von Quantenobjekten 
Wahlpflichtbaustein";Entstehung der Röntgenstrahlung;https://lp-rlp.org/resource/kompetenz-27919-1;https://lp-rlp.org/resource/lehrplan-358-1
Rheinland-Pfalz;Gymnasium;Physik;Lehrplan Physik, Grund- und Leistungsfach in der gymnasialen Oberstufe (Mainzer Studienstufe);Jahrgangsstufe 11 | Jahrgangsstufe 12 | Jahrgangsstufe 13;;;;;lehrplan;kompetenz;Kompetenz (RP) | http://purl.obolibrary.org/obo/BFO_0000001 | http://purl.obolibrary.org/obo/BFO_0000002 | http://purl.obolibrary.org/obo/BFO_0000031 | http://purl.obolibrary.org/obo/IAO_0000030 | http://www.w3.org/2002/07/owl#NamedIndividual | Curriculares Element | CE-Kompetenzspezifikation | Element (RP);"Superposition von Wellen 
Pflichtbaustein";Entstehung des Spektrums von weißem Licht am Doppelspalt;https://lp-rlp.org/resource/kompetenz-27598-1;https://lp-rlp.org/resource/lehrplan-358-1
Rheinland-Pfalz;Gymnasium;Physik;Lehrplan Physik, Grund- und Leistungsfach in der gymnasialen Oberstufe (Mainzer Studienstufe);Jahrgangsstufe 11 | Jahrgangsstufe 12 | Jahrgangsstufe 13;;;;;lehrplan;kompetenz;Kompetenz (RP) | http://purl.obolibrary.org/obo/BFO_0000001 | http://purl.obolibrary.org/obo/BFO_0000002 | http://purl.obolibrary.org/obo/BFO_0000031 | http://purl.obolibrary.org/obo/IAO_0000030 | http://www.w3.org/2002/07/owl#NamedIndividual | Curriculares Element | CE-Kompetenzspezifikation | Element (RP);"Harmonische Wellen und ihre Superposition 
Pflichtbaustein";Entstehung des Spektrums von weißem Licht am Doppelspalt;https://lp-rlp.org/resource/kompetenz-27845-1;https://lp-rlp.org/resource/lehrplan-358-1
Rheinland-Pfalz;Gymnasium;Physik;Lehrplan Physik, Grund- und Leistungsfach in der gymnasialen Oberstufe (Mainzer Studienstufe);Jahrgangsstufe 11 | Jahrgangsstufe 12 | Jahrgangsstufe 13;;;;;lehrplan;kompetenz;Kompetenz (RP) | http://purl.obolibrary.org/obo/BFO_0000001 | http://purl.obolibrary.org/obo/BFO_0000002 | http://purl.obolibrary.org/obo/BFO_0000031 | http://purl.obolibrary.org/obo/IAO_0000030 | http://www.w3.org/2002/07/owl#NamedIndividual | Curriculares Element | CE-Kompetenzspezifikation | Element (RP);"Kosmologie 
Wahlpflichtbaustein";Entwicklung des Universums (Urknalltheorie, Hintergrundstrahlung, Hubble-Gesetz, Weltalter);https://lp-rlp.org/resource/kompetenz-27698-1;https://lp-rlp.org/resource/lehrplan-358-1
Rheinland-Pfalz;Gymnasium;Physik;Lehrplan Physik, Grund- und Leistungsfach in der gymnasialen Oberstufe (Mainzer Studienstufe);Jahrgangsstufe 11 | Jahrgangsstufe 12 | Jahrgangsstufe 13;;;;;lehrplan;kompetenz;Kompetenz (RP) | http://purl.obolibrary.org/obo/BFO_0000001 | http://purl.obolibrary.org/obo/BFO_0000002 | http://purl.obolibrary.org/obo/BFO_0000031 | http://purl.obolibrary.org/obo/IAO_0000030 | http://www.w3.org/2002/07/owl#NamedIndividual | Curriculares Element | CE-Kompetenzspezifikation | Element (RP);"Kosmologie 
Wahlpflichtbaustein";Entwicklung des Universums (Urknalltheorie, Hintergrundstrahlung, Hubble-Gesetz, Weltalter);https://lp-rlp.org/resource/kompetenz-27958-1;https://lp-rlp.org/resource/lehrplan-358-1
Rheinland-Pfalz;Gymnasium;Physik;Lehrplan Physik, Grund- und Leistungsfach in der gymnasialen Oberstufe (Mainzer Studienstufe);Jahrgangsstufe 11 | Jahrgangsstufe 12 | Jahrgangsstufe 13;;;;;lehrplan;themenbereich;Kompetenzbereich (RP) | http://purl.obolibrary.org/obo/BFO_0000001 | http://purl.obolibrary.org/obo/BFO_0000002 | http://purl.obolibrary.org/obo/BFO_0000031 | http://purl.obolibrary.org/obo/IAO_0000030 | http://www.w3.org/2002/07/owl#NamedIndividual | Curriculares Element | Element (RP) | CE-Bereich;Lehrplan Physik, Grund- und Leistungsfach in der gymnasialen Oberstufe (Mainzer Studienstufe);"Erhaltungsgrößen der Mechanik 
Pflichtbaustein";https://lp-rlp.org/resource/kompetenzbereich-6331-1;https://lp-rlp.org/resource/lehrplan-358-1
Rheinland-Pfalz;Gymnasium;Physik;Lehrplan Physik, Grund- und Leistungsfach in der gymnasialen Oberstufe (Mainzer Studienstufe);Jahrgangsstufe 11 | Jahrgangsstufe 12 | Jahrgangsstufe 13;;;;;lehrplan;themenbereich;Kompetenzbereich (RP) | http://purl.obolibrary.org/obo/BFO_0000001 | http://purl.obolibrary.org/obo/BFO_0000002 | http://purl.obolibrary.org/obo/BFO_0000031 | http://purl.obolibrary.org/obo/IAO_0000030 | http://www.w3.org/2002/07/owl#NamedIndividual | Curriculares Element | Element (RP) | CE-Bereich;Lehrplan Physik, Grund- und Leistungsfach in der gymnasialen Oberstufe (Mainzer Studienstufe);"Erhaltungsgrößen der Mechanik 
Pflichtbaustein";https://lp-rlp.org/resource/kompetenzbereich-6390-1;https://lp-rlp.org/resource/lehrplan-358-1
Rheinland-Pfalz;Gymnasium;Physik;Lehrplan Physik, Grund- und Leistungsfach in der gymnasialen Oberstufe (Mainzer Studienstufe);Jahrgangsstufe 11 | Jahrgangsstufe 12 | Jahrgangsstufe 13;;;;;lehrplan;kompetenz;Kompetenz (RP) | http://purl.obolibrary.org/obo/BFO_0000001 | http://purl.obolibrary.org/obo/BFO_0000002 | http://purl.obolibrary.org/obo/BFO_0000031 | http://purl.obolibrary.org/obo/IAO_0000030 | http://www.w3.org/2002/07/owl#NamedIndividual | Curriculares Element | CE-Kompetenzspezifikation | Element (RP);"Harmonische Wellen und ihre Superposition 
Pflichtbaustein";Experimentelle Wellenlängenbestimmung von monochromatischem Licht;https://lp-rlp.org/resource/kompetenz-27847-1;https://lp-rlp.org/resource/lehrplan-358-1
Rheinland-Pfalz;Gymnasium;Physik;Lehrplan Physik, Grund- und Leistungsfach in der gymnasialen Oberstufe (Mainzer Studienstufe);Jahrgangsstufe 11 | Jahrgangsstufe 12 | Jahrgangsstufe 13;;;;;lehrplan;kompetenz;Kompetenz (RP) | http://purl.obolibrary.org/obo/BFO_0000001 | http://purl.obolibrary.org/obo/BFO_0000002 | http://purl.obolibrary.org/obo/BFO_0000031 | http://purl.obolibrary.org/obo/IAO_0000030 | http://www.w3.org/2002/07/owl#NamedIndividual | Curriculares Element | CE-Kompetenzspezifikation | Element (RP);"Superposition von Wellen 
Pflichtbaustein";Experimentelle Wellenlängenbestimmung von monochromatischem Licht;https://lp-rlp.org/resource/kompetenz-27599-1;https://lp-rlp.org/resource/lehrplan-358-1
Rheinland-Pfalz;Gymnasium;Physik;Lehrplan Physik, Grund- und Leistungsfach in der gymnasialen Oberstufe (Mainzer Studienstufe);Jahrgangsstufe 11 | Jahrgangsstufe 12 | Jahrgangsstufe 13;;;;;lehrplan;kompetenz;Kompetenz (RP) | http://purl.obolibrary.org/obo/BFO_0000001 | http://purl.obolibrary.org/obo/BFO_0000002 | http://purl.obolibrary.org/obo/BFO_0000031 | http://purl.obolibrary.org/obo/IAO_0000030 | http://www.w3.org/2002/07/owl#NamedIndividual | Curriculares Element | CE-Kompetenzspezifikation | Element (RP);"Anwendungsbeispiele für Teilchen in Feldern 
Wahlpflichtbaustein";Fadenstrahlrohr zur Bestimmung von e/m;https://lp-rlp.org/resource/kompetenz-27881-1;https://lp-rlp.org/resource/lehrplan-358-1
Rheinland-Pfalz;Gymnasium;Physik;Lehrplan Physik, Grund- und Leistungsfach in der gymnasialen Oberstufe (Mainzer Studienstufe);Jahrgangsstufe 11 | Jahrgangsstufe 12 | Jahrgangsstufe 13;;;;;lehrplan;kompetenz;Kompetenz (RP) | http://purl.obolibrary.org/obo/BFO_0000001 | http://purl.obolibrary.org/obo/BFO_0000002 | http://purl.obolibrary.org/obo/BFO_0000031 | http://purl.obolibrary.org/obo/IAO_0000030 | http://www.w3.org/2002/07/owl#NamedIndividual | Curriculares Element | CE-Kompetenzspezifikation | Element (RP);"Anwendungsbeispiele für Teilchen in Feldern 
Wahlpflichtbaustein";Fadenstrahlrohr zur Bestimmung von e/m;https://lp-rlp.org/resource/kompetenz-27613-1;https://lp-rlp.org/resource/lehrplan-358-1
Rheinland-Pfalz;Gymnasium;Physik;Lehrplan Physik, Grund- und Leistungsfach in der gymnasialen Oberstufe (Mainzer Studienstufe);Jahrgangsstufe 11 | Jahrgangsstufe 12 | Jahrgangsstufe 13;;;;;lehrplan;themenbereich;Kompetenzbereich (RP) | http://purl.obolibrary.org/obo/BFO_0000001 | http://purl.obolibrary.org/obo/BFO_0000002 | http://purl.obolibrary.org/obo/BFO_0000031 | http://purl.obolibrary.org/obo/IAO_0000030 | http://www.w3.org/2002/07/owl#NamedIndividual | Curriculares Element | Element (RP) | CE-Bereich;Lehrplan Physik, Grund- und Leistungsfach in der gymnasialen Oberstufe (Mainzer Studienstufe);"Feldkonzept für statische elektrische und magnetische Felder 
Pflichtbaustein";https://lp-rlp.org/resource/kompetenzbereich-6334-1;https://lp-rlp.org/resource/lehrplan-358-1
Rheinland-Pfalz;Gymnasium;Physik;Lehrplan Physik, Grund- und Leistungsfach in der gymnasialen Oberstufe (Mainzer Studienstufe);Jahrgangsstufe 11 | Jahrgangsstufe 12 | Jahrgangsstufe 13;;;;;lehrplan;themenbereich;Kompetenzbereich (RP) | http://purl.obolibrary.org/obo/BFO_0000001 | http://purl.obolibrary.org/obo/BFO_0000002 | http://purl.obolibrary.org/obo/BFO_0000031 | http://purl.obolibrary.org/obo/IAO_0000030 | http://www.w3.org/2002/07/owl#NamedIndividual | Curriculares Element | Element (RP) | CE-Bereich;Lehrplan Physik, Grund- und Leistungsfach in der gymnasialen Oberstufe (Mainzer Studienstufe);"Feldkonzept für statische elektrische und magnetische Felder 
Pflichtbaustein";https://lp-rlp.org/resource/kompetenzbereich-6394-1;https://lp-rlp.org/resource/lehrplan-358-1
Rheinland-Pfalz;Gymnasium;Physik;Lehrplan Physik, Grund- und Leistungsfach in der gymnasialen Oberstufe (Mainzer Studienstufe);Jahrgangsstufe 11 | Jahrgangsstufe 12 | Jahrgangsstufe 13;;;;;lehrplan;themenbereich;Kompetenzbereich (RP) | http://purl.obolibrary.org/obo/BFO_0000001 | http://purl.obolibrary.org/obo/BFO_0000002 | http://purl.obolibrary.org/obo/BFO_0000031 | http://purl.obolibrary.org/obo/IAO_0000030 | http://www.w3.org/2002/07/owl#NamedIndividual | Curriculares Element | Element (RP) | CE-Bereich;Lehrplan Physik, Grund- und Leistungsfach in der gymnasialen Oberstufe (Mainzer Studienstufe);"Festkörperphysik 
Wahlpflichtbaustein";https://lp-rlp.org/resource/kompetenzbereich-6350-1;https://lp-rlp.org/resource/lehrplan-358-1
Rheinland-Pfalz;Gymnasium;Physik;Lehrplan Physik, Grund- und Leistungsfach in der gymnasialen Oberstufe (Mainzer Studienstufe);Jahrgangsstufe 11 | Jahrgangsstufe 12 | Jahrgangsstufe 13;;;;;lehrplan;themenbereich;Kompetenzbereich (RP) | http://purl.obolibrary.org/obo/BFO_0000001 | http://purl.obolibrary.org/obo/BFO_0000002 | http://purl.obolibrary.org/obo/BFO_0000031 | http://purl.obolibrary.org/obo/IAO_0000030 | http://www.w3.org/2002/07/owl#NamedIndividual | Curriculares Element | Element (RP) | CE-Bereich;Lehrplan Physik, Grund- und Leistungsfach in der gymnasialen Oberstufe (Mainzer Studienstufe);"Festkörperphysik 
Wahlpflichtbaustein";https://lp-rlp.org/resource/kompetenzbereich-6412-1;https://lp-rlp.org/resource/lehrplan-358-1
Rheinland-Pfalz;Gymnasium;Physik;Lehrplan Physik, Grund- und Leistungsfach in der gymnasialen Oberstufe (Mainzer Studienstufe);Jahrgangsstufe 11 | Jahrgangsstufe 12 | Jahrgangsstufe 13;;;;;lehrplan;themenbereich;Kompetenzbereich (RP) | http://purl.obolibrary.org/obo/BFO_0000001 | http://purl.obolibrary.org/obo/BFO_0000002 | http://purl.obolibrary.org/obo/BFO_0000031 | http://purl.obolibrary.org/obo/IAO_0000030 | http://www.w3.org/2002/07/owl#NamedIndividual | Curriculares Element | Element (RP) | CE-Bereich;Lehrplan Physik, Grund- und Leistungsfach in der gymnasialen Oberstufe (Mainzer Studienstufe);"Gravitation 
Wahlpflichtbaustein";https://lp-rlp.org/resource/kompetenzbereich-6333-1;https://lp-rlp.org/resource/lehrplan-358-1
Rheinland-Pfalz;Gymnasium;Physik;Lehrplan Physik, Grund- und Leistungsfach in der gymnasialen Oberstufe (Mainzer Studienstufe);Jahrgangsstufe 11 | Jahrgangsstufe 12 | Jahrgangsstufe 13;;;;;lehrplan;themenbereich;Kompetenzbereich (RP) | http://purl.obolibrary.org/obo/BFO_0000001 | http://purl.obolibrary.org/obo/BFO_0000002 | http://purl.obolibrary.org/obo/BFO_0000031 | http://purl.obolibrary.org/obo/IAO_0000030 | http://www.w3.org/2002/07/owl#NamedIndividual | Curriculares Element | Element (RP) | CE-Bereich;Lehrplan Physik, Grund- und Leistungsfach in der gymnasialen Oberstufe (Mainzer Studienstufe);"Gravitation 
Wahlpflichtbaustein";https://lp-rlp.org/resource/kompetenzbereich-6392-1;https://lp-rlp.org/resource/lehrplan-358-1
Rheinland-Pfalz;Gymnasium;Physik;Lehrplan Physik, Grund- und Leistungsfach in der gymnasialen Oberstufe (Mainzer Studienstufe);Jahrgangsstufe 11 | Jahrgangsstufe 12 | Jahrgangsstufe 13;;;;;lehrplan;kompetenz;Kompetenz (RP) | http://purl.obolibrary.org/obo/BFO_0000001 | http://purl.obolibrary.org/obo/BFO_0000002 | http://purl.obolibrary.org/obo/BFO_0000031 | http://purl.obolibrary.org/obo/IAO_0000030 | http://www.w3.org/2002/07/owl#NamedIndividual | Curriculares Element | CE-Kompetenzspezifikation | Element (RP);"Strahlenbiophysik 
Wahlpflichtbaustein";Grenzwerte, Strahlenschutz;https://lp-rlp.org/resource/kompetenz-27930-1;https://lp-rlp.org/resource/lehrplan-358-1
Rheinland-Pfalz;Gymnasium;Physik;Lehrplan Physik, Grund- und Leistungsfach in der gymnasialen Oberstufe (Mainzer Studienstufe);Jahrgangsstufe 11 | Jahrgangsstufe 12 | Jahrgangsstufe 13;;;;;lehrplan;kompetenz;Kompetenz (RP) | http://purl.obolibrary.org/obo/BFO_0000001 | http://purl.obolibrary.org/obo/BFO_0000002 | http://purl.obolibrary.org/obo/BFO_0000031 | http://purl.obolibrary.org/obo/IAO_0000030 | http://www.w3.org/2002/07/owl#NamedIndividual | Curriculares Element | CE-Kompetenzspezifikation | Element (RP);"Strahlenbiophysik 
Wahlpflichtbaustein";Grenzwerte, Strahlenschutz;https://lp-rlp.org/resource/kompetenz-27663-1;https://lp-rlp.org/resource/lehrplan-358-1
Rheinland-Pfalz;Gymnasium;Physik;Lehrplan Physik, Grund- und Leistungsfach in der gymnasialen Oberstufe (Mainzer Studienstufe);Jahrgangsstufe 11 | Jahrgangsstufe 12 | Jahrgangsstufe 13;;;;;lehrplan;themenbereich;Kompetenzbereich (RP) | http://purl.obolibrary.org/obo/BFO_0000001 | http://purl.obolibrary.org/obo/BFO_0000002 | http://purl.obolibrary.org/obo/BFO_0000031 | http://purl.obolibrary.org/obo/IAO_0000030 | http://www.w3.org/2002/07/owl#NamedIndividual | Curriculares Element | Element (RP) | CE-Bereich;Lehrplan Physik, Grund- und Leistungsfach in der gymnasialen Oberstufe (Mainzer Studienstufe);"Harmonische Schwingungen 
Pflichtbaustein";https://lp-rlp.org/resource/kompetenzbereich-6338-1;https://lp-rlp.org/resource/lehrplan-358-1
Rheinland-Pfalz;Gymnasium;Physik;Lehrplan Physik, Grund- und Leistungsfach in der gymnasialen Oberstufe (Mainzer Studienstufe);Jahrgangsstufe 11 | Jahrgangsstufe 12 | Jahrgangsstufe 13;;;;;lehrplan;themenbereich;Kompetenzbereich (RP) | http://purl.obolibrary.org/obo/BFO_0000001 | http://purl.obolibrary.org/obo/BFO_0000002 | http://purl.obolibrary.org/obo/BFO_0000031 | http://purl.obolibrary.org/obo/IAO_0000030 | http://www.w3.org/2002/07/owl#NamedIndividual | Curriculares Element | Element (RP) | CE-Bereich;Lehrplan Physik, Grund- und Leistungsfach in der gymnasialen Oberstufe (Mainzer Studienstufe);"Harmonische Schwingungen 
Pflichtbaustein";https://lp-rlp.org/resource/kompetenzbereich-6398-1;https://lp-rlp.org/resource/lehrplan-358-1
Rheinland-Pfalz;Gymnasium;Physik;Lehrplan Physik, Grund- und Leistungsfach in der gymnasialen Oberstufe (Mainzer Studienstufe);Jahrgangsstufe 11 | Jahrgangsstufe 12 | Jahrgangsstufe 13;;;;;lehrplan;themenbereich;Kompetenzbereich (RP) | http://purl.obolibrary.org/obo/BFO_0000001 | http://purl.obolibrary.org/obo/BFO_0000002 | http://purl.obolibrary.org/obo/BFO_0000031 | http://purl.obolibrary.org/obo/IAO_0000030 | http://www.w3.org/2002/07/owl#NamedIndividual | Curriculares Element | Element (RP) | CE-Bereich;Lehrplan Physik, Grund- und Leistungsfach in der gymnasialen Oberstufe (Mainzer Studienstufe);"Harmonische Wellen 
Pflichtbaustein";https://lp-rlp.org/resource/kompetenzbereich-6339-1;https://lp-rlp.org/resource/lehrplan-358-1
Rheinland-Pfalz;Gymnasium;Physik;Lehrplan Physik, Grund- und Leistungsfach in der gymnasialen Oberstufe (Mainzer Studienstufe);Jahrgangsstufe 11 | Jahrgangsstufe 12 | Jahrgangsstufe 13;;;;;lehrplan;themenbereich;Kompetenzbereich (RP) | http://purl.obolibrary.org/obo/BFO_0000001 | http://purl.obolibrary.org/obo/BFO_0000002 | http://purl.obolibrary.org/obo/BFO_0000031 | http://purl.obolibrary.org/obo/IAO_0000030 | http://www.w3.org/2002/07/owl#NamedIndividual | Curriculares Element | Element (RP) | CE-Bereich;Lehrplan Physik, Grund- und Leistungsfach in der gymnasialen Oberstufe (Mainzer Studienstufe);"Harmonische Wellen und ihre Superposition 
Pflichtbaustein";https://lp-rlp.org/resource/kompetenzbereich-6400-1;https://lp-rlp.org/resource/lehrplan-358-1
Rheinland-Pfalz;Gymnasium;Physik;Lehrplan Physik, Grund- und Leistungsfach in der gymnasialen Oberstufe (Mainzer Studienstufe);Jahrgangsstufe 11 | Jahrgangsstufe 12 | Jahrgangsstufe 13;;;;;lehrplan;kompetenz;Kompetenz (RP) | http://purl.obolibrary.org/obo/BFO_0000001 | http://purl.obolibrary.org/obo/BFO_0000002 | http://purl.obolibrary.org/obo/BFO_0000031 | http://purl.obolibrary.org/obo/IAO_0000030 | http://www.w3.org/2002/07/owl#NamedIndividual | Curriculares Element | CE-Kompetenzspezifikation | Element (RP);"Strahlenbiophysik 
Wahlpflichtbaustein";Harte Röntgenstrahlung, Schwächungsgesetz, Abschirmung;https://lp-rlp.org/resource/kompetenz-27664-1;https://lp-rlp.org/resource/lehrplan-358-1
Rheinland-Pfalz;Gymnasium;Physik;Lehrplan Physik, Grund- und Leistungsfach in der gymnasialen Oberstufe (Mainzer Studienstufe);Jahrgangsstufe 11 | Jahrgangsstufe 12 | Jahrgangsstufe 13;;;;;lehrplan;kompetenz;Kompetenz (RP) | http://purl.obolibrary.org/obo/BFO_0000001 | http://purl.obolibrary.org/obo/BFO_0000002 | http://purl.obolibrary.org/obo/BFO_0000031 | http://purl.obolibrary.org/obo/IAO_0000030 | http://www.w3.org/2002/07/owl#NamedIndividual | Curriculares Element | CE-Kompetenzspezifikation | Element (RP);"Strahlenbiophysik 
Wahlpflichtbaustein";Harte Röntgenstrahlung, Schwächungsgesetz, Abschirmung;https://lp-rlp.org/resource/kompetenz-27931-1;https://lp-rlp.org/resource/lehrplan-358-1
Rheinland-Pfalz;Gymnasium;Physik;Lehrplan Physik, Grund- und Leistungsfach in der gymnasialen Oberstufe (Mainzer Studienstufe);Jahrgangsstufe 11 | Jahrgangsstufe 12 | Jahrgangsstufe 13;;;;;lehrplan;themenbereich;Kompetenzbereich (RP) | http://purl.obolibrary.org/obo/BFO_0000001 | http://purl.obolibrary.org/obo/BFO_0000002 | http://purl.obolibrary.org/obo/BFO_0000031 | http://purl.obolibrary.org/obo/IAO_0000030 | http://www.w3.org/2002/07/owl#NamedIndividual | Curriculares Element | Element (RP) | CE-Bereich;Lehrplan Physik, Grund- und Leistungsfach in der gymnasialen Oberstufe (Mainzer Studienstufe);"Individuelles Thema 
Wahlpflichtbaustein";https://lp-rlp.org/resource/kompetenzbereich-6366-1;https://lp-rlp.org/resource/lehrplan-358-1
Rheinland-Pfalz;Gymnasium;Physik;Lehrplan Physik, Grund- und Leistungsfach in der gymnasialen Oberstufe (Mainzer Studienstufe);Jahrgangsstufe 11 | Jahrgangsstufe 12 | Jahrgangsstufe 13;;;;;lehrplan;themenbereich;Kompetenzbereich (RP) | http://purl.obolibrary.org/obo/BFO_0000001 | http://purl.obolibrary.org/obo/BFO_0000002 | http://purl.obolibrary.org/obo/BFO_0000031 | http://purl.obolibrary.org/obo/IAO_0000030 | http://www.w3.org/2002/07/owl#NamedIndividual | Curriculares Element | Element (RP) | CE-Bereich;Lehrplan Physik, Grund- und Leistungsfach in der gymnasialen Oberstufe (Mainzer Studienstufe);"Individuelles Thema 
Wahlpflichtbaustein";https://lp-rlp.org/resource/kompetenzbereich-6425-1;https://lp-rlp.org/resource/lehrplan-358-1
Rheinland-Pfalz;Gymnasium;Physik;Lehrplan Physik, Grund- und Leistungsfach in der gymnasialen Oberstufe (Mainzer Studienstufe);Jahrgangsstufe 11 | Jahrgangsstufe 12 | Jahrgangsstufe 13;;;;;lehrplan;kompetenz;Kompetenz (RP) | http://purl.obolibrary.org/obo/BFO_0000001 | http://purl.obolibrary.org/obo/BFO_0000002 | http://purl.obolibrary.org/obo/BFO_0000031 | http://purl.obolibrary.org/obo/IAO_0000030 | http://www.w3.org/2002/07/owl#NamedIndividual | Curriculares Element | CE-Kompetenzspezifikation | Element (RP);"Harmonische Wellen und ihre Superposition 
Pflichtbaustein";Interferenz am Doppelspalt mit monochromatischem Licht;https://lp-rlp.org/resource/kompetenz-27844-1;https://lp-rlp.org/resource/lehrplan-358-1
Rheinland-Pfalz;Gymnasium;Physik;Lehrplan Physik, Grund- und Leistungsfach in der gymnasialen Oberstufe (Mainzer Studienstufe);Jahrgangsstufe 11 | Jahrgangsstufe 12 | Jahrgangsstufe 13;;;;;lehrplan;kompetenz;Kompetenz (RP) | http://purl.obolibrary.org/obo/BFO_0000001 | http://purl.obolibrary.org/obo/BFO_0000002 | http://purl.obolibrary.org/obo/BFO_0000031 | http://purl.obolibrary.org/obo/IAO_0000030 | http://www.w3.org/2002/07/owl#NamedIndividual | Curriculares Element | CE-Kompetenzspezifikation | Element (RP);"Superposition von Wellen 
Pflichtbaustein";Interferenz am Doppelspalt mit monochromatischem Licht;https://lp-rlp.org/resource/kompetenz-27597-1;https://lp-rlp.org/resource/lehrplan-358-1
Rheinland-Pfalz;Gymnasium;Physik;Lehrplan Physik, Grund- und Leistungsfach in der gymnasialen Oberstufe (Mainzer Studienstufe);Jahrgangsstufe 11 | Jahrgangsstufe 12 | Jahrgangsstufe 13;;;;;lehrplan;kompetenz;Kompetenz (RP) | http://purl.obolibrary.org/obo/BFO_0000001 | http://purl.obolibrary.org/obo/BFO_0000002 | http://purl.obolibrary.org/obo/BFO_0000031 | http://purl.obolibrary.org/obo/IAO_0000030 | http://www.w3.org/2002/07/owl#NamedIndividual | Curriculares Element | CE-Kompetenzspezifikation | Element (RP);"Wechselwirkung von Quantenobjekten 
Wahlpflichtbaustein";Interferenzphänomene (z. B. Elektronenbeugungsröhre, Bragg-Reflexion);https://lp-rlp.org/resource/kompetenz-27918-1;https://lp-rlp.org/resource/lehrplan-358-1
Rheinland-Pfalz;Gymnasium;Physik;Lehrplan Physik, Grund- und Leistungsfach in der gymnasialen Oberstufe (Mainzer Studienstufe);Jahrgangsstufe 11 | Jahrgangsstufe 12 | Jahrgangsstufe 13;;;;;lehrplan;themenbereich;Kompetenzbereich (RP) | http://purl.obolibrary.org/obo/BFO_0000001 | http://purl.obolibrary.org/obo/BFO_0000002 | http://purl.obolibrary.org/obo/BFO_0000031 | http://purl.obolibrary.org/obo/IAO_0000030 | http://www.w3.org/2002/07/owl#NamedIndividual | Curriculares Element | Element (RP) | CE-Bereich;Lehrplan Physik, Grund- und Leistungsfach in der gymnasialen Oberstufe (Mainzer Studienstufe);"Kernphysik 
Pflichtbaustein";https://lp-rlp.org/resource/kompetenzbereich-6403-1;https://lp-rlp.org/resource/lehrplan-358-1
Rheinland-Pfalz;Gymnasium;Physik;Lehrplan Physik, Grund- und Leistungsfach in der gymnasialen Oberstufe (Mainzer Studienstufe);Jahrgangsstufe 11 | Jahrgangsstufe 12 | Jahrgangsstufe 13;;;;;lehrplan;themenbereich;Kompetenzbereich (RP) | http://purl.obolibrary.org/obo/BFO_0000001 | http://purl.obolibrary.org/obo/BFO_0000002 | http://purl.obolibrary.org/obo/BFO_0000031 | http://purl.obolibrary.org/obo/IAO_0000030 | http://www.w3.org/2002/07/owl#NamedIndividual | Curriculares Element | Element (RP) | CE-Bereich;Lehrplan Physik, Grund- und Leistungsfach in der gymnasialen Oberstufe (Mainzer Studienstufe);"Kernphysik 
Wahlpflichtbaustein";https://lp-rlp.org/resource/kompetenzbereich-6353-1;https://lp-rlp.org/resource/lehrplan-358-1
Rheinland-Pfalz;Gymnasium;Physik;Lehrplan Physik, Grund- und Leistungsfach in der gymnasialen Oberstufe (Mainzer Studienstufe);Jahrgangsstufe 11 | Jahrgangsstufe 12 | Jahrgangsstufe 13;;;;;lehrplan;themenbereich;Kompetenzbereich (RP) | http://purl.obolibrary.org/obo/BFO_0000001 | http://purl.obolibrary.org/obo/BFO_0000002 | http://purl.obolibrary.org/obo/BFO_0000031 | http://purl.obolibrary.org/obo/IAO_0000030 | http://www.w3.org/2002/07/owl#NamedIndividual | Curriculares Element | Element (RP) | CE-Bereich;Lehrplan Physik, Grund- und Leistungsfach in der gymnasialen Oberstufe (Mainzer Studienstufe);"Kinematik
Pflichtbaustein";https://lp-rlp.org/resource/kompetenzbereich-6329-1;https://lp-rlp.org/resource/lehrplan-358-1
Rheinland-Pfalz;Gymnasium;Physik;Lehrplan Physik, Grund- und Leistungsfach in der gymnasialen Oberstufe (Mainzer Studienstufe);Jahrgangsstufe 11 | Jahrgangsstufe 12 | Jahrgangsstufe 13;;;;;lehrplan;themenbereich;Kompetenzbereich (RP) | http://purl.obolibrary.org/obo/BFO_0000001 | http://purl.obolibrary.org/obo/BFO_0000002 | http://purl.obolibrary.org/obo/BFO_0000031 | http://purl.obolibrary.org/obo/IAO_0000030 | http://www.w3.org/2002/07/owl#NamedIndividual | Curriculares Element | Element (RP) | CE-Bereich;Lehrplan Physik, Grund- und Leistungsfach in der gymnasialen Oberstufe (Mainzer Studienstufe);"Kinematik 
Pflichtbaustein";https://lp-rlp.org/resource/kompetenzbereich-6388-1;https://lp-rlp.org/resource/lehrplan-358-1
Rheinland-Pfalz;Gymnasium;Physik;Lehrplan Physik, Grund- und Leistungsfach in der gymnasialen Oberstufe (Mainzer Studienstufe);Jahrgangsstufe 11 | Jahrgangsstufe 12 | Jahrgangsstufe 13;;;;;lehrplan;themenbereich;Kompetenzbereich (RP) | http://purl.obolibrary.org/obo/BFO_0000001 | http://purl.obolibrary.org/obo/BFO_0000002 | http://purl.obolibrary.org/obo/BFO_0000031 | http://purl.obolibrary.org/obo/IAO_0000030 | http://www.w3.org/2002/07/owl#NamedIndividual | Curriculares Element | Element (RP) | CE-Bereich;Lehrplan Physik, Grund- und Leistungsfach in der gymnasialen Oberstufe (Mainzer Studienstufe);"Kosmologie 
Wahlpflichtbaustein";https://lp-rlp.org/resource/kompetenzbereich-6362-1;https://lp-rlp.org/resource/lehrplan-358-1
Rheinland-Pfalz;Gymnasium;Physik;Lehrplan Physik, Grund- und Leistungsfach in der gymnasialen Oberstufe (Mainzer Studienstufe);Jahrgangsstufe 11 | Jahrgangsstufe 12 | Jahrgangsstufe 13;;;;;lehrplan;themenbereich;Kompetenzbereich (RP) | http://purl.obolibrary.org/obo/BFO_0000001 | http://purl.obolibrary.org/obo/BFO_0000002 | http://purl.obolibrary.org/obo/BFO_0000031 | http://purl.obolibrary.org/obo/IAO_0000030 | http://www.w3.org/2002/07/owl#NamedIndividual | Curriculares Element | Element (RP) | CE-Bereich;Lehrplan Physik, Grund- und Leistungsfach in der gymnasialen Oberstufe (Mainzer Studienstufe);"Kosmologie 
Wahlpflichtbaustein";https://lp-rlp.org/resource/kompetenzbereich-6422-1;https://lp-rlp.org/resource/lehrplan-358-1
Rheinland-Pfalz;Gymnasium;Physik;Lehrplan Physik, Grund- und Leistungsfach in der gymnasialen Oberstufe (Mainzer Studienstufe);Jahrgangsstufe 11 | Jahrgangsstufe 12 | Jahrgangsstufe 13;;;;;lehrplan;themenbereich;Kompetenzbereich (RP) | http://purl.obolibrary.org/obo/BFO_0000001 | http://purl.obolibrary.org/obo/BFO_0000002 | http://purl.obolibrary.org/obo/BFO_0000031 | http://purl.obolibrary.org/obo/IAO_0000030 | http://www.w3.org/2002/07/owl#NamedIndividual | Curriculares Element | Element (RP) | CE-Bereich;Lehrplan Physik, Grund- und Leistungsfach in der gymnasialen Oberstufe (Mainzer Studienstufe);"Licht als Wellenphänomen 
Pflichtbaustein";https://lp-rlp.org/resource/kompetenzbereich-6408-1;https://lp-rlp.org/resource/lehrplan-358-1
Rheinland-Pfalz;Gymnasium;Physik;Lehrplan Physik, Grund- und Leistungsfach in der gymnasialen Oberstufe (Mainzer Studienstufe);Jahrgangsstufe 11 | Jahrgangsstufe 12 | Jahrgangsstufe 13;;;;;lehrplan;themenbereich;Kompetenzbereich (RP) | http://purl.obolibrary.org/obo/BFO_0000001 | http://purl.obolibrary.org/obo/BFO_0000002 | http://purl.obolibrary.org/obo/BFO_0000031 | http://purl.obolibrary.org/obo/IAO_0000030 | http://www.w3.org/2002/07/owl#NamedIndividual | Curriculares Element | Element (RP) | CE-Bereich;Lehrplan Physik, Grund- und Leistungsfach in der gymnasialen Oberstufe (Mainzer Studienstufe);"Licht als Wellenphänomen 
Wahlpflichtbaustein";https://lp-rlp.org/resource/kompetenzbereich-6346-1;https://lp-rlp.org/resource/lehrplan-358-1
Rheinland-Pfalz;Gymnasium;Physik;Lehrplan Physik, Grund- und Leistungsfach in der gymnasialen Oberstufe (Mainzer Studienstufe);Jahrgangsstufe 11 | Jahrgangsstufe 12 | Jahrgangsstufe 13;;;;;lehrplan;kompetenz;Kompetenz (RP) | http://purl.obolibrary.org/obo/BFO_0000001 | http://purl.obolibrary.org/obo/BFO_0000002 | http://purl.obolibrary.org/obo/BFO_0000031 | http://purl.obolibrary.org/obo/IAO_0000030 | http://www.w3.org/2002/07/owl#NamedIndividual | Curriculares Element | CE-Kompetenzspezifikation | Element (RP);"Strahlenbiophysik 
Wahlpflichtbaustein";Medizinische Anwendungen von Strahlung (z. B. Laser, Röntgen, Elektronen, Schwerionen);https://lp-rlp.org/resource/kompetenz-27666-1;https://lp-rlp.org/resource/lehrplan-358-1
Rheinland-Pfalz;Gymnasium;Physik;Lehrplan Physik, Grund- und Leistungsfach in der gymnasialen Oberstufe (Mainzer Studienstufe);Jahrgangsstufe 11 | Jahrgangsstufe 12 | Jahrgangsstufe 13;;;;;lehrplan;themenbereich;Kompetenzbereich (RP) | http://purl.obolibrary.org/obo/BFO_0000001 | http://purl.obolibrary.org/obo/BFO_0000002 | http://purl.obolibrary.org/obo/BFO_0000031 | http://purl.obolibrary.org/obo/IAO_0000030 | http://www.w3.org/2002/07/owl#NamedIndividual | Curriculares Element | Element (RP) | CE-Bereich;Lehrplan Physik, Grund- und Leistungsfach in der gymnasialen Oberstufe (Mainzer Studienstufe);"Physik als sich weiterentwickelnde Wissenschaft 
Wahlpflichtbaustein";https://lp-rlp.org/resource/kompetenzbereich-6365-1;https://lp-rlp.org/resource/lehrplan-358-1
Rheinland-Pfalz;Gymnasium;Physik;Lehrplan Physik, Grund- und Leistungsfach in der gymnasialen Oberstufe (Mainzer Studienstufe);Jahrgangsstufe 11 | Jahrgangsstufe 12 | Jahrgangsstufe 13;;;;;lehrplan;kompetenz;Kompetenz (RP) | http://purl.obolibrary.org/obo/BFO_0000001 | http://purl.obolibrary.org/obo/BFO_0000002 | http://purl.obolibrary.org/obo/BFO_0000031 | http://purl.obolibrary.org/obo/IAO_0000030 | http://www.w3.org/2002/07/owl#NamedIndividual | Curriculares Element | CE-Kompetenzspezifikation | Element (RP);"Licht als Wellenphänomen 
Pflichtbaustein";Polarisationsphänomene in der Natur (z. B. Orientierung der Biene am polarisierten Sonnenlicht, Doppelbrechung bei Kalkspat);https://lp-rlp.org/resource/kompetenz-27896-1;https://lp-rlp.org/resource/lehrplan-358-1
Rheinland-Pfalz;Gymnasium;Physik;Lehrplan Physik, Grund- und Leistungsfach in der gymnasialen Oberstufe (Mainzer Studienstufe);Jahrgangsstufe 11 | Jahrgangsstufe 12 | Jahrgangsstufe 13;;;;;lehrplan;kompetenz;Kompetenz (RP) | http://purl.obolibrary.org/obo/BFO_0000001 | http://purl.obolibrary.org/obo/BFO_0000002 | http://purl.obolibrary.org/obo/BFO_0000031 | http://purl.obolibrary.org/obo/IAO_0000030 | http://www.w3.org/2002/07/owl#NamedIndividual | Curriculares Element | CE-Kompetenzspezifikation | Element (RP);"Licht als Wellenphänomen 
Wahlpflichtbaustein";Polarisationsphänomene in der Natur (z. B. Orientierung der Biene am polarisierten Sonnenlicht, Doppelbrechung bei Kalkspat);https://lp-rlp.org/resource/kompetenz-27627-1;https://lp-rlp.org/resource/lehrplan-358-1
Rheinland-Pfalz;Gymnasium;Physik;Lehrplan Physik, Grund- und Leistungsfach in der gymnasialen Oberstufe (Mainzer Studienstufe);Jahrgangsstufe 11 | Jahrgangsstufe 12 | Jahrgangsstufe 13;;;;;lehrplan;kompetenz;Kompetenz (RP) | http://purl.obolibrary.org/obo/BFO_0000001 | http://purl.obolibrary.org/obo/BFO_0000002 | http://purl.obolibrary.org/obo/BFO_0000031 | http://purl.obolibrary.org/obo/IAO_0000030 | http://www.w3.org/2002/07/owl#NamedIndividual | Curriculares Element | CE-Kompetenzspezifikation | Element (RP);"Licht als Wellenphänomen 
Wahlpflichtbaustein";Polarisationsphänomene in technischen Anwendungen (z. B. 3D-Brillen, Spannungsdoppelbrechung);https://lp-rlp.org/resource/kompetenz-27628-1;https://lp-rlp.org/resource/lehrplan-358-1
Rheinland-Pfalz;Gymnasium;Physik;Lehrplan Physik, Grund- und Leistungsfach in der gymnasialen Oberstufe (Mainzer Studienstufe);Jahrgangsstufe 11 | Jahrgangsstufe 12 | Jahrgangsstufe 13;;;;;lehrplan;kompetenz;Kompetenz (RP) | http://purl.obolibrary.org/obo/BFO_0000001 | http://purl.obolibrary.org/obo/BFO_0000002 | http://purl.obolibrary.org/obo/BFO_0000031 | http://purl.obolibrary.org/obo/IAO_0000030 | http://www.w3.org/2002/07/owl#NamedIndividual | Curriculares Element | CE-Kompetenzspezifikation | Element (RP);"Licht als Wellenphänomen 
Pflichtbaustein";Polarisationsphänomene in technischen Anwendungen (z. B. 3D-Brillen, Spannungsdoppelbrechung);https://lp-rlp.org/resource/kompetenz-27897-1;https://lp-rlp.org/resource/lehrplan-358-1
Rheinland-Pfalz;Gymnasium;Physik;Lehrplan Physik, Grund- und Leistungsfach in der gymnasialen Oberstufe (Mainzer Studienstufe);Jahrgangsstufe 11 | Jahrgangsstufe 12 | Jahrgangsstufe 13;;;;;lehrplan;themenbereich;Kompetenzbereich (RP) | http://purl.obolibrary.org/obo/BFO_0000001 | http://purl.obolibrary.org/obo/BFO_0000002 | http://purl.obolibrary.org/obo/BFO_0000031 | http://purl.obolibrary.org/obo/IAO_0000030 | http://www.w3.org/2002/07/owl#NamedIndividual | Curriculares Element | Element (RP) | CE-Bereich;Lehrplan Physik, Grund- und Leistungsfach in der gymnasialen Oberstufe (Mainzer Studienstufe);"Quantenmechanische Atomvorstellung I 
Pflichtbaustein";https://lp-rlp.org/resource/kompetenzbereich-6402-1;https://lp-rlp.org/resource/lehrplan-358-1
Rheinland-Pfalz;Gymnasium;Physik;Lehrplan Physik, Grund- und Leistungsfach in der gymnasialen Oberstufe (Mainzer Studienstufe);Jahrgangsstufe 11 | Jahrgangsstufe 12 | Jahrgangsstufe 13;;;;;lehrplan;themenbereich;Kompetenzbereich (RP) | http://purl.obolibrary.org/obo/BFO_0000001 | http://purl.obolibrary.org/obo/BFO_0000002 | http://purl.obolibrary.org/obo/BFO_0000031 | http://purl.obolibrary.org/obo/IAO_0000030 | http://www.w3.org/2002/07/owl#NamedIndividual | Curriculares Element | Element (RP) | CE-Bereich;Lehrplan Physik, Grund- und Leistungsfach in der gymnasialen Oberstufe (Mainzer Studienstufe);"Quantenmechanische Atomvorstellung I 
Pflichtbaustein";https://lp-rlp.org/resource/kompetenzbereich-6342-1;https://lp-rlp.org/resource/lehrplan-358-1
Rheinland-Pfalz;Gymnasium;Physik;Lehrplan Physik, Grund- und Leistungsfach in der gymnasialen Oberstufe (Mainzer Studienstufe);Jahrgangsstufe 11 | Jahrgangsstufe 12 | Jahrgangsstufe 13;;;;;lehrplan;themenbereich;Kompetenzbereich (RP) | http://purl.obolibrary.org/obo/BFO_0000001 | http://purl.obolibrary.org/obo/BFO_0000002 | http://purl.obolibrary.org/obo/BFO_0000031 | http://purl.obolibrary.org/obo/IAO_0000030 | http://www.w3.org/2002/07/owl#NamedIndividual | Curriculares Element | Element (RP) | CE-Bereich;Lehrplan Physik, Grund- und Leistungsfach in der gymnasialen Oberstufe (Mainzer Studienstufe);"Quantenmechanische Atomvorstellung II 
Wahlpflichtbaustein";https://lp-rlp.org/resource/kompetenzbereich-6352-1;https://lp-rlp.org/resource/lehrplan-358-1
Rheinland-Pfalz;Gymnasium;Physik;Lehrplan Physik, Grund- und Leistungsfach in der gymnasialen Oberstufe (Mainzer Studienstufe);Jahrgangsstufe 11 | Jahrgangsstufe 12 | Jahrgangsstufe 13;;;;;lehrplan;themenbereich;Kompetenzbereich (RP) | http://purl.obolibrary.org/obo/BFO_0000001 | http://purl.obolibrary.org/obo/BFO_0000002 | http://purl.obolibrary.org/obo/BFO_0000031 | http://purl.obolibrary.org/obo/IAO_0000030 | http://www.w3.org/2002/07/owl#NamedIndividual | Curriculares Element | Element (RP) | CE-Bereich;Lehrplan Physik, Grund- und Leistungsfach in der gymnasialen Oberstufe (Mainzer Studienstufe);"Quantenmechanische Atomvorstellung II 
Wahlpflichtbaustein";https://lp-rlp.org/resource/kompetenzbereich-6415-1;https://lp-rlp.org/resource/lehrplan-358-1
Rheinland-Pfalz;Gymnasium;Physik;Lehrplan Physik, Grund- und Leistungsfach in der gymnasialen Oberstufe (Mainzer Studienstufe);Jahrgangsstufe 11 | Jahrgangsstufe 12 | Jahrgangsstufe 13;;;;;lehrplan;themenbereich;Kompetenzbereich (RP) | http://purl.obolibrary.org/obo/BFO_0000001 | http://purl.obolibrary.org/obo/BFO_0000002 | http://purl.obolibrary.org/obo/BFO_0000031 | http://purl.obolibrary.org/obo/IAO_0000030 | http://www.w3.org/2002/07/owl#NamedIndividual | Curriculares Element | Element (RP) | CE-Bereich;Lehrplan Physik, Grund- und Leistungsfach in der gymnasialen Oberstufe (Mainzer Studienstufe);"Quantenobjekte I 
Pflichtbaustein";https://lp-rlp.org/resource/kompetenzbereich-6401-1;https://lp-rlp.org/resource/lehrplan-358-1
Rheinland-Pfalz;Gymnasium;Physik;Lehrplan Physik, Grund- und Leistungsfach in der gymnasialen Oberstufe (Mainzer Studienstufe);Jahrgangsstufe 11 | Jahrgangsstufe 12 | Jahrgangsstufe 13;;;;;lehrplan;themenbereich;Kompetenzbereich (RP) | http://purl.obolibrary.org/obo/BFO_0000001 | http://purl.obolibrary.org/obo/BFO_0000002 | http://purl.obolibrary.org/obo/BFO_0000031 | http://purl.obolibrary.org/obo/IAO_0000030 | http://www.w3.org/2002/07/owl#NamedIndividual | Curriculares Element | Element (RP) | CE-Bereich;Lehrplan Physik, Grund- und Leistungsfach in der gymnasialen Oberstufe (Mainzer Studienstufe);"Quantenobjekte I 
Pflichtbaustein";https://lp-rlp.org/resource/kompetenzbereich-6341-1;https://lp-rlp.org/resource/lehrplan-358-1
Rheinland-Pfalz;Gymnasium;Physik;Lehrplan Physik, Grund- und Leistungsfach in der gymnasialen Oberstufe (Mainzer Studienstufe);Jahrgangsstufe 11 | Jahrgangsstufe 12 | Jahrgangsstufe 13;;;;;lehrplan;themenbereich;Kompetenzbereich (RP) | http://purl.obolibrary.org/obo/BFO_0000001 | http://purl.obolibrary.org/obo/BFO_0000002 | http://purl.obolibrary.org/obo/BFO_0000031 | http://purl.obolibrary.org/obo/IAO_0000030 | http://www.w3.org/2002/07/owl#NamedIndividual | Curriculares Element | Element (RP) | CE-Bereich;Lehrplan Physik, Grund- und Leistungsfach in der gymnasialen Oberstufe (Mainzer Studienstufe);"Quantenobjekte II 
Wahlpflichtbaustein";https://lp-rlp.org/resource/kompetenzbereich-6351-1;https://lp-rlp.org/resource/lehrplan-358-1
Rheinland-Pfalz;Gymnasium;Physik;Lehrplan Physik, Grund- und Leistungsfach in der gymnasialen Oberstufe (Mainzer Studienstufe);Jahrgangsstufe 11 | Jahrgangsstufe 12 | Jahrgangsstufe 13;;;;;lehrplan;themenbereich;Kompetenzbereich (RP) | http://purl.obolibrary.org/obo/BFO_0000001 | http://purl.obolibrary.org/obo/BFO_0000002 | http://purl.obolibrary.org/obo/BFO_0000031 | http://purl.obolibrary.org/obo/IAO_0000030 | http://www.w3.org/2002/07/owl#NamedIndividual | Curriculares Element | Element (RP) | CE-Bereich;Lehrplan Physik, Grund- und Leistungsfach in der gymnasialen Oberstufe (Mainzer Studienstufe);"Quantenobjekte II 
Wahlpflichtbaustein";https://lp-rlp.org/resource/kompetenzbereich-6413-1;https://lp-rlp.org/resource/lehrplan-358-1
Rheinland-Pfalz;Gymnasium;Physik;Lehrplan Physik, Grund- und Leistungsfach in der gymnasialen Oberstufe (Mainzer Studienstufe);Jahrgangsstufe 11 | Jahrgangsstufe 12 | Jahrgangsstufe 13;;;;;lehrplan;themenbereich;Kompetenzbereich (RP) | http://purl.obolibrary.org/obo/BFO_0000001 | http://purl.obolibrary.org/obo/BFO_0000002 | http://purl.obolibrary.org/obo/BFO_0000031 | http://purl.obolibrary.org/obo/IAO_0000030 | http://www.w3.org/2002/07/owl#NamedIndividual | Curriculares Element | Element (RP) | CE-Bereich;Lehrplan Physik, Grund- und Leistungsfach in der gymnasialen Oberstufe (Mainzer Studienstufe);"Relativistische Dynamik 
Wahlpflichtbaustein";https://lp-rlp.org/resource/kompetenzbereich-6360-1;https://lp-rlp.org/resource/lehrplan-358-1
Rheinland-Pfalz;Gymnasium;Physik;Lehrplan Physik, Grund- und Leistungsfach in der gymnasialen Oberstufe (Mainzer Studienstufe);Jahrgangsstufe 11 | Jahrgangsstufe 12 | Jahrgangsstufe 13;;;;;lehrplan;themenbereich;Kompetenzbereich (RP) | http://purl.obolibrary.org/obo/BFO_0000001 | http://purl.obolibrary.org/obo/BFO_0000002 | http://purl.obolibrary.org/obo/BFO_0000031 | http://purl.obolibrary.org/obo/IAO_0000030 | http://www.w3.org/2002/07/owl#NamedIndividual | Curriculares Element | Element (RP) | CE-Bereich;Lehrplan Physik, Grund- und Leistungsfach in der gymnasialen Oberstufe (Mainzer Studienstufe);"Relativistische Dynamik 
Wahlpflichtbaustein";https://lp-rlp.org/resource/kompetenzbereich-6420-1;https://lp-rlp.org/resource/lehrplan-358-1
Rheinland-Pfalz;Gymnasium;Physik;Lehrplan Physik, Grund- und Leistungsfach in der gymnasialen Oberstufe (Mainzer Studienstufe);Jahrgangsstufe 11 | Jahrgangsstufe 12 | Jahrgangsstufe 13;;;;;lehrplan;themenbereich;Kompetenzbereich (RP) | http://purl.obolibrary.org/obo/BFO_0000001 | http://purl.obolibrary.org/obo/BFO_0000002 | http://purl.obolibrary.org/obo/BFO_0000031 | http://purl.obolibrary.org/obo/IAO_0000030 | http://www.w3.org/2002/07/owl#NamedIndividual | Curriculares Element | Element (RP) | CE-Bereich;Lehrplan Physik, Grund- und Leistungsfach in der gymnasialen Oberstufe (Mainzer Studienstufe);"Relativistische Kinematik 
Wahlpflichtbaustein";https://lp-rlp.org/resource/kompetenzbereich-6419-1;https://lp-rlp.org/resource/lehrplan-358-1
Rheinland-Pfalz;Gymnasium;Physik;Lehrplan Physik, Grund- und Leistungsfach in der gymnasialen Oberstufe (Mainzer Studienstufe);Jahrgangsstufe 11 | Jahrgangsstufe 12 | Jahrgangsstufe 13;;;;;lehrplan;themenbereich;Kompetenzbereich (RP) | http://purl.obolibrary.org/obo/BFO_0000001 | http://purl.obolibrary.org/obo/BFO_0000002 | http://purl.obolibrary.org/obo/BFO_0000031 | http://purl.obolibrary.org/obo/IAO_0000030 | http://www.w3.org/2002/07/owl#NamedIndividual | Curriculares Element | Element (RP) | CE-Bereich;Lehrplan Physik, Grund- und Leistungsfach in der gymnasialen Oberstufe (Mainzer Studienstufe);"Relativistische Kinematik 
Wahlpflichtbaustein";https://lp-rlp.org/resource/kompetenzbereich-6359-1;https://lp-rlp.org/resource/lehrplan-358-1
Rheinland-Pfalz;Gymnasium;Physik;Lehrplan Physik, Grund- und Leistungsfach in der gymnasialen Oberstufe (Mainzer Studienstufe);Jahrgangsstufe 11 | Jahrgangsstufe 12 | Jahrgangsstufe 13;;;;;lehrplan;themenbereich;Kompetenzbereich (RP) | http://purl.obolibrary.org/obo/BFO_0000001 | http://purl.obolibrary.org/obo/BFO_0000002 | http://purl.obolibrary.org/obo/BFO_0000031 | http://purl.obolibrary.org/obo/IAO_0000030 | http://www.w3.org/2002/07/owl#NamedIndividual | Curriculares Element | Element (RP) | CE-Bereich;Lehrplan Physik, Grund- und Leistungsfach in der gymnasialen Oberstufe (Mainzer Studienstufe);"Rotation starrer Körper 
Wahlpflichtbaustein";https://lp-rlp.org/resource/kompetenzbereich-6393-1;https://lp-rlp.org/resource/lehrplan-358-1
Rheinland-Pfalz;Gymnasium;Physik;Lehrplan Physik, Grund- und Leistungsfach in der gymnasialen Oberstufe (Mainzer Studienstufe);Jahrgangsstufe 11 | Jahrgangsstufe 12 | Jahrgangsstufe 13;;;;;lehrplan;themenbereich;Kompetenzbereich (RP) | http://purl.obolibrary.org/obo/BFO_0000001 | http://purl.obolibrary.org/obo/BFO_0000002 | http://purl.obolibrary.org/obo/BFO_0000031 | http://purl.obolibrary.org/obo/IAO_0000030 | http://www.w3.org/2002/07/owl#NamedIndividual | Curriculares Element | Element (RP) | CE-Bereich;Lehrplan Physik, Grund- und Leistungsfach in der gymnasialen Oberstufe (Mainzer Studienstufe);"Schwingungen und Wellen 
Pflichtbaustein";https://lp-rlp.org/resource/kompetenzbereich-6399-1;https://lp-rlp.org/resource/lehrplan-358-1
Rheinland-Pfalz;Gymnasium;Physik;Lehrplan Physik, Grund- und Leistungsfach in der gymnasialen Oberstufe (Mainzer Studienstufe);Jahrgangsstufe 11 | Jahrgangsstufe 12 | Jahrgangsstufe 13;;;;;lehrplan;themenbereich;Kompetenzbereich (RP) | http://purl.obolibrary.org/obo/BFO_0000001 | http://purl.obolibrary.org/obo/BFO_0000002 | http://purl.obolibrary.org/obo/BFO_0000031 | http://purl.obolibrary.org/obo/IAO_0000030 | http://www.w3.org/2002/07/owl#NamedIndividual | Curriculares Element | Element (RP) | CE-Bereich;Lehrplan Physik, Grund- und Leistungsfach in der gymnasialen Oberstufe (Mainzer Studienstufe);"Schwingungsphänomene 
Wahlpflichtbaustein";https://lp-rlp.org/resource/kompetenzbereich-6344-1;https://lp-rlp.org/resource/lehrplan-358-1
Rheinland-Pfalz;Gymnasium;Physik;Lehrplan Physik, Grund- und Leistungsfach in der gymnasialen Oberstufe (Mainzer Studienstufe);Jahrgangsstufe 11 | Jahrgangsstufe 12 | Jahrgangsstufe 13;;;;;lehrplan;themenbereich;Kompetenzbereich (RP) | http://purl.obolibrary.org/obo/BFO_0000001 | http://purl.obolibrary.org/obo/BFO_0000002 | http://purl.obolibrary.org/obo/BFO_0000031 | http://purl.obolibrary.org/obo/IAO_0000030 | http://www.w3.org/2002/07/owl#NamedIndividual | Curriculares Element | Element (RP) | CE-Bereich;Lehrplan Physik, Grund- und Leistungsfach in der gymnasialen Oberstufe (Mainzer Studienstufe);"Strahlenbiophysik 
Wahlpflichtbaustein";https://lp-rlp.org/resource/kompetenzbereich-6354-1;https://lp-rlp.org/resource/lehrplan-358-1
Rheinland-Pfalz;Gymnasium;Physik;Lehrplan Physik, Grund- und Leistungsfach in der gymnasialen Oberstufe (Mainzer Studienstufe);Jahrgangsstufe 11 | Jahrgangsstufe 12 | Jahrgangsstufe 13;;;;;lehrplan;themenbereich;Kompetenzbereich (RP) | http://purl.obolibrary.org/obo/BFO_0000001 | http://purl.obolibrary.org/obo/BFO_0000002 | http://purl.obolibrary.org/obo/BFO_0000031 | http://purl.obolibrary.org/obo/IAO_0000030 | http://www.w3.org/2002/07/owl#NamedIndividual | Curriculares Element | Element (RP) | CE-Bereich;Lehrplan Physik, Grund- und Leistungsfach in der gymnasialen Oberstufe (Mainzer Studienstufe);"Strahlenbiophysik 
Wahlpflichtbaustein";https://lp-rlp.org/resource/kompetenzbereich-6416-1;https://lp-rlp.org/resource/lehrplan-358-1
Rheinland-Pfalz;Gymnasium;Physik;Lehrplan Physik, Grund- und Leistungsfach in der gymnasialen Oberstufe (Mainzer Studienstufe);Jahrgangsstufe 11 | Jahrgangsstufe 12 | Jahrgangsstufe 13;;;;;lehrplan;kompetenz;Kompetenz (RP) | http://purl.obolibrary.org/obo/BFO_0000001 | http://purl.obolibrary.org/obo/BFO_0000002 | http://purl.obolibrary.org/obo/BFO_0000031 | http://purl.obolibrary.org/obo/IAO_0000030 | http://www.w3.org/2002/07/owl#NamedIndividual | Curriculares Element | CE-Kompetenzspezifikation | Element (RP);"Strahlenbiophysik 
Wahlpflichtbaustein";Strahlendosen, Transferfaktoren;https://lp-rlp.org/resource/kompetenz-27661-1;https://lp-rlp.org/resource/lehrplan-358-1
Rheinland-Pfalz;Gymnasium;Physik;Lehrplan Physik, Grund- und Leistungsfach in der gymnasialen Oberstufe (Mainzer Studienstufe);Jahrgangsstufe 11 | Jahrgangsstufe 12 | Jahrgangsstufe 13;;;;;lehrplan;kompetenz;Kompetenz (RP) | http://purl.obolibrary.org/obo/BFO_0000001 | http://purl.obolibrary.org/obo/BFO_0000002 | http://purl.obolibrary.org/obo/BFO_0000031 | http://purl.obolibrary.org/obo/IAO_0000030 | http://www.w3.org/2002/07/owl#NamedIndividual | Curriculares Element | CE-Kompetenzspezifikation | Element (RP);"Strahlenbiophysik 
Wahlpflichtbaustein";Strahlendosen, Transferfaktoren;https://lp-rlp.org/resource/kompetenz-27928-1;https://lp-rlp.org/resource/lehrplan-358-1
Rheinland-Pfalz;Gymnasium;Physik;Lehrplan Physik, Grund- und Leistungsfach in der gymnasialen Oberstufe (Mainzer Studienstufe);Jahrgangsstufe 11 | Jahrgangsstufe 12 | Jahrgangsstufe 13;;;;;lehrplan;kompetenz;Kompetenz (RP) | http://purl.obolibrary.org/obo/BFO_0000001 | http://purl.obolibrary.org/obo/BFO_0000002 | http://purl.obolibrary.org/obo/BFO_0000031 | http://purl.obolibrary.org/obo/IAO_0000030 | http://www.w3.org/2002/07/owl#NamedIndividual | Curriculares Element | CE-Kompetenzspezifikation | Element (RP);"Strahlenbiophysik 
Wahlpflichtbaustein";Strahlenquellen, Radionuklide;https://lp-rlp.org/resource/kompetenz-27927-1;https://lp-rlp.org/resource/lehrplan-358-1
Rheinland-Pfalz;Gymnasium;Physik;Lehrplan Physik, Grund- und Leistungsfach in der gymnasialen Oberstufe (Mainzer Studienstufe);Jahrgangsstufe 11 | Jahrgangsstufe 12 | Jahrgangsstufe 13;;;;;lehrplan;kompetenz;Kompetenz (RP) | http://purl.obolibrary.org/obo/BFO_0000001 | http://purl.obolibrary.org/obo/BFO_0000002 | http://purl.obolibrary.org/obo/BFO_0000031 | http://purl.obolibrary.org/obo/IAO_0000030 | http://www.w3.org/2002/07/owl#NamedIndividual | Curriculares Element | CE-Kompetenzspezifikation | Element (RP);"Kernphysik 
Wahlpflichtbaustein";Strahlenquellen, Radionuklide;https://lp-rlp.org/resource/kompetenz-27656-1;https://lp-rlp.org/resource/lehrplan-358-1
Rheinland-Pfalz;Gymnasium;Physik;Lehrplan Physik, Grund- und Leistungsfach in der gymnasialen Oberstufe (Mainzer Studienstufe);Jahrgangsstufe 11 | Jahrgangsstufe 12 | Jahrgangsstufe 13;;;;;lehrplan;themenbereich;Kompetenzbereich (RP) | http://purl.obolibrary.org/obo/BFO_0000001 | http://purl.obolibrary.org/obo/BFO_0000002 | http://purl.obolibrary.org/obo/BFO_0000031 | http://purl.obolibrary.org/obo/IAO_0000030 | http://www.w3.org/2002/07/owl#NamedIndividual | Curriculares Element | Element (RP) | CE-Bereich;Lehrplan Physik, Grund- und Leistungsfach in der gymnasialen Oberstufe (Mainzer Studienstufe);"Strömungsphysik 
Wahlpflichtbaustein";https://lp-rlp.org/resource/kompetenzbereich-6424-1;https://lp-rlp.org/resource/lehrplan-358-1
Rheinland-Pfalz;Gymnasium;Physik;Lehrplan Physik, Grund- und Leistungsfach in der gymnasialen Oberstufe (Mainzer Studienstufe);Jahrgangsstufe 11 | Jahrgangsstufe 12 | Jahrgangsstufe 13;;;;;lehrplan;themenbereich;Kompetenzbereich (RP) | http://purl.obolibrary.org/obo/BFO_0000001 | http://purl.obolibrary.org/obo/BFO_0000002 | http://purl.obolibrary.org/obo/BFO_0000031 | http://purl.obolibrary.org/obo/IAO_0000030 | http://www.w3.org/2002/07/owl#NamedIndividual | Curriculares Element | Element (RP) | CE-Bereich;Lehrplan Physik, Grund- und Leistungsfach in der gymnasialen Oberstufe (Mainzer Studienstufe);"Strömungsphysik 
Wahlpflichtbaustein";https://lp-rlp.org/resource/kompetenzbereich-6364-1;https://lp-rlp.org/resource/lehrplan-358-1
Rheinland-Pfalz;Gymnasium;Physik;Lehrplan Physik, Grund- und Leistungsfach in der gymnasialen Oberstufe (Mainzer Studienstufe);Jahrgangsstufe 11 | Jahrgangsstufe 12 | Jahrgangsstufe 13;;;;;lehrplan;themenbereich;Kompetenzbereich (RP) | http://purl.obolibrary.org/obo/BFO_0000001 | http://purl.obolibrary.org/obo/BFO_0000002 | http://purl.obolibrary.org/obo/BFO_0000031 | http://purl.obolibrary.org/obo/IAO_0000030 | http://www.w3.org/2002/07/owl#NamedIndividual | Curriculares Element | Element (RP) | CE-Bereich;Lehrplan Physik, Grund- und Leistungsfach in der gymnasialen Oberstufe (Mainzer Studienstufe);"Superposition von Wellen 
Pflichtbaustein";https://lp-rlp.org/resource/kompetenzbereich-6340-1;https://lp-rlp.org/resource/lehrplan-358-1
Rheinland-Pfalz;Gymnasium;Physik;Lehrplan Physik, Grund- und Leistungsfach in der gymnasialen Oberstufe (Mainzer Studienstufe);Jahrgangsstufe 11 | Jahrgangsstufe 12 | Jahrgangsstufe 13;;;;;lehrplan;themenbereich;Kompetenzbereich (RP) | http://purl.obolibrary.org/obo/BFO_0000001 | http://purl.obolibrary.org/obo/BFO_0000002 | http://purl.obolibrary.org/obo/BFO_0000031 | http://purl.obolibrary.org/obo/IAO_0000030 | http://www.w3.org/2002/07/owl#NamedIndividual | Curriculares Element | Element (RP) | CE-Bereich;Lehrplan Physik, Grund- und Leistungsfach in der gymnasialen Oberstufe (Mainzer Studienstufe);"Thermodynamische Maschinen 
Wahlpflichtbaustein";https://lp-rlp.org/resource/kompetenzbereich-6357-1;https://lp-rlp.org/resource/lehrplan-358-1
Rheinland-Pfalz;Gymnasium;Physik;Lehrplan Physik, Grund- und Leistungsfach in der gymnasialen Oberstufe (Mainzer Studienstufe);Jahrgangsstufe 11 | Jahrgangsstufe 12 | Jahrgangsstufe 13;;;;;lehrplan;themenbereich;Kompetenzbereich (RP) | http://purl.obolibrary.org/obo/BFO_0000001 | http://purl.obolibrary.org/obo/BFO_0000002 | http://purl.obolibrary.org/obo/BFO_0000031 | http://purl.obolibrary.org/obo/IAO_0000030 | http://www.w3.org/2002/07/owl#NamedIndividual | Curriculares Element | Element (RP) | CE-Bereich;Lehrplan Physik, Grund- und Leistungsfach in der gymnasialen Oberstufe (Mainzer Studienstufe);"Veränderliche elektromagnetische Felder II 
Wahlpflichtbaustein";https://lp-rlp.org/resource/kompetenzbereich-6406-1;https://lp-rlp.org/resource/lehrplan-358-1
Rheinland-Pfalz;Gymnasium;Physik;Lehrplan Physik, Grund- und Leistungsfach in der gymnasialen Oberstufe (Mainzer Studienstufe);Jahrgangsstufe 11 | Jahrgangsstufe 12 | Jahrgangsstufe 13;;;;;lehrplan;themenbereich;Kompetenzbereich (RP) | http://purl.obolibrary.org/obo/BFO_0000001 | http://purl.obolibrary.org/obo/BFO_0000002 | http://purl.obolibrary.org/obo/BFO_0000031 | http://purl.obolibrary.org/obo/IAO_0000030 | http://www.w3.org/2002/07/owl#NamedIndividual | Curriculares Element | Element (RP) | CE-Bereich;Lehrplan Physik, Grund- und Leistungsfach in der gymnasialen Oberstufe (Mainzer Studienstufe);"Veränderliche elektromagnetische Felder 
Pflichtbaustein";https://lp-rlp.org/resource/kompetenzbereich-6337-1;https://lp-rlp.org/resource/lehrplan-358-1
Rheinland-Pfalz;Gymnasium;Physik;Lehrplan Physik, Grund- und Leistungsfach in der gymnasialen Oberstufe (Mainzer Studienstufe);Jahrgangsstufe 11 | Jahrgangsstufe 12 | Jahrgangsstufe 13;;;;;lehrplan;themenbereich;Kompetenzbereich (RP) | http://purl.obolibrary.org/obo/BFO_0000001 | http://purl.obolibrary.org/obo/BFO_0000002 | http://purl.obolibrary.org/obo/BFO_0000031 | http://purl.obolibrary.org/obo/IAO_0000030 | http://www.w3.org/2002/07/owl#NamedIndividual | Curriculares Element | Element (RP) | CE-Bereich;Lehrplan Physik, Grund- und Leistungsfach in der gymnasialen Oberstufe (Mainzer Studienstufe);"Veränderliche elektromagnetische Felder I 
Pflichtbaustein";https://lp-rlp.org/resource/kompetenzbereich-6397-1;https://lp-rlp.org/resource/lehrplan-358-1
Rheinland-Pfalz;Gymnasium;Physik;Lehrplan Physik, Grund- und Leistungsfach in der gymnasialen Oberstufe (Mainzer Studienstufe);Jahrgangsstufe 11 | Jahrgangsstufe 12 | Jahrgangsstufe 13;;;;;lehrplan;themenbereich;Kompetenzbereich (RP) | http://purl.obolibrary.org/obo/BFO_0000001 | http://purl.obolibrary.org/obo/BFO_0000002 | http://purl.obolibrary.org/obo/BFO_0000031 | http://purl.obolibrary.org/obo/IAO_0000030 | http://www.w3.org/2002/07/owl#NamedIndividual | Curriculares Element | Element (RP) | CE-Bereich;Lehrplan Physik, Grund- und Leistungsfach in der gymnasialen Oberstufe (Mainzer Studienstufe);"Wechselstromkreise 
Wahlpflichtbaustein";https://lp-rlp.org/resource/kompetenzbereich-6348-1;https://lp-rlp.org/resource/lehrplan-358-1
Rheinland-Pfalz;Gymnasium;Physik;Lehrplan Physik, Grund- und Leistungsfach in der gymnasialen Oberstufe (Mainzer Studienstufe);Jahrgangsstufe 11 | Jahrgangsstufe 12 | Jahrgangsstufe 13;;;;;lehrplan;themenbereich;Kompetenzbereich (RP) | http://purl.obolibrary.org/obo/BFO_0000001 | http://purl.obolibrary.org/obo/BFO_0000002 | http://purl.obolibrary.org/obo/BFO_0000031 | http://purl.obolibrary.org/obo/IAO_0000030 | http://www.w3.org/2002/07/owl#NamedIndividual | Curriculares Element | Element (RP) | CE-Bereich;Lehrplan Physik, Grund- und Leistungsfach in der gymnasialen Oberstufe (Mainzer Studienstufe);"Wechselstromkreise 
Wahlpflichtbaustein";https://lp-rlp.org/resource/kompetenzbereich-6410-1;https://lp-rlp.org/resource/lehrplan-358-1
Rheinland-Pfalz;Gymnasium;Physik;Lehrplan Physik, Grund- und Leistungsfach in der gymnasialen Oberstufe (Mainzer Studienstufe);Jahrgangsstufe 11 | Jahrgangsstufe 12 | Jahrgangsstufe 13;;;;;lehrplan;themenbereich;Kompetenzbereich (RP) | http://purl.obolibrary.org/obo/BFO_0000001 | http://purl.obolibrary.org/obo/BFO_0000002 | http://purl.obolibrary.org/obo/BFO_0000031 | http://purl.obolibrary.org/obo/IAO_0000030 | http://www.w3.org/2002/07/owl#NamedIndividual | Curriculares Element | Element (RP) | CE-Bereich;Lehrplan Physik, Grund- und Leistungsfach in der gymnasialen Oberstufe (Mainzer Studienstufe);"Wechselwirkung von Quantenobjekten 
Wahlpflichtbaustein";https://lp-rlp.org/resource/kompetenzbereich-6414-1;https://lp-rlp.org/resource/lehrplan-358-1
Rheinland-Pfalz;Gymnasium;Physik;Lehrplan Physik, Grund- und Leistungsfach in der gymnasialen Oberstufe (Mainzer Studienstufe);Jahrgangsstufe 11 | Jahrgangsstufe 12 | Jahrgangsstufe 13;;;;;lehrplan;themenbereich;Kompetenzbereich (RP) | http://purl.obolibrary.org/obo/BFO_0000001 | http://purl.obolibrary.org/obo/BFO_0000002 | http://purl.obolibrary.org/obo/BFO_0000031 | http://purl.obolibrary.org/obo/IAO_0000030 | http://www.w3.org/2002/07/owl#NamedIndividual | Curriculares Element | Element (RP) | CE-Bereich;Lehrplan Physik, Grund- und Leistungsfach in der gymnasialen Oberstufe (Mainzer Studienstufe);"Wechselwirkung von geladenen Körpern mit statischen Feldern 
Pflichtbaustein";https://lp-rlp.org/resource/kompetenzbereich-6336-1;https://lp-rlp.org/resource/lehrplan-358-1
Rheinland-Pfalz;Gymnasium;Physik;Lehrplan Physik, Grund- und Leistungsfach in der gymnasialen Oberstufe (Mainzer Studienstufe);Jahrgangsstufe 11 | Jahrgangsstufe 12 | Jahrgangsstufe 13;;;;;lehrplan;themenbereich;Kompetenzbereich (RP) | http://purl.obolibrary.org/obo/BFO_0000001 | http://purl.obolibrary.org/obo/BFO_0000002 | http://purl.obolibrary.org/obo/BFO_0000031 | http://purl.obolibrary.org/obo/IAO_0000030 | http://www.w3.org/2002/07/owl#NamedIndividual | Curriculares Element | Element (RP) | CE-Bereich;Lehrplan Physik, Grund- und Leistungsfach in der gymnasialen Oberstufe (Mainzer Studienstufe);"Wechselwirkung von geladenen Körpern mit statischen Feldern 
Pflichtbaustein";https://lp-rlp.org/resource/kompetenzbereich-6396-1;https://lp-rlp.org/resource/lehrplan-358-1
Rheinland-Pfalz;Gymnasium;Physik;Lehrplan Physik, Grund- und Leistungsfach in der gymnasialen Oberstufe (Mainzer Studienstufe);Jahrgangsstufe 11 | Jahrgangsstufe 12 | Jahrgangsstufe 13;;;;;lehrplan;kompetenz;Kompetenz (RP) | http://purl.obolibrary.org/obo/BFO_0000001 | http://purl.obolibrary.org/obo/BFO_0000002 | http://purl.obolibrary.org/obo/BFO_0000031 | http://purl.obolibrary.org/obo/IAO_0000030 | http://www.w3.org/2002/07/owl#NamedIndividual | Curriculares Element | CE-Kompetenzspezifikation | Element (RP);"Superposition von Wellen 
Pflichtbaustein";Wellenlängenbestimmung mittels einer durch Reflexion erzeugten stehenden Welle;https://lp-rlp.org/resource/kompetenz-27596-1;https://lp-rlp.org/resource/lehrplan-358-1
Rheinland-Pfalz;Gymnasium;Physik;Lehrplan Physik, Grund- und Leistungsfach in der gymnasialen Oberstufe (Mainzer Studienstufe);Jahrgangsstufe 11 | Jahrgangsstufe 12 | Jahrgangsstufe 13;;;;;lehrplan;kompetenz;Kompetenz (RP) | http://purl.obolibrary.org/obo/BFO_0000001 | http://purl.obolibrary.org/obo/BFO_0000002 | http://purl.obolibrary.org/obo/BFO_0000031 | http://purl.obolibrary.org/obo/IAO_0000030 | http://www.w3.org/2002/07/owl#NamedIndividual | Curriculares Element | CE-Kompetenzspezifikation | Element (RP);"Harmonische Wellen und ihre Superposition 
Pflichtbaustein";Wellenlängenbestimmung mittels einer durch Reflexion erzeugten stehenden Welle;https://lp-rlp.org/resource/kompetenz-27843-1;https://lp-rlp.org/resource/lehrplan-358-1
Rheinland-Pfalz;Gymnasium;Physik;Lehrplan Physik, Grund- und Leistungsfach in der gymnasialen Oberstufe (Mainzer Studienstufe);Jahrgangsstufe 11 | Jahrgangsstufe 12 | Jahrgangsstufe 13;;;;;lehrplan;kompetenz;Kompetenz (RP) | http://purl.obolibrary.org/obo/BFO_0000001 | http://purl.obolibrary.org/obo/BFO_0000002 | http://purl.obolibrary.org/obo/BFO_0000031 | http://purl.obolibrary.org/obo/IAO_0000030 | http://www.w3.org/2002/07/owl#NamedIndividual | Curriculares Element | CE-Kompetenzspezifikation | Element (RP);"Harmonische Wellen 
Pflichtbaustein";Wellenphänomene: Brechung, Reflexion, Beugung;https://lp-rlp.org/resource/kompetenz-27594-1;https://lp-rlp.org/resource/lehrplan-358-1
Rheinland-Pfalz;Gymnasium;Physik;Lehrplan Physik, Grund- und Leistungsfach in der gymnasialen Oberstufe (Mainzer Studienstufe);Jahrgangsstufe 11 | Jahrgangsstufe 12 | Jahrgangsstufe 13;;;;;lehrplan;kompetenz;Kompetenz (RP) | http://purl.obolibrary.org/obo/BFO_0000001 | http://purl.obolibrary.org/obo/BFO_0000002 | http://purl.obolibrary.org/obo/BFO_0000031 | http://purl.obolibrary.org/obo/IAO_0000030 | http://www.w3.org/2002/07/owl#NamedIndividual | Curriculares Element | CE-Kompetenzspezifikation | Element (RP);"Harmonische Wellen und ihre Superposition 
Pflichtbaustein";Wellenphänomene: Brechung, Reflexion, Beugung;https://lp-rlp.org/resource/kompetenz-27841-1;https://lp-rlp.org/resource/lehrplan-358-1
Rheinland-Pfalz;Gymnasium;Physik;Lehrplan Physik, Grund- und Leistungsfach in der gymnasialen Oberstufe (Mainzer Studienstufe);Jahrgangsstufe 11 | Jahrgangsstufe 12 | Jahrgangsstufe 13;;;;;lehrplan;themenbereich;Kompetenzbereich (RP) | http://purl.obolibrary.org/obo/BFO_0000001 | http://purl.obolibrary.org/obo/BFO_0000002 | http://purl.obolibrary.org/obo/BFO_0000031 | http://purl.obolibrary.org/obo/IAO_0000030 | http://www.w3.org/2002/07/owl#NamedIndividual | Curriculares Element | Element (RP) | CE-Bereich;Lehrplan Physik, Grund- und Leistungsfach in der gymnasialen Oberstufe (Mainzer Studienstufe);"Wurfbewegungen 
Wahlpflichtbaustein";https://lp-rlp.org/resource/kompetenzbereich-6332-1;https://lp-rlp.org/resource/lehrplan-358-1
Rheinland-Pfalz;Gymnasium;Physik;Lehrplan Physik, Grund- und Leistungsfach in der gymnasialen Oberstufe (Mainzer Studienstufe);Jahrgangsstufe 11 | Jahrgangsstufe 12 | Jahrgangsstufe 13;;;;;lehrplan;themenbereich;Kompetenzbereich (RP) | http://purl.obolibrary.org/obo/BFO_0000001 | http://purl.obolibrary.org/obo/BFO_0000002 | http://purl.obolibrary.org/obo/BFO_0000031 | http://purl.obolibrary.org/obo/IAO_0000030 | http://www.w3.org/2002/07/owl#NamedIndividual | Curriculares Element | Element (RP) | CE-Bereich;Lehrplan Physik, Grund- und Leistungsfach in der gymnasialen Oberstufe (Mainzer Studienstufe);"Wurfbewegungen 
Wahlpflichtbaustein";https://lp-rlp.org/resource/kompetenzbereich-6391-1;https://lp-rlp.org/resource/lehrplan-358-1
Sachsen;Oberschule;Physik;Oberschule Physik;Jahrgangsstufe 6 | Jahrgangsstufe 7 | Jahrgangsstufe 8 | Jahrgangsstufe 9 | Jahrgangsstufe 10;Sekundarbereich I;;;;lehrplan;kompetenz+inhalt;http://purl.obolibrary.org/obo/BFO_0000001 | http://purl.obolibrary.org/obo/BFO_0000002 | http://purl.obolibrary.org/obo/BFO_0000031 | http://purl.obolibrary.org/obo/IAO_0000030 | http://www.w3.org/2002/07/owl#NamedIndividual | Curriculares Element | CE-Lerninhalt | Element (SN) | Lernziel und Lerninhalt (SN);Inhalte;Anwenden der Kenntnisse über die Brechung des Lichtes auf einfache optische Geräte;https://lp-sachsen.org/resource/lernziel-lerninhalt-45473-1;https://lp-sachsen.org/resource/lehrplan-141-1
Sachsen;Oberschule;Physik;Oberschule Physik;Jahrgangsstufe 6 | Jahrgangsstufe 7 | Jahrgangsstufe 8 | Jahrgangsstufe 9 | Jahrgangsstufe 10;Sekundarbereich I;;;;lehrplan;kompetenz+inhalt;http://purl.obolibrary.org/obo/BFO_0000001 | http://purl.obolibrary.org/obo/BFO_0000002 | http://purl.obolibrary.org/obo/BFO_0000031 | http://purl.obolibrary.org/obo/IAO_0000030 | http://www.w3.org/2002/07/owl#NamedIndividual | Curriculares Element | CE-Lerninhalt | Element (SN) | Lernziel und Lerninhalt (SN);Grundlagen der Fernsehtechnik;Aufbau und Wirkungsweise der Elektronenstrahlröhre;https://lp-sachsen.org/resource/lernziel-lerninhalt-46519-1;https://lp-sachsen.org/resource/lehrplan-141-1
Sachsen;Oberschule;Physik;Oberschule Physik;Jahrgangsstufe 6 | Jahrgangsstufe 7 | Jahrgangsstufe 8 | Jahrgangsstufe 9 | Jahrgangsstufe 10;Sekundarbereich I;;;;lehrplan;kompetenz+inhalt;http://purl.obolibrary.org/obo/BFO_0000001 | http://purl.obolibrary.org/obo/BFO_0000002 | http://purl.obolibrary.org/obo/BFO_0000031 | http://purl.obolibrary.org/obo/IAO_0000030 | http://www.w3.org/2002/07/owl#NamedIndividual | Curriculares Element | CE-Lerninhalt | Element (SN) | Lernziel und Lerninhalt (SN);Beherrschen von Grundlagen der Informationsübertragung durch Licht;Aufbau, Wirkungsweise, Anwendung von Lichtleitern;https://lp-sachsen.org/resource/lernziel-lerninhalt-47828-1;https://lp-sachsen.org/resource/lehrplan-141-1
Sachsen;Oberschule;Physik;Oberschule Physik;Jahrgangsstufe 6 | Jahrgangsstufe 7 | Jahrgangsstufe 8 | Jahrgangsstufe 9 | Jahrgangsstufe 10;Sekundarbereich I;;;;lehrplan;kompetenz+inhalt;http://purl.obolibrary.org/obo/BFO_0000001 | http://purl.obolibrary.org/obo/BFO_0000002 | http://purl.obolibrary.org/obo/BFO_0000031 | http://purl.obolibrary.org/obo/IAO_0000030 | http://www.w3.org/2002/07/owl#NamedIndividual | Curriculares Element | CE-Lerninhalt | Element (SN) | Lernziel und Lerninhalt (SN);Kennen der Phänomene der Lichtausbreitung;Ausbreitungseigenschaften des Lichtes;https://lp-sachsen.org/resource/lernziel-lerninhalt-45464-1;https://lp-sachsen.org/resource/lehrplan-141-1
Sachsen;Oberschule;Physik;Oberschule Physik;Jahrgangsstufe 6 | Jahrgangsstufe 7 | Jahrgangsstufe 8 | Jahrgangsstufe 9 | Jahrgangsstufe 10;Sekundarbereich I;;;;lehrplan;kompetenz+inhalt;http://purl.obolibrary.org/obo/BFO_0000001 | http://purl.obolibrary.org/obo/BFO_0000002 | http://purl.obolibrary.org/obo/BFO_0000031 | http://purl.obolibrary.org/obo/IAO_0000030 | http://www.w3.org/2002/07/owl#NamedIndividual | Curriculares Element | CE-Lerninhalt | Element (SN) | Lernziel und Lerninhalt (SN);Inhalte;Beherrschen von Grundlagen der Informationsübertragung durch Licht;https://lp-sachsen.org/resource/lernziel-lerninhalt-47825-1;https://lp-sachsen.org/resource/lehrplan-141-1
Sachsen;Oberschule;Physik;Oberschule Physik;Jahrgangsstufe 6 | Jahrgangsstufe 7 | Jahrgangsstufe 8 | Jahrgangsstufe 9 | Jahrgangsstufe 10;Sekundarbereich I;;;;lehrplan;kompetenz+inhalt;http://purl.obolibrary.org/obo/BFO_0000001 | http://purl.obolibrary.org/obo/BFO_0000002 | http://purl.obolibrary.org/obo/BFO_0000031 | http://purl.obolibrary.org/obo/IAO_0000030 | http://www.w3.org/2002/07/owl#NamedIndividual | Curriculares Element | CE-Lerninhalt | Element (SN) | Lernziel und Lerninhalt (SN);Sammellinsen mit SE;Bildentstehung mithilfe der Hauptstrahlen;https://lp-sachsen.org/resource/lernziel-lerninhalt-45477-1;https://lp-sachsen.org/resource/lehrplan-141-1
Sachsen;Oberschule;Physik;Oberschule Physik;Jahrgangsstufe 6 | Jahrgangsstufe 7 | Jahrgangsstufe 8 | Jahrgangsstufe 9 | Jahrgangsstufe 10;Sekundarbereich I;;;;lehrplan;kompetenz+inhalt;http://purl.obolibrary.org/obo/BFO_0000001 | http://purl.obolibrary.org/obo/BFO_0000002 | http://purl.obolibrary.org/obo/BFO_0000031 | http://purl.obolibrary.org/obo/IAO_0000030 | http://www.w3.org/2002/07/owl#NamedIndividual | Curriculares Element | CE-Lerninhalt | Element (SN) | Lernziel und Lerninhalt (SN);Anwenden der Kenntnisse über die Brechung des Lichtes auf einfache optische Geräte;Brechungsgesetz beim Übergang des Lichtes von Luft in Glas und Wasser und umgekehrt mit SE;https://lp-sachsen.org/resource/lernziel-lerninhalt-45474-1;https://lp-sachsen.org/resource/lehrplan-141-1
Sachsen;Oberschule;Physik;Oberschule Physik;Jahrgangsstufe 6 | Jahrgangsstufe 7 | Jahrgangsstufe 8 | Jahrgangsstufe 9 | Jahrgangsstufe 10;Sekundarbereich I;;;;lehrplan;kompetenz+inhalt;http://purl.obolibrary.org/obo/BFO_0000001 | http://purl.obolibrary.org/obo/BFO_0000002 | http://purl.obolibrary.org/obo/BFO_0000031 | http://purl.obolibrary.org/obo/IAO_0000030 | http://www.w3.org/2002/07/owl#NamedIndividual | Curriculares Element | CE-Lerninhalt | Element (SN) | Lernziel und Lerninhalt (SN);Beherrschen von Grundlagen der Informationsübertragung durch Licht;Brechungsgesetz sinαsinβ=c1c2und Totalreflexion mit SE;https://lp-sachsen.org/resource/lernziel-lerninhalt-47832-1;https://lp-sachsen.org/resource/lehrplan-141-1
Sachsen;Oberschule;Physik;Oberschule Physik;Jahrgangsstufe 6 | Jahrgangsstufe 7 | Jahrgangsstufe 8 | Jahrgangsstufe 9 | Jahrgangsstufe 10;Sekundarbereich I;;;;lehrplan;kompetenz+inhalt;http://purl.obolibrary.org/obo/BFO_0000001 | http://purl.obolibrary.org/obo/BFO_0000002 | http://purl.obolibrary.org/obo/BFO_0000031 | http://purl.obolibrary.org/obo/IAO_0000030 | http://www.w3.org/2002/07/owl#NamedIndividual | Curriculares Element | CE-Lerninhalt | Element (SN) | Lernziel und Lerninhalt (SN);Inhalte;Einblick gewinnen in den Wellencharakter des Lichtes;https://lp-sachsen.org/resource/lernziel-lerninhalt-47845-1;https://lp-sachsen.org/resource/lehrplan-141-1
Sachsen;Oberschule;Physik;Oberschule Physik;Jahrgangsstufe 6 | Jahrgangsstufe 7 | Jahrgangsstufe 8 | Jahrgangsstufe 9 | Jahrgangsstufe 10;Sekundarbereich I;;;;lehrplan;kompetenz+inhalt;http://purl.obolibrary.org/obo/BFO_0000001 | http://purl.obolibrary.org/obo/BFO_0000002 | http://purl.obolibrary.org/obo/BFO_0000031 | http://purl.obolibrary.org/obo/IAO_0000030 | http://www.w3.org/2002/07/owl#NamedIndividual | Curriculares Element | CE-Lerninhalt | Element (SN) | Lernziel und Lerninhalt (SN);Inhalte;Einblick gewinnen in den Strahlungshaushalt der Erde;https://lp-sachsen.org/resource/lernziel-lerninhalt-188533-1;https://lp-sachsen.org/resource/lehrplan-141-1
Sachsen;Oberschule;Physik;Oberschule Physik;Jahrgangsstufe 6 | Jahrgangsstufe 7 | Jahrgangsstufe 8 | Jahrgangsstufe 9 | Jahrgangsstufe 10;Sekundarbereich I;;;;lehrplan;kompetenz+inhalt;http://purl.obolibrary.org/obo/BFO_0000001 | http://purl.obolibrary.org/obo/BFO_0000002 | http://purl.obolibrary.org/obo/BFO_0000031 | http://purl.obolibrary.org/obo/IAO_0000030 | http://www.w3.org/2002/07/owl#NamedIndividual | Curriculares Element | CE-Lerninhalt | Element (SN) | Lernziel und Lerninhalt (SN);Inhalte;Einblick gewinnen in die Bilderzeugung bei Film und Fernsehen;https://lp-sachsen.org/resource/lernziel-lerninhalt-46514-1;https://lp-sachsen.org/resource/lehrplan-141-1
Sachsen;Oberschule;Physik;Oberschule Physik;Jahrgangsstufe 6 | Jahrgangsstufe 7 | Jahrgangsstufe 8 | Jahrgangsstufe 9 | Jahrgangsstufe 10;Sekundarbereich I;;;;lehrplan;kompetenz+inhalt;http://purl.obolibrary.org/obo/BFO_0000001 | http://purl.obolibrary.org/obo/BFO_0000002 | http://purl.obolibrary.org/obo/BFO_0000031 | http://purl.obolibrary.org/obo/IAO_0000030 | http://www.w3.org/2002/07/owl#NamedIndividual | Curriculares Element | CE-Lerninhalt | Element (SN) | Lernziel und Lerninhalt (SN);Inhalte;Einblick gewinnen in Phänomene des Lichtes;https://lp-sachsen.org/resource/lernziel-lerninhalt-46530-1;https://lp-sachsen.org/resource/lehrplan-141-1
Sachsen;Oberschule;Physik;Oberschule Physik;Jahrgangsstufe 6 | Jahrgangsstufe 7 | Jahrgangsstufe 8 | Jahrgangsstufe 9 | Jahrgangsstufe 10;Sekundarbereich I;;;;lehrplan;kompetenz+inhalt;http://purl.obolibrary.org/obo/BFO_0000001 | http://purl.obolibrary.org/obo/BFO_0000002 | http://purl.obolibrary.org/obo/BFO_0000031 | http://purl.obolibrary.org/obo/IAO_0000030 | http://www.w3.org/2002/07/owl#NamedIndividual | Curriculares Element | CE-Lerninhalt | Element (SN) | Lernziel und Lerninhalt (SN);Einblick gewinnen in die Leitungsvorgänge in Röhren;Elektronenstrahlröhre;https://lp-sachsen.org/resource/lernziel-lerninhalt-47708-1;https://lp-sachsen.org/resource/lehrplan-141-1
Sachsen;Oberschule;Physik;Oberschule Physik;Jahrgangsstufe 6 | Jahrgangsstufe 7 | Jahrgangsstufe 8 | Jahrgangsstufe 9 | Jahrgangsstufe 10;Sekundarbereich I;;;;lehrplan;kompetenz+inhalt;http://purl.obolibrary.org/obo/BFO_0000001 | http://purl.obolibrary.org/obo/BFO_0000002 | http://purl.obolibrary.org/obo/BFO_0000031 | http://purl.obolibrary.org/obo/IAO_0000030 | http://www.w3.org/2002/07/owl#NamedIndividual | Curriculares Element | CE-Lerninhalt | Element (SN) | Lernziel und Lerninhalt (SN);Hertz’sche Wellen;Geradlinigkeit, Reflexion, Beugung, Durchdringungsfähigkeit;https://lp-sachsen.org/resource/lernziel-lerninhalt-47820-1;https://lp-sachsen.org/resource/lehrplan-141-1
Sachsen;Oberschule;Physik;Oberschule Physik;Jahrgangsstufe 6 | Jahrgangsstufe 7 | Jahrgangsstufe 8 | Jahrgangsstufe 9 | Jahrgangsstufe 10;Sekundarbereich I;;;;lehrplan;kompetenz+inhalt;http://purl.obolibrary.org/obo/BFO_0000001 | http://purl.obolibrary.org/obo/BFO_0000002 | http://purl.obolibrary.org/obo/BFO_0000031 | http://purl.obolibrary.org/obo/IAO_0000030 | http://www.w3.org/2002/07/owl#NamedIndividual | Curriculares Element | CE-Lerninhalt | Element (SN) | Lernziel und Lerninhalt (SN);Einblick gewinnen in den Wellencharakter des Lichtes;Grenzen des Strahlenmodells;https://lp-sachsen.org/resource/lernziel-lerninhalt-47855-1;https://lp-sachsen.org/resource/lehrplan-141-1
Sachsen;Oberschule;Physik;Oberschule Physik;Jahrgangsstufe 6 | Jahrgangsstufe 7 | Jahrgangsstufe 8 | Jahrgangsstufe 9 | Jahrgangsstufe 10;Sekundarbereich I;;;;lehrplan;kompetenz+inhalt;http://purl.obolibrary.org/obo/BFO_0000001 | http://purl.obolibrary.org/obo/BFO_0000002 | http://purl.obolibrary.org/obo/BFO_0000031 | http://purl.obolibrary.org/obo/IAO_0000030 | http://www.w3.org/2002/07/owl#NamedIndividual | Curriculares Element | CE-Lerninhalt | Element (SN) | Lernziel und Lerninhalt (SN);Übertragen der Kenntnisse auf die Reflexion des Lichtes;Hohlspiegel;https://lp-sachsen.org/resource/lernziel-lerninhalt-45472-1;https://lp-sachsen.org/resource/lehrplan-141-1
Sachsen;Oberschule;Physik;Oberschule Physik;Jahrgangsstufe 6 | Jahrgangsstufe 7 | Jahrgangsstufe 8 | Jahrgangsstufe 9 | Jahrgangsstufe 10;Sekundarbereich I;;;;lehrplan;kompetenz+inhalt;http://purl.obolibrary.org/obo/BFO_0000001 | http://purl.obolibrary.org/obo/BFO_0000002 | http://purl.obolibrary.org/obo/BFO_0000031 | http://purl.obolibrary.org/obo/IAO_0000030 | http://www.w3.org/2002/07/owl#NamedIndividual | Curriculares Element | CE-Lerninhalt | Element (SN) | Lernziel und Lerninhalt (SN);Inhalte;Kennen der Phänomene der Lichtausbreitung;https://lp-sachsen.org/resource/lernziel-lerninhalt-45461-1;https://lp-sachsen.org/resource/lehrplan-141-1
Sachsen;Oberschule;Physik;Oberschule Physik;Jahrgangsstufe 6 | Jahrgangsstufe 7 | Jahrgangsstufe 8 | Jahrgangsstufe 9 | Jahrgangsstufe 10;Sekundarbereich I;;;;lehrplan;kompetenz+inhalt;http://purl.obolibrary.org/obo/BFO_0000001 | http://purl.obolibrary.org/obo/BFO_0000002 | http://purl.obolibrary.org/obo/BFO_0000031 | http://purl.obolibrary.org/obo/IAO_0000030 | http://www.w3.org/2002/07/owl#NamedIndividual | Curriculares Element | CE-Lerninhalt | Element (SN) | Lernziel und Lerninhalt (SN);Kennen der Phänomene der Lichtausbreitung;Kern- und Halbschatten mit SE;https://lp-sachsen.org/resource/lernziel-lerninhalt-45467-1;https://lp-sachsen.org/resource/lehrplan-141-1
Sachsen;Oberschule;Physik;Oberschule Physik;Jahrgangsstufe 6 | Jahrgangsstufe 7 | Jahrgangsstufe 8 | Jahrgangsstufe 9 | Jahrgangsstufe 10;Sekundarbereich I;;;;lehrplan;kompetenz+inhalt;http://purl.obolibrary.org/obo/BFO_0000001 | http://purl.obolibrary.org/obo/BFO_0000002 | http://purl.obolibrary.org/obo/BFO_0000031 | http://purl.obolibrary.org/obo/IAO_0000030 | http://www.w3.org/2002/07/owl#NamedIndividual | Curriculares Element | CE-Lerninhalt | Element (SN) | Lernziel und Lerninhalt (SN);Wärmeübertragung mit SE;Leitung, Strömung, Strahlung;https://lp-sachsen.org/resource/lernziel-lerninhalt-47240-1;https://lp-sachsen.org/resource/lehrplan-141-1
Sachsen;Oberschule;Physik;Oberschule Physik;Jahrgangsstufe 6 | Jahrgangsstufe 7 | Jahrgangsstufe 8 | Jahrgangsstufe 9 | Jahrgangsstufe 10;Sekundarbereich I;;;;lehrplan;themenbereich;http://purl.obolibrary.org/obo/BFO_0000001 | http://purl.obolibrary.org/obo/BFO_0000002 | http://purl.obolibrary.org/obo/BFO_0000031 | http://purl.obolibrary.org/obo/IAO_0000030 | http://www.w3.org/2002/07/owl#NamedIndividual | Curriculares Element | CE-Bereich | Element (SN) | Lernbereich (SN);Klassenstufe 6;Lernbereich 1 Licht und seine Eigenschaften (18 Ustd.);https://lp-sachsen.org/resource/lernbereich-45455-1;https://lp-sachsen.org/resource/lehrplan-141-1
Sachsen;Oberschule;Physik;Oberschule Physik;Jahrgangsstufe 6 | Jahrgangsstufe 7 | Jahrgangsstufe 8 | Jahrgangsstufe 9 | Jahrgangsstufe 10;Sekundarbereich I;;;;lehrplan;themenbereich;http://purl.obolibrary.org/obo/BFO_0000001 | http://purl.obolibrary.org/obo/BFO_0000002 | http://purl.obolibrary.org/obo/BFO_0000031 | http://purl.obolibrary.org/obo/IAO_0000030 | http://www.w3.org/2002/07/owl#NamedIndividual | Curriculares Element | CE-Bereich | Element (SN) | Lernbereich (SN);Klassenstufe 10 - Realschulbildungsgang;Lernbereich 3 Licht und Farben (8 Ustd.);https://lp-sachsen.org/resource/lernbereich-47841-1;https://lp-sachsen.org/resource/lehrplan-141-1
Sachsen;Oberschule;Physik;Oberschule Physik;Jahrgangsstufe 6 | Jahrgangsstufe 7 | Jahrgangsstufe 8 | Jahrgangsstufe 9 | Jahrgangsstufe 10;Sekundarbereich I;;;;lehrplan;kompetenz+inhalt;http://purl.obolibrary.org/obo/BFO_0000001 | http://purl.obolibrary.org/obo/BFO_0000002 | http://purl.obolibrary.org/obo/BFO_0000031 | http://purl.obolibrary.org/obo/IAO_0000030 | http://www.w3.org/2002/07/owl#NamedIndividual | Curriculares Element | CE-Lerninhalt | Element (SN) | Lernziel und Lerninhalt (SN);Ausbreitungseigenschaften des Lichtes;Lichtgeschwindigkeit;https://lp-sachsen.org/resource/lernziel-lerninhalt-45466-1;https://lp-sachsen.org/resource/lehrplan-141-1
Sachsen;Oberschule;Physik;Oberschule Physik;Jahrgangsstufe 6 | Jahrgangsstufe 7 | Jahrgangsstufe 8 | Jahrgangsstufe 9 | Jahrgangsstufe 10;Sekundarbereich I;;;;lehrplan;kompetenz+inhalt;http://purl.obolibrary.org/obo/BFO_0000001 | http://purl.obolibrary.org/obo/BFO_0000002 | http://purl.obolibrary.org/obo/BFO_0000031 | http://purl.obolibrary.org/obo/IAO_0000030 | http://www.w3.org/2002/07/owl#NamedIndividual | Curriculares Element | CE-Lerninhalt | Element (SN) | Lernziel und Lerninhalt (SN);Einblick gewinnen in das Relativitätsprinzip und die Relativitätstheorie;Lichtgeschwindigkeit;https://lp-sachsen.org/resource/lernziel-lerninhalt-47885-1;https://lp-sachsen.org/resource/lehrplan-141-1
Sachsen;Oberschule;Physik;Oberschule Physik;Jahrgangsstufe 6 | Jahrgangsstufe 7 | Jahrgangsstufe 8 | Jahrgangsstufe 9 | Jahrgangsstufe 10;Sekundarbereich I;;;;lehrplan;kompetenz+inhalt;http://purl.obolibrary.org/obo/BFO_0000001 | http://purl.obolibrary.org/obo/BFO_0000002 | http://purl.obolibrary.org/obo/BFO_0000031 | http://purl.obolibrary.org/obo/IAO_0000030 | http://www.w3.org/2002/07/owl#NamedIndividual | Curriculares Element | CE-Lerninhalt | Element (SN) | Lernziel und Lerninhalt (SN);Kennen der Phänomene der Lichtausbreitung;Lichtquellen und beleuchtete Körper;https://lp-sachsen.org/resource/lernziel-lerninhalt-45462-1;https://lp-sachsen.org/resource/lehrplan-141-1
Sachsen;Oberschule;Physik;Oberschule Physik;Jahrgangsstufe 6 | Jahrgangsstufe 7 | Jahrgangsstufe 8 | Jahrgangsstufe 9 | Jahrgangsstufe 10;Sekundarbereich I;;;;lehrplan;kompetenz+inhalt;http://purl.obolibrary.org/obo/BFO_0000001 | http://purl.obolibrary.org/obo/BFO_0000002 | http://purl.obolibrary.org/obo/BFO_0000031 | http://purl.obolibrary.org/obo/IAO_0000030 | http://www.w3.org/2002/07/owl#NamedIndividual | Curriculares Element | CE-Lerninhalt | Element (SN) | Lernziel und Lerninhalt (SN);Einblick gewinnen in Phänomene des Lichtes;Lichtzerlegung;https://lp-sachsen.org/resource/lernziel-lerninhalt-46536-1;https://lp-sachsen.org/resource/lehrplan-141-1
Sachsen;Oberschule;Physik;Oberschule Physik;Jahrgangsstufe 6 | Jahrgangsstufe 7 | Jahrgangsstufe 8 | Jahrgangsstufe 9 | Jahrgangsstufe 10;Sekundarbereich I;;;;lehrplan;kompetenz+inhalt;http://purl.obolibrary.org/obo/BFO_0000001 | http://purl.obolibrary.org/obo/BFO_0000002 | http://purl.obolibrary.org/obo/BFO_0000031 | http://purl.obolibrary.org/obo/IAO_0000030 | http://www.w3.org/2002/07/owl#NamedIndividual | Curriculares Element | CE-Lerninhalt | Element (SN) | Lernziel und Lerninhalt (SN);Schallwellen;Reflexion, Beugung;https://lp-sachsen.org/resource/lernziel-lerninhalt-47809-1;https://lp-sachsen.org/resource/lehrplan-141-1
Sachsen;Oberschule;Physik;Oberschule Physik;Jahrgangsstufe 6 | Jahrgangsstufe 7 | Jahrgangsstufe 8 | Jahrgangsstufe 9 | Jahrgangsstufe 10;Sekundarbereich I;;;;lehrplan;kompetenz+inhalt;http://purl.obolibrary.org/obo/BFO_0000001 | http://purl.obolibrary.org/obo/BFO_0000002 | http://purl.obolibrary.org/obo/BFO_0000031 | http://purl.obolibrary.org/obo/IAO_0000030 | http://www.w3.org/2002/07/owl#NamedIndividual | Curriculares Element | CE-Lerninhalt | Element (SN) | Lernziel und Lerninhalt (SN);Übertragen der Kenntnisse auf die Reflexion des Lichtes;Reflexionsgesetz am ebenen Spiegel: α=α' mit SE;https://lp-sachsen.org/resource/lernziel-lerninhalt-45469-1;https://lp-sachsen.org/resource/lehrplan-141-1
Sachsen;Oberschule;Physik;Oberschule Physik;Jahrgangsstufe 6 | Jahrgangsstufe 7 | Jahrgangsstufe 8 | Jahrgangsstufe 9 | Jahrgangsstufe 10;Sekundarbereich I;;;;lehrplan;kompetenz+inhalt;http://purl.obolibrary.org/obo/BFO_0000001 | http://purl.obolibrary.org/obo/BFO_0000002 | http://purl.obolibrary.org/obo/BFO_0000031 | http://purl.obolibrary.org/obo/IAO_0000030 | http://www.w3.org/2002/07/owl#NamedIndividual | Curriculares Element | CE-Lerninhalt | Element (SN) | Lernziel und Lerninhalt (SN);Anwenden der Kenntnisse über die Brechung des Lichtes auf einfache optische Geräte;Sammellinsen mit SE;https://lp-sachsen.org/resource/lernziel-lerninhalt-45475-1;https://lp-sachsen.org/resource/lehrplan-141-1
Sachsen;Oberschule;Physik;Oberschule Physik;Jahrgangsstufe 6 | Jahrgangsstufe 7 | Jahrgangsstufe 8 | Jahrgangsstufe 9 | Jahrgangsstufe 10;Sekundarbereich I;;;;lehrplan;kompetenz+inhalt;http://purl.obolibrary.org/obo/BFO_0000001 | http://purl.obolibrary.org/obo/BFO_0000002 | http://purl.obolibrary.org/obo/BFO_0000031 | http://purl.obolibrary.org/obo/IAO_0000030 | http://www.w3.org/2002/07/owl#NamedIndividual | Curriculares Element | CE-Lerninhalt | Element (SN) | Lernziel und Lerninhalt (SN);Einblick gewinnen in Phänomene des Lichtes;Totalreflexion mit SE;https://lp-sachsen.org/resource/lernziel-lerninhalt-46535-1;https://lp-sachsen.org/resource/lehrplan-141-1
Sachsen;Oberschule;Physik;Oberschule Physik;Jahrgangsstufe 6 | Jahrgangsstufe 7 | Jahrgangsstufe 8 | Jahrgangsstufe 9 | Jahrgangsstufe 10;Sekundarbereich I;;;;lehrplan;kompetenz+inhalt;http://purl.obolibrary.org/obo/BFO_0000001 | http://purl.obolibrary.org/obo/BFO_0000002 | http://purl.obolibrary.org/obo/BFO_0000031 | http://purl.obolibrary.org/obo/IAO_0000030 | http://www.w3.org/2002/07/owl#NamedIndividual | Curriculares Element | CE-Lerninhalt | Element (SN) | Lernziel und Lerninhalt (SN);Leuchtdiode;Umwandlung von elektrischer Energie in Lichtenergie;https://lp-sachsen.org/resource/lernziel-lerninhalt-46225-1;https://lp-sachsen.org/resource/lehrplan-141-1
Sachsen;Oberschule;Physik;Oberschule Physik;Jahrgangsstufe 6 | Jahrgangsstufe 7 | Jahrgangsstufe 8 | Jahrgangsstufe 9 | Jahrgangsstufe 10;Sekundarbereich I;;;;lehrplan;themenbereich;http://purl.obolibrary.org/obo/BFO_0000001 | http://purl.obolibrary.org/obo/BFO_0000002 | http://purl.obolibrary.org/obo/BFO_0000031 | http://purl.obolibrary.org/obo/IAO_0000030 | http://www.w3.org/2002/07/owl#NamedIndividual | Curriculares Element | CE-Bereich | Element (SN) | Wahlbereich (SN);Klassenstufe 9 - Hauptschulbildungsgang;Wahlbereich 3 Welt der Farben;https://lp-sachsen.org/resource/wahlbereich-46526-1;https://lp-sachsen.org/resource/lehrplan-141-1
Sachsen;Oberschule;Physik;Oberschule Physik;Jahrgangsstufe 6 | Jahrgangsstufe 7 | Jahrgangsstufe 8 | Jahrgangsstufe 9 | Jahrgangsstufe 10;Sekundarbereich I;;;;lehrplan;kompetenz+inhalt;http://purl.obolibrary.org/obo/BFO_0000001 | http://purl.obolibrary.org/obo/BFO_0000002 | http://purl.obolibrary.org/obo/BFO_0000031 | http://purl.obolibrary.org/obo/IAO_0000030 | http://www.w3.org/2002/07/owl#NamedIndividual | Curriculares Element | CE-Lerninhalt | Element (SN) | Lernziel und Lerninhalt (SN);Einblick gewinnen in das elektrische Leitungsmodell für Halbleiter;Widerstandsänderung durch Licht und Temperatur mit SE;https://lp-sachsen.org/resource/lernziel-lerninhalt-46207-1;https://lp-sachsen.org/resource/lehrplan-141-1
Sachsen;Oberschule;Physik;Oberschule Physik;Jahrgangsstufe 6 | Jahrgangsstufe 7 | Jahrgangsstufe 8 | Jahrgangsstufe 9 | Jahrgangsstufe 10;Sekundarbereich I;;;;lehrplan;kompetenz+inhalt;http://purl.obolibrary.org/obo/BFO_0000001 | http://purl.obolibrary.org/obo/BFO_0000002 | http://purl.obolibrary.org/obo/BFO_0000031 | http://purl.obolibrary.org/obo/IAO_0000030 | http://www.w3.org/2002/07/owl#NamedIndividual | Curriculares Element | CE-Lerninhalt | Element (SN) | Lernziel und Lerninhalt (SN);Übertragen der Kenntnisse auf die Reflexion des Lichtes;Zeichnen von Strahlenverläufen;https://lp-sachsen.org/resource/lernziel-lerninhalt-45470-1;https://lp-sachsen.org/resource/lehrplan-141-1
Sachsen;Oberschule;Physik;Oberschule Physik;Jahrgangsstufe 6 | Jahrgangsstufe 7 | Jahrgangsstufe 8 | Jahrgangsstufe 9 | Jahrgangsstufe 10;Sekundarbereich I;;;;lehrplan;kompetenz+inhalt;http://purl.obolibrary.org/obo/BFO_0000001 | http://purl.obolibrary.org/obo/BFO_0000002 | http://purl.obolibrary.org/obo/BFO_0000031 | http://purl.obolibrary.org/obo/IAO_0000030 | http://www.w3.org/2002/07/owl#NamedIndividual | Curriculares Element | CE-Lerninhalt | Element (SN) | Lernziel und Lerninhalt (SN);Einblick gewinnen in den Wellencharakter des Lichtes;Zerlegung weißen Lichtes durch Brechung;https://lp-sachsen.org/resource/lernziel-lerninhalt-47849-1;https://lp-sachsen.org/resource/lehrplan-141-1
Sachsen;Oberschule;Physik;Oberschule Physik;Jahrgangsstufe 6 | Jahrgangsstufe 7 | Jahrgangsstufe 8 | Jahrgangsstufe 9 | Jahrgangsstufe 10;Sekundarbereich I;;;;lehrplan;kompetenz+inhalt;http://purl.obolibrary.org/obo/BFO_0000001 | http://purl.obolibrary.org/obo/BFO_0000002 | http://purl.obolibrary.org/obo/BFO_0000031 | http://purl.obolibrary.org/obo/IAO_0000030 | http://www.w3.org/2002/07/owl#NamedIndividual | Curriculares Element | CE-Lerninhalt | Element (SN) | Lernziel und Lerninhalt (SN);Einblick gewinnen in den Wellencharakter des Lichtes;Zusammenhang zwischen Wellenlänge und Farbe;https://lp-sachsen.org/resource/lernziel-lerninhalt-47853-1;https://lp-sachsen.org/resource/lehrplan-141-1
Sachsen;Oberschule;Physik;Oberschule Physik;Jahrgangsstufe 6 | Jahrgangsstufe 7 | Jahrgangsstufe 8 | Jahrgangsstufe 9 | Jahrgangsstufe 10;Sekundarbereich I;;;;lehrplan;kompetenz+inhalt;http://purl.obolibrary.org/obo/BFO_0000001 | http://purl.obolibrary.org/obo/BFO_0000002 | http://purl.obolibrary.org/obo/BFO_0000031 | http://purl.obolibrary.org/obo/IAO_0000030 | http://www.w3.org/2002/07/owl#NamedIndividual | Curriculares Element | CE-Lerninhalt | Element (SN) | Lernziel und Lerninhalt (SN);Einblick gewinnen in den Wellencharakter des Lichtes;ultraviolettes und infrarotes Licht;https://lp-sachsen.org/resource/lernziel-lerninhalt-47851-1;https://lp-sachsen.org/resource/lehrplan-141-1
Sachsen;Oberschule;Physik;Oberschule Physik;Jahrgangsstufe 6 | Jahrgangsstufe 7 | Jahrgangsstufe 8 | Jahrgangsstufe 9 | Jahrgangsstufe 10;Sekundarbereich I;;;;lehrplan;kompetenz+inhalt;http://purl.obolibrary.org/obo/BFO_0000001 | http://purl.obolibrary.org/obo/BFO_0000002 | http://purl.obolibrary.org/obo/BFO_0000031 | http://purl.obolibrary.org/obo/IAO_0000030 | http://www.w3.org/2002/07/owl#NamedIndividual | Curriculares Element | CE-Lerninhalt | Element (SN) | Lernziel und Lerninhalt (SN);Inhalte;Übertragen der Kenntnisse auf die Reflexion des Lichtes;https://lp-sachsen.org/resource/lernziel-lerninhalt-45468-1;https://lp-sachsen.org/resource/lehrplan-141-1
Sachsen;Oberschule;Physik;Oberschule Physik;Jahrgangsstufe 6 | Jahrgangsstufe 7 | Jahrgangsstufe 8 | Jahrgangsstufe 9 | Jahrgangsstufe 10;Sekundarbereich I;;;;lehrplan;kompetenz+inhalt;http://purl.obolibrary.org/obo/BFO_0000001 | http://purl.obolibrary.org/obo/BFO_0000002 | http://purl.obolibrary.org/obo/BFO_0000031 | http://purl.obolibrary.org/obo/IAO_0000030 | http://www.w3.org/2002/07/owl#NamedIndividual | Curriculares Element | CE-Lerninhalt | Element (SN) | Lernziel und Lerninhalt (SN);natürliche Radioaktivität;α- , β- , γ- Strahlung;https://lp-sachsen.org/resource/lernziel-lerninhalt-47395-1;https://lp-sachsen.org/resource/lehrplan-141-1
Rheinland-Pfalz;Schulartübergreifend;Physik;Physik 7-9/10;Jahrgangsstufe 7 | Jahrgangsstufe 8 | Jahrgangsstufe 9 | Jahrgangsstufe 10;Sekundarbereich I;;;;lehrplan;kompetenz;Kompetenz (RP) | http://purl.obolibrary.org/obo/BFO_0000001 | http://purl.obolibrary.org/obo/BFO_0000002 | http://purl.obolibrary.org/obo/BFO_0000031 | http://purl.obolibrary.org/obo/IAO_0000030 | http://www.w3.org/2002/07/owl#NamedIndividual | Curriculares Element | CE-Kompetenzspezifikation | Element (RP);"Themenfeld 5
Atombau und ionisierende Strahlung
Radioaktivität im Basiskonzept Materie";Die SuS argumentieren und diskutieren über Nutzen und Gefahren ionisierender Strahlung;https://lp-rlp.org/resource/kompetenz-13625-1;https://lp-rlp.org/resource/lehrplan-195-1
Rheinland-Pfalz;Schulartübergreifend;Physik;Physik 7-9/10;Jahrgangsstufe 7 | Jahrgangsstufe 8 | Jahrgangsstufe 9 | Jahrgangsstufe 10;Sekundarbereich I;;;;lehrplan;kompetenz;Kompetenz (RP) | http://purl.obolibrary.org/obo/BFO_0000001 | http://purl.obolibrary.org/obo/BFO_0000002 | http://purl.obolibrary.org/obo/BFO_0000031 | http://purl.obolibrary.org/obo/IAO_0000030 | http://www.w3.org/2002/07/owl#NamedIndividual | Curriculares Element | CE-Kompetenzspezifikation | Element (RP);"Themenfeld 5
Atombau und ionisierende Strahlung
Radioaktivität im Basiskonzept Materie";Die SuS bewerten Schutzmaßnahmen vor ionisierender Strahlung (z. B. in Bezug auf Strahlungsarten und Dosis);https://lp-rlp.org/resource/kompetenz-13626-1;https://lp-rlp.org/resource/lehrplan-195-1
Rheinland-Pfalz;Schulartübergreifend;Physik;Physik 7-9/10;Jahrgangsstufe 7 | Jahrgangsstufe 8 | Jahrgangsstufe 9 | Jahrgangsstufe 10;Sekundarbereich I;;;;lehrplan;kompetenz;Kompetenz (RP) | http://purl.obolibrary.org/obo/BFO_0000001 | http://purl.obolibrary.org/obo/BFO_0000002 | http://purl.obolibrary.org/obo/BFO_0000031 | http://purl.obolibrary.org/obo/IAO_0000030 | http://www.w3.org/2002/07/owl#NamedIndividual | Curriculares Element | CE-Kompetenzspezifikation | Element (RP);"Themenfeld 5
Atombau und ionisierende Strahlung
Radioaktivität im Basiskonzept Materie";Die SuS nutzen Modelle und Simulationen zur Beschreibung von Sachverhalten und zum Erkenntnisgewinn (z. B. bei Atombau oder Wechselwirkung der Strahlung mit Materie);https://lp-rlp.org/resource/kompetenz-13623-1;https://lp-rlp.org/resource/lehrplan-195-1
Rheinland-Pfalz;Schulartübergreifend;Physik;Physik 7-9/10;Jahrgangsstufe 7 | Jahrgangsstufe 8 | Jahrgangsstufe 9 | Jahrgangsstufe 10;Sekundarbereich I;;;;lehrplan;kompetenz;Kompetenz (RP) | http://purl.obolibrary.org/obo/BFO_0000001 | http://purl.obolibrary.org/obo/BFO_0000002 | http://purl.obolibrary.org/obo/BFO_0000031 | http://purl.obolibrary.org/obo/IAO_0000030 | http://www.w3.org/2002/07/owl#NamedIndividual | Curriculares Element | CE-Kompetenzspezifikation | Element (RP);"Themenfeld 2
Optische Phänomene an Grenzflächen
Licht im Basiskonzept Wechselwirkung";Die SuS nutzen das Strahlenmodell zur Darstellung bzw. Vorhersage optischer Phänomene (Brechung, Reflexion, Absorption, Schatten);https://lp-rlp.org/resource/kompetenz-13612-1;https://lp-rlp.org/resource/lehrplan-195-1
Rheinland-Pfalz;Schulartübergreifend;Physik;Physik 7-9/10;Jahrgangsstufe 7 | Jahrgangsstufe 8 | Jahrgangsstufe 9 | Jahrgangsstufe 10;Sekundarbereich I;;;;lehrplan;kompetenz;Kompetenz (RP) | http://purl.obolibrary.org/obo/BFO_0000001 | http://purl.obolibrary.org/obo/BFO_0000002 | http://purl.obolibrary.org/obo/BFO_0000031 | http://purl.obolibrary.org/obo/IAO_0000030 | http://www.w3.org/2002/07/owl#NamedIndividual | Curriculares Element | CE-Kompetenzspezifikation | Element (RP);"Themenfeld 2
Optische Phänomene an Grenzflächen
Licht im Basiskonzept Wechselwirkung";Die SuS planen einfache Experimente zur Reflexion, Brechung und Absorption, führen sie durch und protokollieren die Ergebnisse;https://lp-rlp.org/resource/kompetenz-13611-1;https://lp-rlp.org/resource/lehrplan-195-1
Rheinland-Pfalz;Schulartübergreifend;Physik;Physik 7-9/10;Jahrgangsstufe 7 | Jahrgangsstufe 8 | Jahrgangsstufe 9 | Jahrgangsstufe 10;Sekundarbereich I;;;;lehrplan;kompetenz;Kompetenz (RP) | http://purl.obolibrary.org/obo/BFO_0000001 | http://purl.obolibrary.org/obo/BFO_0000002 | http://purl.obolibrary.org/obo/BFO_0000031 | http://purl.obolibrary.org/obo/IAO_0000030 | http://www.w3.org/2002/07/owl#NamedIndividual | Curriculares Element | CE-Kompetenzspezifikation | Element (RP);"Themenfeld 2
Optische Phänomene an Grenzflächen
Licht im Basiskonzept Wechselwirkung";Die SuS werten Diagramme zur Gewinnung von Informationen über den Strahlenverlauf aus;https://lp-rlp.org/resource/kompetenz-13614-1;https://lp-rlp.org/resource/lehrplan-195-1
Rheinland-Pfalz;Schulartübergreifend;Physik;Physik 7-9/10;Jahrgangsstufe 7 | Jahrgangsstufe 8 | Jahrgangsstufe 9 | Jahrgangsstufe 10;Sekundarbereich I;;;;lehrplan;themenbereich;Kompetenzbereich (RP) | http://purl.obolibrary.org/obo/BFO_0000001 | http://purl.obolibrary.org/obo/BFO_0000002 | http://purl.obolibrary.org/obo/BFO_0000031 | http://purl.obolibrary.org/obo/IAO_0000030 | http://www.w3.org/2002/07/owl#NamedIndividual | Curriculares Element | Element (RP) | CE-Bereich;Physik 7-9/10;"Themenfeld 2
Optische Phänomene an Grenzflächen
Licht im Basiskonzept Wechselwirkung";https://lp-rlp.org/resource/kompetenzbereich-3309-1;https://lp-rlp.org/resource/lehrplan-195-1
Rheinland-Pfalz;Schulartübergreifend;Physik;Physik 7-9/10;Jahrgangsstufe 7 | Jahrgangsstufe 8 | Jahrgangsstufe 9 | Jahrgangsstufe 10;Sekundarbereich I;;;;lehrplan;themenbereich;Kompetenzbereich (RP) | http://purl.obolibrary.org/obo/BFO_0000001 | http://purl.obolibrary.org/obo/BFO_0000002 | http://purl.obolibrary.org/obo/BFO_0000031 | http://purl.obolibrary.org/obo/IAO_0000030 | http://www.w3.org/2002/07/owl#NamedIndividual | Curriculares Element | Element (RP) | CE-Bereich;Physik 7-9/10;"Themenfeld 5
Atombau und ionisierende Strahlung
Radioaktivität im Basiskonzept Materie";https://lp-rlp.org/resource/kompetenzbereich-3312-1;https://lp-rlp.org/resource/lehrplan-195-1
Rheinland-Pfalz;Grundschule;Sachunterricht;Sachunterricht 1-4;Jahrgangsstufe 1 | Jahrgangsstufe 2 | Jahrgangsstufe 3 | Jahrgangsstufe 4;Primarbereich;;;;lehrplan;kompetenz;Kompetenz (RP) | http://purl.obolibrary.org/obo/BFO_0000001 | http://purl.obolibrary.org/obo/BFO_0000002 | http://purl.obolibrary.org/obo/BFO_0000031 | http://purl.obolibrary.org/obo/IAO_0000030 | http://www.w3.org/2002/07/owl#NamedIndividual | Curriculares Element | CE-Kompetenzspezifikation | Element (RP);"„Natürliche Phänomene und Gegebenheiten“ – Perspektive Natur
Belebte und unbelebte Natur unterscheiden";"Eigenschaften von Stoffen und ihre Veränderung beobachten; Verfahren exemplarisch nutzen
(z.B. Verbrennung, Farben, Filtration, Kristallisation ...)";https://lp-rlp.org/resource/kompetenz-15097-1;https://lp-rlp.org/resource/lehrplan-222-1
Rheinland-Pfalz;Grundschule;Sachunterricht;Sachunterricht 1-4;Jahrgangsstufe 1 | Jahrgangsstufe 2 | Jahrgangsstufe 3 | Jahrgangsstufe 4;Primarbereich;;;;lehrplan;kompetenz;Kompetenz (RP) | http://purl.obolibrary.org/obo/BFO_0000001 | http://purl.obolibrary.org/obo/BFO_0000002 | http://purl.obolibrary.org/obo/BFO_0000031 | http://purl.obolibrary.org/obo/IAO_0000030 | http://www.w3.org/2002/07/owl#NamedIndividual | Curriculares Element | CE-Kompetenzspezifikation | Element (RP);"„Natürliche Phänomene und Gegebenheiten“ – Perspektive Natur
Ausgewählte Naturphänomene mit Hilfe von fachlich gesichertem Wissen und Modellvorstellungen erklären können";"Einige Gesetzmäßigkeiten erforschen und anwenden; Experimente planen, durchführen und auswerten
(z.B. Hebelgesetz/Wippe/Waage; Spiegelung; Ausdehnung bei Wärme/Auftrieb/Thermometer; Aggregatzustände des Wassers; Elektrizität/einfacher Stromkreis; chemische Veränderungen, Kerzenflamme ...)";https://lp-rlp.org/resource/kompetenz-15094-1;https://lp-rlp.org/resource/lehrplan-222-1
Rheinland-Pfalz;Grundschule;Sachunterricht;Sachunterricht 1-4;Jahrgangsstufe 1 | Jahrgangsstufe 2 | Jahrgangsstufe 3 | Jahrgangsstufe 4;Primarbereich;;;;lehrplan;kompetenz;Kompetenz (RP) | http://purl.obolibrary.org/obo/BFO_0000001 | http://purl.obolibrary.org/obo/BFO_0000002 | http://purl.obolibrary.org/obo/BFO_0000031 | http://purl.obolibrary.org/obo/IAO_0000030 | http://www.w3.org/2002/07/owl#NamedIndividual | Curriculares Element | CE-Kompetenzspezifikation | Element (RP);"„Natürliche Phänomene und Gegebenheiten“ – Perspektive Natur
Naturphänomene sachorientiert wahrnehmen, beobachten, benennen und beschreiben";"Erlebte bzw. arrangierte Phänomene gezielt beobachten und beschreiben
(z.B. Wetter, eigener Körper, Licht und Schatten, Veränderung der Jahreszeiten, Steine, Aquarium,Wärme ...)";https://lp-rlp.org/resource/kompetenz-15090-1;https://lp-rlp.org/resource/lehrplan-222-1
Rheinland-Pfalz;Grundschule;Sachunterricht;Sachunterricht 1-4;Jahrgangsstufe 1 | Jahrgangsstufe 2 | Jahrgangsstufe 3 | Jahrgangsstufe 4;Primarbereich;;;;lehrplan;kompetenz;Kompetenz (RP) | http://purl.obolibrary.org/obo/BFO_0000001 | http://purl.obolibrary.org/obo/BFO_0000002 | http://purl.obolibrary.org/obo/BFO_0000031 | http://purl.obolibrary.org/obo/IAO_0000030 | http://www.w3.org/2002/07/owl#NamedIndividual | Curriculares Element | CE-Kompetenzspezifikation | Element (RP);"„Bebaute und gestaltete Umwelt"" - Perspektive Technik
Ausgewählte technische Anwendungen erkunden, erklären und ihre Auswirkungen auf die Lebensgestaltung reflektieren können";Gebautes und Gestaltetes im zeitlichen Kontext sehen und reflektieren;https://lp-rlp.org/resource/kompetenz-15146-1;https://lp-rlp.org/resource/lehrplan-222-1
Rheinland-Pfalz;Grundschule;Sachunterricht;Sachunterricht 1-4;Jahrgangsstufe 1 | Jahrgangsstufe 2 | Jahrgangsstufe 3 | Jahrgangsstufe 4;Primarbereich;;;;lehrplan;kompetenz;Kompetenz (RP) | http://purl.obolibrary.org/obo/BFO_0000001 | http://purl.obolibrary.org/obo/BFO_0000002 | http://purl.obolibrary.org/obo/BFO_0000031 | http://purl.obolibrary.org/obo/IAO_0000030 | http://www.w3.org/2002/07/owl#NamedIndividual | Curriculares Element | CE-Kompetenzspezifikation | Element (RP);"„Bebaute und gestaltete Umwelt"" - Perspektive Technik
Erwünschte und unerwünschte Technikfolgen an Hand ausgewählter Beispiele darstellen und bewerten";Konsequenzen technischer Entwicklungen sehen und bewerten (z.B. Handy);https://lp-rlp.org/resource/kompetenz-15148-1;https://lp-rlp.org/resource/lehrplan-222-1
Rheinland-Pfalz;Grundschule;Sachunterricht;Sachunterricht 1-4;Jahrgangsstufe 1 | Jahrgangsstufe 2 | Jahrgangsstufe 3 | Jahrgangsstufe 4;Primarbereich;;;;lehrplan;kompetenz;Kompetenz (RP) | http://purl.obolibrary.org/obo/BFO_0000001 | http://purl.obolibrary.org/obo/BFO_0000002 | http://purl.obolibrary.org/obo/BFO_0000031 | http://purl.obolibrary.org/obo/IAO_0000030 | http://www.w3.org/2002/07/owl#NamedIndividual | Curriculares Element | CE-Kompetenzspezifikation | Element (RP);"„Bebaute und gestaltete Umwelt"" - Perspektive Technik
Ausgewählte technische Anwendungen erkunden, erklären und ihre Auswirkungen auf die Lebensgestaltung reflektieren können";Ästhetische und kulturelle Zusammenhänge sehen(z.B. Einzigartigkeit, Originalität und Individualität von „Handarbeit“ und von „Massenware“ unterscheiden und bewerten);https://lp-rlp.org/resource/kompetenz-15145-1;https://lp-rlp.org/resource/lehrplan-222-1
Sachsen;https://w3id.org/lehrplan/ontology/sn/schulart/5-1;Physik;Schule mit dem Förderschwerpunkt Lernen Physik;Jahrgangsstufe 6 | Jahrgangsstufe 7 | Jahrgangsstufe 8 | Jahrgangsstufe 9;Sekundarbereich I;;;;lehrplan;kompetenz+inhalt;http://purl.obolibrary.org/obo/BFO_0000001 | http://purl.obolibrary.org/obo/BFO_0000002 | http://purl.obolibrary.org/obo/BFO_0000031 | http://purl.obolibrary.org/obo/IAO_0000030 | http://www.w3.org/2002/07/owl#NamedIndividual | Curriculares Element | CE-Lerninhalt | Element (SN) | Lernziel und Lerninhalt (SN);Inhalte;Anwenden der Kenntnisse zur Optik beim Bau einer Lochkamera;https://lp-sachsen.org/resource/lernziel-lerninhalt-48957-1;https://lp-sachsen.org/resource/lehrplan-164-1
Sachsen;https://w3id.org/lehrplan/ontology/sn/schulart/5-1;Physik;Schule mit dem Förderschwerpunkt Lernen Physik;Jahrgangsstufe 6 | Jahrgangsstufe 7 | Jahrgangsstufe 8 | Jahrgangsstufe 9;Sekundarbereich I;;;;lehrplan;kompetenz+inhalt;http://purl.obolibrary.org/obo/BFO_0000001 | http://purl.obolibrary.org/obo/BFO_0000002 | http://purl.obolibrary.org/obo/BFO_0000031 | http://purl.obolibrary.org/obo/IAO_0000030 | http://www.w3.org/2002/07/owl#NamedIndividual | Curriculares Element | CE-Lerninhalt | Element (SN) | Lernziel und Lerninhalt (SN);Reflexion;Bildentstehung an Spiegeln und deren Anwendung;https://lp-sachsen.org/resource/lernziel-lerninhalt-48910-1;https://lp-sachsen.org/resource/lehrplan-164-1
Sachsen;https://w3id.org/lehrplan/ontology/sn/schulart/5-1;Physik;Schule mit dem Förderschwerpunkt Lernen Physik;Jahrgangsstufe 6 | Jahrgangsstufe 7 | Jahrgangsstufe 8 | Jahrgangsstufe 9;Sekundarbereich I;;;;lehrplan;kompetenz+inhalt;http://purl.obolibrary.org/obo/BFO_0000001 | http://purl.obolibrary.org/obo/BFO_0000002 | http://purl.obolibrary.org/obo/BFO_0000031 | http://purl.obolibrary.org/obo/IAO_0000030 | http://www.w3.org/2002/07/owl#NamedIndividual | Curriculares Element | CE-Lerninhalt | Element (SN) | Lernziel und Lerninhalt (SN);Brechung;Bildentstehung an optischen Linsen mit SE;https://lp-sachsen.org/resource/lernziel-lerninhalt-48913-1;https://lp-sachsen.org/resource/lehrplan-164-1
Sachsen;https://w3id.org/lehrplan/ontology/sn/schulart/5-1;Physik;Schule mit dem Förderschwerpunkt Lernen Physik;Jahrgangsstufe 6 | Jahrgangsstufe 7 | Jahrgangsstufe 8 | Jahrgangsstufe 9;Sekundarbereich I;;;;lehrplan;kompetenz+inhalt;http://purl.obolibrary.org/obo/BFO_0000001 | http://purl.obolibrary.org/obo/BFO_0000002 | http://purl.obolibrary.org/obo/BFO_0000031 | http://purl.obolibrary.org/obo/IAO_0000030 | http://www.w3.org/2002/07/owl#NamedIndividual | Curriculares Element | CE-Lerninhalt | Element (SN) | Lernziel und Lerninhalt (SN);Kennen von Lichteigenschaften;Brechung;https://lp-sachsen.org/resource/lernziel-lerninhalt-48911-1;https://lp-sachsen.org/resource/lehrplan-164-1
Sachsen;https://w3id.org/lehrplan/ontology/sn/schulart/5-1;Physik;Schule mit dem Förderschwerpunkt Lernen Physik;Jahrgangsstufe 6 | Jahrgangsstufe 7 | Jahrgangsstufe 8 | Jahrgangsstufe 9;Sekundarbereich I;;;;lehrplan;kompetenz+inhalt;http://purl.obolibrary.org/obo/BFO_0000001 | http://purl.obolibrary.org/obo/BFO_0000002 | http://purl.obolibrary.org/obo/BFO_0000031 | http://purl.obolibrary.org/obo/IAO_0000030 | http://www.w3.org/2002/07/owl#NamedIndividual | Curriculares Element | CE-Lerninhalt | Element (SN) | Lernziel und Lerninhalt (SN);Kennen der Energie als Eigenschaft von Körpern;Energiearten: mechanische Energie, Wärmeenergie, elektrische Energie, chemische Energie, Lichtenergie, Kernenergie;https://lp-sachsen.org/resource/lernziel-lerninhalt-48995-1;https://lp-sachsen.org/resource/lehrplan-164-1
Sachsen;https://w3id.org/lehrplan/ontology/sn/schulart/5-1;Physik;Schule mit dem Förderschwerpunkt Lernen Physik;Jahrgangsstufe 6 | Jahrgangsstufe 7 | Jahrgangsstufe 8 | Jahrgangsstufe 9;Sekundarbereich I;;;;lehrplan;kompetenz+inhalt;http://purl.obolibrary.org/obo/BFO_0000001 | http://purl.obolibrary.org/obo/BFO_0000002 | http://purl.obolibrary.org/obo/BFO_0000031 | http://purl.obolibrary.org/obo/IAO_0000030 | http://www.w3.org/2002/07/owl#NamedIndividual | Curriculares Element | CE-Lerninhalt | Element (SN) | Lernziel und Lerninhalt (SN);Inhalte;Kennen von Lichteigenschaften;https://lp-sachsen.org/resource/lernziel-lerninhalt-48898-1;https://lp-sachsen.org/resource/lehrplan-164-1
Sachsen;https://w3id.org/lehrplan/ontology/sn/schulart/5-1;Physik;Schule mit dem Förderschwerpunkt Lernen Physik;Jahrgangsstufe 6 | Jahrgangsstufe 7 | Jahrgangsstufe 8 | Jahrgangsstufe 9;Sekundarbereich I;;;;lehrplan;themenbereich;http://purl.obolibrary.org/obo/BFO_0000001 | http://purl.obolibrary.org/obo/BFO_0000002 | http://purl.obolibrary.org/obo/BFO_0000031 | http://purl.obolibrary.org/obo/IAO_0000030 | http://www.w3.org/2002/07/owl#NamedIndividual | Curriculares Element | CE-Bereich | Element (SN) | Lernbereich (SN);Klassenstufe 6;Lernbereich 2: Lebensgrundlagen Licht und Wärme (10 Ustd.);https://lp-sachsen.org/resource/lernbereich-48763-1;https://lp-sachsen.org/resource/lehrplan-164-1
Sachsen;https://w3id.org/lehrplan/ontology/sn/schulart/5-1;Physik;Schule mit dem Förderschwerpunkt Lernen Physik;Jahrgangsstufe 6 | Jahrgangsstufe 7 | Jahrgangsstufe 8 | Jahrgangsstufe 9;Sekundarbereich I;;;;lehrplan;kompetenz+inhalt;http://purl.obolibrary.org/obo/BFO_0000001 | http://purl.obolibrary.org/obo/BFO_0000002 | http://purl.obolibrary.org/obo/BFO_0000031 | http://purl.obolibrary.org/obo/IAO_0000030 | http://www.w3.org/2002/07/owl#NamedIndividual | Curriculares Element | CE-Lerninhalt | Element (SN) | Lernziel und Lerninhalt (SN);Kennen von Lichteigenschaften;Licht und Schatten;https://lp-sachsen.org/resource/lernziel-lerninhalt-48904-1;https://lp-sachsen.org/resource/lehrplan-164-1
Sachsen;https://w3id.org/lehrplan/ontology/sn/schulart/5-1;Physik;Schule mit dem Förderschwerpunkt Lernen Physik;Jahrgangsstufe 6 | Jahrgangsstufe 7 | Jahrgangsstufe 8 | Jahrgangsstufe 9;Sekundarbereich I;;;;lehrplan;kompetenz+inhalt;http://purl.obolibrary.org/obo/BFO_0000001 | http://purl.obolibrary.org/obo/BFO_0000002 | http://purl.obolibrary.org/obo/BFO_0000031 | http://purl.obolibrary.org/obo/IAO_0000030 | http://www.w3.org/2002/07/owl#NamedIndividual | Curriculares Element | CE-Lerninhalt | Element (SN) | Lernziel und Lerninhalt (SN);Kennen von Lichteigenschaften;Lichtausbreitung;https://lp-sachsen.org/resource/lernziel-lerninhalt-48901-1;https://lp-sachsen.org/resource/lehrplan-164-1
Sachsen;https://w3id.org/lehrplan/ontology/sn/schulart/5-1;Physik;Schule mit dem Förderschwerpunkt Lernen Physik;Jahrgangsstufe 6 | Jahrgangsstufe 7 | Jahrgangsstufe 8 | Jahrgangsstufe 9;Sekundarbereich I;;;;lehrplan;kompetenz+inhalt;http://purl.obolibrary.org/obo/BFO_0000001 | http://purl.obolibrary.org/obo/BFO_0000002 | http://purl.obolibrary.org/obo/BFO_0000031 | http://purl.obolibrary.org/obo/IAO_0000030 | http://www.w3.org/2002/07/owl#NamedIndividual | Curriculares Element | CE-Lerninhalt | Element (SN) | Lernziel und Lerninhalt (SN);Brechung;Lichtbrechung mit SE;https://lp-sachsen.org/resource/lernziel-lerninhalt-48912-1;https://lp-sachsen.org/resource/lehrplan-164-1
Sachsen;https://w3id.org/lehrplan/ontology/sn/schulart/5-1;Physik;Schule mit dem Förderschwerpunkt Lernen Physik;Jahrgangsstufe 6 | Jahrgangsstufe 7 | Jahrgangsstufe 8 | Jahrgangsstufe 9;Sekundarbereich I;;;;lehrplan;kompetenz+inhalt;http://purl.obolibrary.org/obo/BFO_0000001 | http://purl.obolibrary.org/obo/BFO_0000002 | http://purl.obolibrary.org/obo/BFO_0000031 | http://purl.obolibrary.org/obo/IAO_0000030 | http://www.w3.org/2002/07/owl#NamedIndividual | Curriculares Element | CE-Lerninhalt | Element (SN) | Lernziel und Lerninhalt (SN);Lichtausbreitung;Lichtdurchlässigkeit mit SE;https://lp-sachsen.org/resource/lernziel-lerninhalt-48903-1;https://lp-sachsen.org/resource/lehrplan-164-1
Sachsen;https://w3id.org/lehrplan/ontology/sn/schulart/5-1;Physik;Schule mit dem Förderschwerpunkt Lernen Physik;Jahrgangsstufe 6 | Jahrgangsstufe 7 | Jahrgangsstufe 8 | Jahrgangsstufe 9;Sekundarbereich I;;;;lehrplan;kompetenz+inhalt;http://purl.obolibrary.org/obo/BFO_0000001 | http://purl.obolibrary.org/obo/BFO_0000002 | http://purl.obolibrary.org/obo/BFO_0000031 | http://purl.obolibrary.org/obo/IAO_0000030 | http://www.w3.org/2002/07/owl#NamedIndividual | Curriculares Element | CE-Lerninhalt | Element (SN) | Lernziel und Lerninhalt (SN);Kennen der Wirkungen der elektrischen Energie;Lichtwirkung mit SE;https://lp-sachsen.org/resource/lernziel-lerninhalt-49040-1;https://lp-sachsen.org/resource/lehrplan-164-1
Sachsen;https://w3id.org/lehrplan/ontology/sn/schulart/5-1;Physik;Schule mit dem Förderschwerpunkt Lernen Physik;Jahrgangsstufe 6 | Jahrgangsstufe 7 | Jahrgangsstufe 8 | Jahrgangsstufe 9;Sekundarbereich I;;;;lehrplan;kompetenz+inhalt;http://purl.obolibrary.org/obo/BFO_0000001 | http://purl.obolibrary.org/obo/BFO_0000002 | http://purl.obolibrary.org/obo/BFO_0000031 | http://purl.obolibrary.org/obo/IAO_0000030 | http://www.w3.org/2002/07/owl#NamedIndividual | Curriculares Element | CE-Lerninhalt | Element (SN) | Lernziel und Lerninhalt (SN);Kennen von Lichteigenschaften;Reflexion;https://lp-sachsen.org/resource/lernziel-lerninhalt-48908-1;https://lp-sachsen.org/resource/lehrplan-164-1
Sachsen;https://w3id.org/lehrplan/ontology/sn/schulart/5-1;Physik;Schule mit dem Förderschwerpunkt Lernen Physik;Jahrgangsstufe 6 | Jahrgangsstufe 7 | Jahrgangsstufe 8 | Jahrgangsstufe 9;Sekundarbereich I;;;;lehrplan;kompetenz+inhalt;http://purl.obolibrary.org/obo/BFO_0000001 | http://purl.obolibrary.org/obo/BFO_0000002 | http://purl.obolibrary.org/obo/BFO_0000031 | http://purl.obolibrary.org/obo/IAO_0000030 | http://www.w3.org/2002/07/owl#NamedIndividual | Curriculares Element | CE-Lerninhalt | Element (SN) | Lernziel und Lerninhalt (SN);Reflexion;Reflexionsgesetz mit SE;https://lp-sachsen.org/resource/lernziel-lerninhalt-48909-1;https://lp-sachsen.org/resource/lehrplan-164-1
Sachsen;https://w3id.org/lehrplan/ontology/sn/schulart/5-1;Physik;Schule mit dem Förderschwerpunkt Lernen Physik;Jahrgangsstufe 6 | Jahrgangsstufe 7 | Jahrgangsstufe 8 | Jahrgangsstufe 9;Sekundarbereich I;;;;lehrplan;kompetenz+inhalt;http://purl.obolibrary.org/obo/BFO_0000001 | http://purl.obolibrary.org/obo/BFO_0000002 | http://purl.obolibrary.org/obo/BFO_0000031 | http://purl.obolibrary.org/obo/IAO_0000030 | http://www.w3.org/2002/07/owl#NamedIndividual | Curriculares Element | CE-Lerninhalt | Element (SN) | Lernziel und Lerninhalt (SN);Anwenden der Kenntnisse auf optische Geräte;Vergleich Auge – Kamera;https://lp-sachsen.org/resource/lernziel-lerninhalt-48915-1;https://lp-sachsen.org/resource/lehrplan-164-1
Sachsen;https://w3id.org/lehrplan/ontology/sn/schulart/5-1;Physik;Schule mit dem Förderschwerpunkt Lernen Physik;Jahrgangsstufe 6 | Jahrgangsstufe 7 | Jahrgangsstufe 8 | Jahrgangsstufe 9;Sekundarbereich I;;;;lehrplan;kompetenz+inhalt;http://purl.obolibrary.org/obo/BFO_0000001 | http://purl.obolibrary.org/obo/BFO_0000002 | http://purl.obolibrary.org/obo/BFO_0000031 | http://purl.obolibrary.org/obo/IAO_0000030 | http://www.w3.org/2002/07/owl#NamedIndividual | Curriculares Element | CE-Lerninhalt | Element (SN) | Lernziel und Lerninhalt (SN);Anwenden der Kenntnisse auf Wärmeübertragungen;Wärmestrahlung mit SE;https://lp-sachsen.org/resource/lernziel-lerninhalt-48791-1;https://lp-sachsen.org/resource/lehrplan-164-1
Sachsen;https://w3id.org/lehrplan/ontology/sn/schulart/5-1;Physik;Schule mit dem Förderschwerpunkt Lernen Physik;Jahrgangsstufe 6 | Jahrgangsstufe 7 | Jahrgangsstufe 8 | Jahrgangsstufe 9;Sekundarbereich I;;;;lehrplan;kompetenz+inhalt;http://purl.obolibrary.org/obo/BFO_0000001 | http://purl.obolibrary.org/obo/BFO_0000002 | http://purl.obolibrary.org/obo/BFO_0000031 | http://purl.obolibrary.org/obo/IAO_0000030 | http://www.w3.org/2002/07/owl#NamedIndividual | Curriculares Element | CE-Lerninhalt | Element (SN) | Lernziel und Lerninhalt (SN);Kennen von Lichteigenschaften;natürliche und künstliche Lichtquellen;https://lp-sachsen.org/resource/lernziel-lerninhalt-48900-1;https://lp-sachsen.org/resource/lehrplan-164-1
Sachsen;https://w3id.org/lehrplan/ontology/sn/schulart/7-1;Sachunterricht;Schule mit dem Förderschwerpunkt geistige Entwicklung Sachunterricht;;;;;;keine;kompetenz+inhalt;http://purl.obolibrary.org/obo/BFO_0000001 | http://purl.obolibrary.org/obo/BFO_0000002 | http://purl.obolibrary.org/obo/BFO_0000031 | http://purl.obolibrary.org/obo/IAO_0000030 | http://www.w3.org/2002/07/owl#NamedIndividual | Curriculares Element | CE-Lerninhalt | Element (SN) | Lernziel und Lerninhalt (SN);Inhalte;Lebensgrundlage Licht und Wärme;https://lp-sachsen.org/resource/lernziel-lerninhalt-49818-1;https://lp-sachsen.org/resource/lehrplan-169-1
Sachsen;https://w3id.org/lehrplan/ontology/sn/schulart/7-1;Sachunterricht;Schule mit dem Förderschwerpunkt geistige Entwicklung Sachunterricht;;;;;;keine;kompetenz+inhalt;http://purl.obolibrary.org/obo/BFO_0000001 | http://purl.obolibrary.org/obo/BFO_0000002 | http://purl.obolibrary.org/obo/BFO_0000031 | http://purl.obolibrary.org/obo/IAO_0000030 | http://www.w3.org/2002/07/owl#NamedIndividual | Curriculares Element | CE-Lerninhalt | Element (SN) | Lernziel und Lerninhalt (SN);Leben in unserer Gesellschaft;grundlegende Rechte und Pflichten und deren Bedeutung kennen;https://lp-sachsen.org/resource/lernziel-lerninhalt-50550-1;https://lp-sachsen.org/resource/lehrplan-169-1
